% Model:              vacuumTaperCoilV2inner.mph
% Version:            COMSOL 6.2.0.415
% Date:               Nov 7 2025, 13:40
% Dimension:          3
% Nodes:              5164
% Elements:           5164
% Expressions:        1
% Description:        Contour
% Coordinates
-0.06485755430369218      0.03431576200462538      0.004160790680155068
-0.06485741196255185      0.033619024510796694     0.004163394752003519
-0.06485650793106493      0.03141235297058413      0.004179933631343658
-0.06485636974392968      0.03073905073953607      0.004182461707399999
-0.0648554518531272       0.028508852200079825     0.004199254137143058
-0.06485531790314994      0.027859202018518773     0.004201704696159563
-0.06485482503234921      0.0363904232255679       0.004190916247397125
-0.06485444085048807      0.03708701517162862      0.004203174535032829
-0.06485438593422191      0.025605258410855463     0.004218754679343345
-0.06485425630634155      0.02497948008754295      0.004221126167397943
-0.06485331003615188      0.022701570296644984     0.004238437786203789
-0.06485318481713849      0.022099886718831056     0.004240728615874601
-0.06485222401812023      0.019797786526608678     0.00425830603354557
-0.06485210329662143      0.019220423717788728     0.0042605145830610265
-0.06485112773666878      0.016893905744752646     0.004278362045875496
-0.06485101160325762      0.01634109292378513      0.004280486658239172
-0.06485051606024403      0.03914026545918192      0.004254287293887476
-0.06485022706788385      0.03987645915773453      0.004259416752354627
-0.06485002104561502      0.01398992656933162      0.004298608497541725
-0.06484990959283929      0.013461896210955355     0.004300647479631041
-0.06484850897859969      0.04205632237039082      0.00428991191015262
-0.06484823430437339      0.04275023575235591      0.004294787229468727
-0.06484646787687498      0.044972761307877925     0.0043261403644886875
-0.06484620804733333      0.045623680533036906     0.004330752198661996
-0.06484439188271499      0.04788959206769628      0.004362988140725249
-0.0648441474451895       0.04849678506339654      0.004367326774916205
-0.06484279247496783      0.010919077646988925     0.004466613869731391
-0.06484228009368193      0.05080682478371153      0.00440047125664493
-0.06484205161725258      0.05136954061861565      0.004404526589991408
-0.06484202705028377      0.010738194861289007     0.004478871386424262
-0.06484013157594734      0.053724469942290194     0.004438606287199984
-0.0648399196524631       0.05424193817300349      0.004442367814702029
-0.06483794536291504      0.056642538397761004     0.0044774103889508666
-0.06483775060807086      0.057113968386915695     0.004480867182355258
-0.06483733275085994      0.009914297384548519     0.00457998691316865
-0.06483572045377126      0.059561041388697375     0.004516901325802478
-0.06483554350824497      0.05998562159298368      0.004520042013423081
-0.06483164821912625      0.06250029299343865      0.0045891820089015226
-0.06483130982294723      0.06283719896716806      0.004595188284218205
-0.06482710096128634      0.06544487947921325      0.004669894095356922
-0.06482694531320249      0.06568748008086496      0.004672656767461986
-0.06482346933033616      0.06837917931152258      0.0047343536458628365
-0.06482336116090372      0.06854549110027469      0.004736273596730487
-0.06481973570374194      0.07131462450150218      0.004800623565720101
-0.06481967774040696      0.07140251868897132      0.004801652384608898
-0.06481707593071474      0.008115051542382968     0.0047972018415053585
-0.06481589572342886      0.07425126398805021      0.004868781208478203
-0.06481589086973838      0.07425852141695405      0.004868867358946484
-0.0648155500848919       0.07451161082495304      0.0048749161117863475
-0.06481084142102289      0.007695402200472704     0.0048723721989779286
-0.06480972141778144      0.07711372389604997      0.004937125176499715
-0.06480946332503071      0.07719002237431949      0.004939879787172828
-0.06480315063085662      0.07996785382637907      0.005007254847877239
-0.06480259335905815      0.08013022117699395      0.005013202581161268
-0.06479638869610942      0.08282083792091331      0.005079424630145762
-0.06479551442341458      0.0830718398940698       0.00508875569771557
-0.06479000918676563      0.005458871766319056     0.005113132799446414
-0.06478942714953488      0.0856726254421673       0.005153724859195414
-0.06478801131088761      0.08601633373010459      0.005168835295105119
-0.06478048531146595      0.08851252060354325      0.005249164292081763
-0.06477861106857433      0.0889736706272114       0.005269166906176085
-0.06477727805328905      0.0045836308838264036    0.005260268018003104
-0.0647716068534793       0.09135279619139938      0.005343926370864482
-0.064769291762051        0.09193045701148583      0.005368633749373522
-0.06476423139749025      0.09420209927464501      0.0054226421108731875
-0.06476197217380666      0.09487370857577494      0.005446754399216672
-0.06475964551509175      0.0028226560005946786    0.005464049351859988
-0.06475704837704152      0.09705255905722339      0.005499305197177972
-0.0647544345447295       0.09781844162158419      0.005527202159681959
-0.06474965757351608      0.09990177328068119      0.005578185914917544
-0.06474666898479295      0.10076472334683867      0.005610082585245178
-0.06474204983879535      0.10274968710646903      0.005659381900317008
-0.06473866499665791      0.10371262507585752      0.0056955077121203825
-0.06473786149756096      0.001433797991600305     0.005715809824431705
-0.06473421547974016      0.10559624242890234      0.005742996606508963
-0.0647304114283296       0.10666222258102681      0.0057835965635434725
-0.06472614421698833      0.10844137762817316      0.005829139743278103
-0.06472477296953938      2.2464858046834004E-4    0.00586707549410534
-0.06472189642131566      0.10961359643504007      0.005874475703071596
-0.06471782513995743      0.11128502730061265      0.005917927757310671
-0.06471247837578736      0.11257002503161291      0.005974880302637908
-0.06470802073170057      0.11411897944571468      0.006022567312855692
-0.06470235482996137      0.11552999452599255      0.006082903440961098
-0.06469849275992115      0.11695461006446453      0.006124217543308608
-0.06469256693644562      0.11848766211097918      0.006187304577095005
-0.06469091436721214      -0.0017650040325531018   0.00625838337431944
-0.06468972115148525      0.11979520128646862      0.00621766225333073
-0.06468432580870344      0.12143706750154534      0.006275217575194609
-0.06468430667833001      -0.0023259572549144776   0.006334749217911718
-0.06468166978475619      0.12264045059393973      0.006303550958140813
-0.0646758453265093       0.12438809606457665      0.006365683909213862
-0.06467339117499699      0.1254843375436707       0.006391863799149861
-0.064667114908523        0.12734081955700022      0.006458816456584923
-0.06466487556388328      0.1283268036329709       0.0064827048741918115
-0.064658123340372        0.13029531402862674      0.006554734847672062
-0.06465611262625127      0.13116778696085776      0.006576184327913794
-0.06464972069383698      -0.004185691663974749    0.0067344635400291945
-0.06464885872659333      0.13325166014805373      0.006653565978434913
-0.06464709142833305      0.1340072219776716       0.0066724187973035975
-0.06463930843812998      0.13620994355871668      0.0067554445705156705
-0.06463780038224423      0.13684503921222113      0.006771531897197854
-0.06463322703325705      -0.004826248100972372    0.006870311312531281
-0.06462806065122373      0.13912855767918506      0.006870039006454239
-0.06462659275896841      0.13965276150325984      0.0068867136191232674
-0.06462551499267725      -0.005039173395691566    0.006933830476705597
-0.06461662216123483      0.1420356708371161       0.0069869411388531035
-0.0646154728018046       0.1424615555713027       0.006999963316452684
-0.06460530669313366      0.1449413823515976       0.007101526690398354
-0.06460457916186496      0.14527497721008098      0.007109188382853263
-0.06459595105352307      0.14789518752370912      0.0072000517112446195
-0.0645954678744784       0.14811373068265804      0.007205140110053367
-0.06458633037278355      0.15085070059003142      0.007301367902319881
-0.06458610557929306      0.15095097542731917      0.007303735221312222
-0.06457817063390509      0.15329479970029294      0.0073872987928376805
-0.06457583296667027      0.15378672549990316      0.007404835185927135
-0.06457569575312087      0.15380823351870565      0.007405864515809217
-0.06456213644816948      0.1566212198090604       0.007507581859537988
-0.06456179159716058      -0.007286030596708833    0.007458679481282484
-0.06456118127665428      0.15676880922683467      0.007514747234878323
-0.06454804941971216      0.1594540312422787       0.007613258007455926
-0.06454622794391468      0.15973141246026756      0.0076269221060545145
-0.06453355493865891      0.1622850867864129       0.0077219907276613415
-0.064530723263838        0.16269656293011028      0.0077432329994531895
-0.06451804455634334      0.16511176437356517      0.007838344397337882
-0.06451523598574171      -0.008446509284683582    0.007842128387489475
-0.06451435301655538      0.16566571233883212      0.007866037086811727
-0.06450296320553274      0.16794029084263373      0.007951479617011207
-0.06449850553403451      0.1686324465632493       0.007984919568811194
-0.06448833040731526      0.1707707503184123       0.008061249946046095
-0.06448320132492595      0.17159667085296057      0.008099726596455236
-0.06447682000328514      -0.009663625321786525    0.008158536356473326
-0.06447484141484675      0.17360613894680665      0.008162439829184756
-0.06446955630541992      0.17455322965146164      0.0082020869419342
-0.06446159754719138      0.17644258392381185      0.008261790868447236
-0.06445555780646897      0.17751142153250732      0.008307098971281108
-0.06444802342513287      0.1792776056920627       0.008363619365128246
-0.06444119191229616      0.18047131078728257      0.00841486707597246
-0.06443410653967185      0.1821111503448823       0.008468019157532466
-0.06442644396696343      0.18343296512653284      0.008525501199925047
-0.06441983374199542      0.18494316121836124      0.00857508888363029
-0.064411298524498        0.18639645591098009      0.008639117213629232
-0.06440519120204066      0.18777357871278944      0.008684932291900732
-0.06439612946732642      0.18936005579587148      0.008752910376913885
-0.06439081251594132      0.19060513326735481      0.00879279635732105
-0.06438122820385589      0.19232241846817533      0.008864694641952291
-0.0643801496149105       -0.011751503423867412    0.00895482289202274
-0.0643766331369628       0.19343754672232066      0.00889916528777784
-0.06436701969189129      -0.011969473769877231    0.009038624095722057
-0.06436657752645153      0.19528362342753006      0.00897459909463168
-0.06436266103399112      0.1962708534190561       0.009003979303369164
-0.06435721179660182      -0.012119050469857073    0.009101231222774023
-0.06435218651755804      0.1982436287128484       0.009082555601507796
-0.0643487277916824       0.19910432758315977      0.009108501799341494
-0.06433740464533462      0.20120543979505429      0.009193444233579444
-0.06433443236308345      0.2019362409302266       0.009215741295005873
-0.06432225346949667      0.20416895706780444      0.009307103257115326
-0.0643197926848245       0.2047666707569372       0.009325563235797071
-0.0643067189752021       0.2071342452799673       0.009423637806745752
-0.06430479617049195      0.20759556282300348      0.009438062040755214
-0.064290786429384        0.21010137249862465      0.009543158404981586
-0.06428942961252491      0.21042286021134518      0.00955333678855854
-0.06427444033414462      0.21307041032439344      0.009665781311837391
-0.06427367914341899      0.2132485031609013       0.0096714915085591
-0.0642589274914139       0.21603559850587117      0.009782153438720272
-0.0642587585210747       0.21607772227829844      0.009783420997355012
-0.06425412854803048      0.21698987084084181      0.009818153497382267
-0.0642430478299863       -0.01433795605412224     0.009829912790396519
-0.06424153277873719      0.21890898192507985      0.009891320079533323
-0.0642408150807778       0.2189992279883056       0.009895489059250471
-0.064223596192329        0.22174225553588395      0.009995510517797332
-0.0642219177300789       0.2219607929539951       0.010005260406291551
-0.06420625633834448      0.22457753343496087      0.01009623464361307
-0.06420372259048152      0.22491982936574176      0.010110952734016937
-0.0641889459076009       0.22741291016000137      0.010196787855058672
-0.06418547504139771      0.22787905449597104      0.010216949499121573
-0.06417129298270284      0.23024713652519868      0.010299330554093676
-0.06416683464810985      0.23083969419762893      0.01032522822629282
-0.06415752940078873      -0.01583560564916643     0.010375841223424366
-0.06415327570312089      0.23308013910601422      0.010403989724643277
-0.06414778858649609      0.23380179464840192      0.010435863408572521
-0.06413488267085941      0.2359118796191773       0.010510831575635333
-0.06412832346811463      0.236765404058005        0.01054893281703595
-0.06412147866733847      -0.016717741988537305    0.010605953779602167
-0.06411610200749986      0.23874231816778602      0.010619925106689207
-0.06410799948978158      0.23973210608991552      0.010666991190106511
-0.06409556224611364      0.24156684830685315      0.010739236925112628
-0.06408661985109615      0.24270260939204347      0.010791181706287737
-0.06407570909814486      0.244393684623976        0.01085456032839106
-0.0640660651072677       0.2456701423749345       0.010910580555051674
-0.0640565632984829       0.24722289676292464      0.010965774871242123
-0.06404635452648086      0.24863463565682575      0.011025075810943016
-0.06403814642539814      0.2500545572001933       0.011072755209333764
-0.06403436224081319      -0.018576826547065134    0.01116212225648681
-0.06402750798172671      0.2515960176781392       0.011134552035293208
-0.0640206646061865       0.2528893582704127       0.01117430398588819
-0.06400960544323205      0.25455400047841437      0.011238544695287182
-0.06400335326293442      0.255724731930545        0.01127486249793315
-0.06400190020037702      -0.019134696753153855    0.011330928517234972
-0.06399136044370445      0.2575132164280846       0.011344526650473584
-0.06398572297022327      0.25855903431210236      0.011377273730622419
-0.06398299983273392      -0.01942097418819208     0.01142922581344985
-0.0639727630617473       0.26047370125257013      0.011452555532479525
-0.06396776483146335      0.2613922355334666       0.011481589362662014
-0.0639538029889849       0.2634354920707429       0.011562691220824999
-0.06394946961608472      0.26422430459125607      0.011587863012790123
-0.06393602432448856      0.26642927483472645      0.011670999047967149
-0.0639326424669096       0.26703173643333605      0.01168937047107741
-0.06391809636501587      0.26943545209339637      0.011779849213914445
-0.06391585413838473      0.2698385007569518       0.011792089339947917
-0.06390021728806985      0.2724423798545619       0.011889935914901669
-0.06389910260237802      0.27264458004451103      0.011896050741517084
-0.0638881307857829       -0.02164876798903554     0.011922568252247894
-0.06388239576470242      0.27544828717305236      0.012001223390660985
-0.06388238211114912      0.2754499563611666       0.012001285910261466
-0.0638823810230552       0.2754500785501903       0.012001291381728438
-0.0638595753385956       0.278254951059258        0.012106169571538147
-0.06385775671852915      0.27846015303590166      0.01211535844222611
-0.06384104763762502      0.2810930972991346       0.012196358663216712
-0.0638386009156243       0.2814132116299026       0.012208219580277306
-0.0638261006400817       -0.022866410568352258    0.012245195535158519
-0.06382248591862286      0.2839332605682763       0.012286339874617143
-0.06381914367336285      0.28436720715785146      0.012302541998852399
-0.06380364316492007      0.28677261600940757      0.0123776834513677
-0.06379937782005678      0.2873221619107927       0.012398360463975995
-0.06378451294529917      0.28961114513613606      0.01247042056993115
-0.06377930246121734      0.2902673856632273       0.012494418757155396
-0.06376735925270666      -0.02411306439974356     0.012550700662499026
-0.06376615545571487      0.2924784299049226       0.012562132105598095
-0.06376058945583277      0.2931767204997237       0.012587655616051888
-0.06374765853358937      0.2953456357299018       0.012653943263484456
-0.0637417331176286       0.2960861416159199       0.012680996554432208
-0.06372902118344301      0.2982127608089065       0.012745856988124065
-0.06372273241104216      0.29899565097891423      0.012774444629233671
-0.06371024237926355      0.3010798032844952       0.012837876314363634
-0.06370358626878991      0.30190525061606077      0.012868002991032405
-0.06369132106332623      0.3039467612418151       0.012930004370852007
-0.06368429359064338      0.3048149426172934       0.012961674887656373
-0.06367173870809735      0.30679539838518916      0.01302103282844038
-0.06366431863030916      0.30776738852405433      0.013056114043764298
-0.06365238861691876      0.3096356704975633       0.013112517680021694
-0.06364404495915954      0.3107207156464922       0.013151965467874633
-0.06363609067853195      -0.026353020932870674    0.01323340878808371
-0.06363275958766608      0.3124751750450797       0.013205321316515861
-0.06362914065979768      -0.02649099569537636     0.013269554790984127
-0.06362346582621625      0.31367494390041684      0.013249261077782185
-0.06361284554507152      0.3153138953101854       0.01329947246104186
-0.06361216927856826      -0.02676121380360973     0.01335782039408494
-0.06360225906127798      0.31663102370816826      0.013349524054581239
-0.06359208530184805      0.318150287051774        0.013397624338082708
-0.06358113825815423      0.3195868499231648       0.013449380614491996
-0.06357234550760173      0.3209894868029057       0.013490951657845869
-0.06356119127809848      0.322539213286346        0.013543687483284203
-0.06355365007291075      0.32383156035925775      0.013579341374057884
-0.06354243695222658      0.3254880582447365       0.013632355629757585
-0.0635360236612458       0.32667657558827146      0.013662676880862232
-0.06352489451661886      0.3284333280506907       0.013715294108090016
-0.06351949171883889      0.32952460251134325      0.01374083787160316
-0.06350858362326484      0.3313749647296046       0.013792410006091736
-0.0635030181457977       0.33237279005169196      0.01381872289916082
-0.06348992133597424      0.33432353816839644      0.013880643005470882
-0.06348490899374307      0.3352164769050089       0.013904340743164347
-0.06347101451196815      0.3372728330058662       0.013970032144369931
-0.06346657007942902      0.3380595315124895       0.013991044874876127
-0.06345747639190236      -0.02883256919427198     0.014035388419717257
-0.06345185831320897      0.3402228635145286       0.014060600296435502
-0.06344799700223026      0.3409019417647602       0.014078856099911396
-0.06343349720122829      0.34317054846722983      0.014147409375985388
-0.06343039332128082      0.34374701954277687      0.014162084138688049
-0.06341547975632647      0.346117219580452        0.014232593639847782
-0.06341297023809155      0.34659259427874567      0.01424445833346311
-0.06339767274022806      0.34906326991548037      0.014316783022204379
-0.06339573091414126      0.349438674672232        0.014325963737153379
-0.06338007946831342      0.35200868969173466      0.014399961848344526
-0.0633786785851335       0.3522852696270488       0.01440658505175034
-0.06336270332597727      0.3549534689220875       0.014482114112538304
-0.06336181656318773      0.35513238825728494      0.014486306617960609
-0.06335040978883522      -0.030013084384173834    0.014504349264749883
-0.06334554777048673      0.357897597407384        0.014563223469252047
-0.063345177984064        0.35798012174391336      0.014564971773985524
-0.06333089593051693      0.3606296476224463       0.014632495566869462
-0.06332960354002137      0.36083132780746624      0.014637636496597224
-0.06332955587230558      0.36083768791844545      0.014637826111406415
-0.06331123445725698      0.3636820364531444       0.014710705869964757
-0.06331050543462095      0.3637788040756084       0.014713605809382956
-0.06329267676804722      0.36653230554405297      0.014784525490633636
-0.06329114722654602      0.36672068919903145      0.014790609770423957
-0.0632723449050269       0.36937843985282787      0.014865402500625891
-0.06327007702058336      0.3696668517599692       0.01487442379457311
-0.06326217877386936      -0.031109189217482545    0.014890808628838667
-0.06325264075115525      0.3722260370625641       0.01494378258060065
-0.06324971112856788      0.37261125458807         0.014955436166651065
-0.06323357394431098      0.3750751196347186       0.015019627392565228
-0.06323005768965935      0.37555387734759194      0.015033614510337514
-0.0632151543206952       0.3779257104929467       0.015092897809631294
-0.06321112496891242      0.3784946993882439       0.0151089259485221
-0.06319739191995886      0.3807778330350512       0.015163553895618232
-0.06319292135972003      0.3814336997390806       0.01518133709358423
-0.06318029699049044      0.38363151114530625      0.015231554884020329
-0.06317545538631435      0.3843708571022545       0.015250814037445545
-0.06316306253844794      0.38648486409269234      0.015300110871666859
-0.06315740999611165      0.3873094621419482       0.015322595811810218
-0.06314546551502448      0.3893373720531559       0.015370109112252704
-0.06313919012083871      0.39024850313368986      0.015395071660827861
-0.06312770313840861      0.3921894946514741       0.015440765102292229
-0.06311770687238268      0.39319569768390084      0.015480528704203998
-0.06310199802560479      0.39502310638942056      0.01554301606980123
-0.06309173461515859      0.3961541080508166       0.015583842330945341
-0.06308553171041269      -0.033044404209310645    0.01565496789101934
-0.06307853781356156      0.39786194995724833      0.015636337168903076
-0.06306832726712343      0.3991061099759552       0.01567695314519004
-0.06305736683736646      0.40070612867962996      0.015720552041468737
-0.06304750274213736      0.40205165870142423      0.015759789888370013
-0.0630417914439705       -0.033463340421706116    0.015820524507979685
-0.0630385306072892       0.40355574862004634      0.015795479654676252
-0.0630292791212686       0.4049907090515604       0.015832280636789126
-0.06302207584797935      0.4064109186721384       0.015860934145088382
-0.06301367465474902      0.40792321542804477      0.01589435279384466
-0.0630129112832134       -0.033711041332926336    0.015927570156157526
-0.06300805053924334      0.40927175065474025      0.01591672465644759
-0.063000707763957        0.4108491318049474       0.01594593308213937
-0.06299340036436975      0.41213112636213045      0.015975000788765435
-0.06298235428328247      0.41378850661062705      0.016018940392803604
-0.06297551448563615      0.4149829611338858       0.016046148051149275
-0.06296382836740941      0.4167283122467373       0.01609263362404788
-0.06295746517147348      0.41783441501291896      0.0161179454344205
-0.06294397225628223      0.4197013753718549       0.016174535638704815
-0.06293729714857395      0.4206542797483519       0.016199688188087674
-0.06292320404636206      0.4226931303873722       0.01625915754314946
-0.06291796931807982      0.42347565201752724      0.016278903467380087
-0.06290340787465028      0.425682890696939        0.016340739465201985
-0.06289948370819466      0.4262985528940859       0.016355553484370466
-0.0628845828256121       0.42867063707209146      0.01641924949968761
-0.06288184238510165      0.42912300384628926      0.016429599743523572
-0.06286672797190755      0.4316563500364254       0.016494655330032505
-0.06286504745385688      0.43194902674629865      0.01650100302505516
-0.0628498423742004       0.4346400098615878       0.01656692422161134
-0.06284910105930776      0.4347766438797203       0.01656972336781906
-0.06283556035969266      0.43731504033974333      0.016628878935008317
-0.06283351550331708      0.437605867241244        0.01663565480602671
-0.06283340411924913      0.43762167863007767      0.01663606788155993
-0.06281511163907806      0.44046043461427375      0.016700357176148362
-0.06281438724070296      0.4405586088035796       0.016702903089009822
-0.0627966331840004       -0.03582222629895139     0.016739214821401796
-0.06279655451593162      0.4433148304211892       0.01676557656387031
-0.06279487811521674      0.44349379069733197      0.016771213257785304
-0.0627742650082555       0.4461859106949216       0.016847128733100576
-0.06277226743975226      0.446396828659804        0.016853825693741307
-0.06275164720515336      0.4490565025724765       0.016929465634529944
-0.06274931167800044      0.4493004124837424       0.016937272782371705
-0.06272869586147581      0.45192659969561727      0.01701259729441657
-0.06272600500660765      0.45220454981949365      0.017021566028553217
-0.06270540564063078      0.45479619559525913      0.017096533913814337
-0.06270234149288909      0.45510924846103645      0.017106717153162195
-0.06268177111258172      0.4576652836890429       0.017181285872398703
-0.06267831509225075      0.45801451634936846      0.017192738098167678
-0.06265778675179358      0.46053385727884466      0.01726686373239352
-0.06265391964553836      0.4609203615759896       0.017279641031869217
-0.06263344693512399      0.4634019095482198       0.017353278242601834
-0.0626291488763103       0.463826792386484        0.017367438354284337
-0.06261245784245914      0.4662570686366211       0.01742463758653981
-0.06261110038968445      -0.03743203790894172     0.017420896785639982
-0.06260846205115404      0.4667651358580782       0.017438330938128636
-0.06259229235469103      0.46910982935377155      0.017493743576538857
-0.06258828220950824      0.46970238077965837      0.017507486118057563
-0.06257529773196703      0.47196899891603         0.01755198319075041
-0.06257096373611173      0.472633425586115        0.017566835550270634
-0.06255893114401585      0.47482943784091514      0.017608070565193364
-0.06255432711209095      0.47556299293694293      0.017623848323104124
-0.06254320088860321      0.4776911628995904       0.017661977263892067
-0.06253859094941042      -0.038156603954557076    0.017690722118871266
-0.06253837920676805      0.4784910679474487       0.017678500895777924
-0.06252811541031802      0.4805541911599728       0.017713674347716472
-0.06252312698204998      0.4814176355323234       0.017730769410229566
-0.06251368330383403      0.4834185399933262       0.017763132363204037
-0.0625085774939933       0.48434268040225104      0.017780629685750733
-0.062499913317259057     0.4862842270810299       0.017810321331082214
-0.06249473789440131      0.4872661870604484       0.017828057213514648
-0.06248681435557436      0.48915127042153084      0.01785521073448226
-0.062481615432453584     0.4901881397991336       0.017873027150991587
-0.062467949267346806     0.49200665946222005      0.01791986032854995
-0.06245826091963383      0.4931322637118267       0.01795306175010046
-0.06244526121561146      0.4948543216584571       0.017997611003086094
-0.06243621523212878      0.4960929354856084       0.01803034108348302
-0.062425332750899495     0.49768065659527144      0.018065606246771813
-0.06241522635980509      0.4990761402424532       0.018102311657502305
-0.062405510559110866     0.500506848794675        0.018133884779192852
-0.062400596188508066     -0.03937162844565523     0.018193333601009887
-0.06239436114110694      0.5020594800546246       0.018174532549264683
-0.06238579423945585      0.5033328960881254       0.018202450451433712
-0.062373619262831435     0.5050429569087209       0.01824700696180507
-0.06236618338298476      0.5061587962629286       0.018271307192986252
-0.06235300040560268      0.5080265728304943       0.018319738161288006
-0.06234667757237911      0.5089845470611104       0.01834045901375537
-0.06233250424371896      0.5110103298858218       0.018392729478570704
-0.06232727638173656      0.5118101461782522       0.018409910006126504
-0.06231213044499527      0.513994230181702        0.01846598431081269
-0.06230797937634897      0.5146355912622895       0.018479664347097337
-0.06229187867060124      0.516978275867284        0.018539506123133796
-0.062288541028983097     0.5174644955070459       0.01855123957616392
-0.06226920956633661      0.5199235358405411       0.01861919918205233
-0.06226653444900669      0.5203115615829108       0.01862860353612376
-0.06225888224396983      -0.04048087506364716     0.01865298242683234
-0.06224634390007491      0.522829487502763        0.018695966779082716
-0.06224411542580016      0.5231872632450765       0.018704271704941246
-0.062224256651069385     0.5257281416921777       0.01877020915903025
-0.062222234169347614     0.5260642725870023       0.018777736292440568
-0.06220274605332126      0.5286253435457738       0.018842125749653806
-0.06220090535480002      0.5289426078505707       0.018848968468847524
-0.062181825636081656     0.5315210771646668       0.01891169301153252
-0.06218014393153764      0.5318222876185437       0.018917938865656417
-0.062161509126799824     0.534415326417059        0.01897888706040224
-0.06215996512960548      0.5347033308225618       0.018984617562987114
-0.0621562805959345       -0.0411951710402068      0.018980009662604352
-0.06214181045476605      0.5373080749339602       0.019043683660817518
-0.06214038446633106      0.5375857567513717       0.019048974076584426
-0.06212274375483499      0.5401993061048113       0.019106058219673372
-0.06212141775313019      0.5404695850592844       0.019110977344447874
-0.06210432337123173      0.5430890030730119       0.019165985779583027
-0.06210281107182798      0.5433519878330142       0.019171168344402308
-0.062085221921563585     0.5460239112962618       0.01923144537098559
-0.062084160751787784     0.5462078109558947       0.019235081939996828
-0.0620639113809742       0.5490238937682037       0.01930664360776145
-0.06206351658870613      0.5490803751679448       0.019307956816665982
-0.06205466159619446      0.5503001673078587       0.0193392999219775
-0.06204021280569382      0.5519521410186116       0.01938180207527668
-0.062039508146086095     0.5520294669450808       0.01938398130923243
-0.062014848277111075     0.5548231442941012       0.019456657261519534
-0.06201288977717018      0.5550361516688352       0.019462722861402947
-0.06198921831806596      0.5576935051057741       0.01953261769636569
-0.06198597038338299      0.5580436330956454       0.019542691319604292
-0.06196332177918667      0.5605632184135885       0.019609692304328588
-0.06195874824911353      0.5610519183610326       0.019623897939328266
-0.061955768011986975     -0.042795173799298744    0.019625522959723654
-0.061937157499047685     0.5634322791246462       0.019687890103515203
-0.061931221638202055     0.5640610146859839       0.01970635411087944
-0.0619107243040113       0.5663006820924987       0.019767220206856184
-0.06190338879363153      0.5670709293782357       0.01979007136139954
-0.06188402100806675      0.5691684221164406       0.019847691823355516
-0.061875247937213426     0.5700816698335803       0.019875061356928618
-0.061858150044624555     0.5720223300681482       0.019927181288814586
-0.06185079590597809      0.5730137513853306       0.019949243787387806
-0.06183922917510657      0.5748710035924984       0.01998508217676668
-0.061831425859095096     0.575915630720047        0.020008475188525762
-0.061820106288814715     0.577719363209622        0.020043513972105263
-0.061811842632364875     0.5788178795751622       0.020068268990006966
-0.061800778988818306     0.5805674053889336       0.020102482617802966
-0.061792043586476886     0.5817205023045801       0.020128631789484555
-0.061781244842106196     0.5834151265467021       0.02016199414629039
-0.06177202604049334      0.5846235033308748       0.02018957028867026
-0.06176150137890553      0.5862625230450482       0.02022205468114574
-0.061751787271025094     0.5875268871466495       0.02025109129539393
-0.06174154609198463      0.589109591190917        0.020282670438822842
-0.06173132451138817      0.5904306583159282       0.02031320172571239
-0.06172137643594018      0.5919563272350284       0.020343847730418644
-0.06171063495074         0.5933348214755809       0.020375908606068617
-0.06170098982646806      0.5948027273708031       0.020405592963481222
-0.06168971573319475      0.5962393813367822       0.020439219075502946
-0.06167832946745738      0.5976507094165644       0.020473682526287767
-0.0616643023307576       0.5991828310029539       0.020516139249811736
-0.06165326121494755      0.6004995622602818       0.020549558015833407
-0.06164073332995049      -0.04501076055600016     0.02062198656011198
-0.061638017447249435     0.6021279929196461       0.020595697184826803
-0.061633076878250405     -0.04507334956336852     0.02064645341951039
-0.061627545512829014     0.6033472615024409       0.020627393177539886
-0.06161968670581133      -0.04516877371784072     0.020688484881607978
-0.061611018727735604     0.605074557350211        0.020677415727444762
-0.06160117670549896      0.6061937970660993       0.020707205129539007
-0.061583298256030386     0.608022539848025        0.020761318838030826
-0.06157414907129183      0.6090391587566062       0.020789011189918567
-0.06155484799846366      0.6109719561972942       0.020847430832547212
-0.061546456821511816     0.6118833362598791       0.0208728288796505
-0.061525659801693125     0.6139228224173501       0.020935776389174467
-0.06151809409944846      0.6147263191406496       0.020958675925570665
-0.0614957253904677       0.6168751547670458       0.021026380555081346
-0.061489054979374694     0.6175680968406775       0.021046570263411207
-0.0614650363653405       0.6198289697492492       0.02111926875334708
-0.061459333465527295     0.6204086586769357       0.021136530040886798
-0.06143358420033013      0.6227842841154372       0.02121446679004003
-0.061429886504027684     0.6232497097000005       0.02122565881538289
-0.06140928492702751      0.6257255450221217       0.02128801477484083
-0.06140651652388735      0.6261015885535037       0.021296394055288968
-0.06138429648581146      0.6286681600193289       0.021363648702686262
-0.061382115199471225     0.6289516297956833       0.02137025092400032
-0.0613581714885674       0.6316130080733594       0.021442722709754072
-0.061356671293084905     0.6317998134035973       0.021447263435348158
-0.06133089315336052      0.634560122156679        0.021525287590947254
-0.06133017340317495      0.6346461190623442       0.021527466099126116
-0.06130759708278872      0.6369774447378873       0.02159579912701618
-0.06130368280141923      -0.04725022542369019     0.021580372114330806
-0.06130195488367987      0.6374921671477226       0.02161100745223273
-0.06130167291666256      0.6375152528140293       0.02161176748332333
-0.061269559534653524     0.6403440884323427       0.021698327839066375
-0.06126759481899996      0.6404998937591369       0.021703623653456273
-0.06123594519052232      0.6431944444619754       0.0217889339806263
-0.06123212281503002      0.6434882618998712       0.021799237044682788
-0.06120109905272055      0.6460432188025549       0.02188286037501172
-0.061195235450023006     0.6464804146045379       0.021898665487463057
-0.061165008142885384     0.6488903947891458       0.02198014200495866
-0.061156934791051935     0.6494675881338086       0.022001534901541376
-0.06112700495475245      0.6517371533496708       0.02208213613706809
-0.061116237219093636     0.6524675780229798       0.022111133898013065
-0.06108726205716644      0.6545800928327967       0.02218916422556499
-0.06107362616488218      0.6554725732420683       0.022225886007180173
-0.06106509256755163      -0.04862837204675624     0.022243513396557776
-0.06104586318375523      0.6574209245610788       0.022300651956691724
-0.06102906569290083      0.6584826677951883       0.02234588800916814
-0.06100278791008         0.6602596225364751       0.022416654338284252
-0.0609825189621001       0.6614979580552465       0.02247123912284751
-0.0609580154744157       0.6630961603316161       0.02253722728657016
-0.06095387838624767      -0.049378943696665026    0.02255531352623605
-0.06093394819719415      0.6645185428390301       0.02260204108313785
-0.06091152477075973      0.6659305110809052       0.02266242764499768
-0.06088331465885806      0.6675445234851658       0.02273839822127084
-0.06086329434166607      0.6687626474713972       0.02279231320353504
-0.06083057861277712      0.6705760039350854       0.02288041754814561
-0.06081330237089981      0.6715925417334487       0.02292694271845389
-0.06077569929749602      0.6736130908171291       0.023028208840916255
-0.06077358161701134      -0.05043373674548961     0.02305300050862815
-0.06076152667590644      0.6744201656311323       0.023066375932610916
-0.06072127941419986      0.6766499554510892       0.02317481514950335
-0.06071231967233033      0.677250630859868        0.023198941388051432
-0.06066854271698246      0.6796822626352103       0.02331685208752468
-0.06066200261186682      0.6800803158402847       0.02333446339857156
-0.06061022087813763      0.6827291930059799       0.023473935540145083
-0.06060707740267519      0.6829041281574157       0.02348240057920859
-0.060576780954987565     -0.051481788183490126    0.02354887448815342
-0.060564329396346234     0.6849282149279434       0.023597541706385554
-0.06054588246171207      0.6857217461362473       0.02364268885732878
-0.06054398275722632      0.6857927817068497       0.02364733902006515
-0.06047546345379003      0.6885326678609622       0.02381503725624512
-0.06046565169164691      0.6888764400752907       0.023839055076039263
-0.06039970125299052      0.6913372989310589       0.024000469495015626
-0.06039426300399002      -0.052328043148033895    0.02400531653427515
-0.0603802681817695       0.6919771567002977       0.024048039445734293
-0.060318490631058916     0.6941355152565268       0.024199243741860027
-0.060287544058757817     0.6950956290651593       0.024274998286025494
-0.06023172357376595      0.6969271894620056       0.024411625000140512
-0.0601871752263783       0.6982325932038058       0.024520676783827543
-0.06018169274246813      -0.05345204930995423     0.024537247357566714
-0.060139289188093165     0.699712190777334        0.024637885336074014
-0.060086245841493066     0.7013696307638121       0.024767533334438707
-0.06005182641940847      0.7025113772579152       0.02485187381276348
-0.05997904144851249      0.7045208195278745       0.025029749450870737
-0.059950800488339714     0.7052958833745397       0.02509866753801159
-0.05994013664973116      -0.054659228021860115    0.02514094236878682
-0.059845872364998984     0.7077723298816613       0.025356129818970383
-0.05983427989958378      0.7080645638418314       0.02538444691991787
-0.05977345368678459      -0.0554205303531108      0.025520975265609747
-0.05976451255512706      0.7095908446203789       0.025555731080854183
-0.059702628333054716     0.7108206527632092       0.02569390747094682
-0.05968843778400513      0.7110693389721363       0.025725722454038584
-0.059600047637417594     -0.05616974408178404     0.025915882838901574
-0.059553487682618235     0.713563557887479        0.026027293867510445
-0.059501335269258264     0.7144188418958399       0.02614428604731029
-0.059392606448244095     0.7162933484439487       0.02638746062076871
-0.059351324114611026     -0.057330232771021034    0.026481852075047163
-0.0592936800910805       0.7178150545383906       0.02660950988762153
-0.05921959371670423      0.7190095711652724       0.026775339789427165
-0.05908100715510694      -0.05851545339940707     0.027099465760728577
-0.059063811871974556     0.7212617938249268       0.027125215173945887
-0.05903404035042344      0.7217117516528129       0.027191906884702372
-0.058923712971556796     0.723213695222148        0.027439844737293745
-0.05891345824576244      -0.05918837400086769     0.0274487080672466
-0.058828343170166685     0.7243987656786689       0.027635979071728583
-0.05879665244931931      0.7247753334969401       0.02770147937023775
-0.05872758567509669      -0.05989053562969225     0.02783755906157849
-0.058610469363452274     0.7270553084148907       0.028084199546942613
-0.05847643500227355      0.7283937817110024       0.028361562358044386
-0.05844609218151552      -0.061028641247053164    0.0284253859266537
-0.05835185025415298      0.7296692128684655       0.028618243184565396
-0.05816825906218846      -0.062081805375637525    0.029007694922174122
-0.058051802807444625     0.7322354866376077       0.029239969631191656
-0.05805138121063798      0.7322391685217591       0.029240840101939974
-0.05805054582981938      0.7322453767561825       0.02924257354445467
-0.05795037564169471      -0.06284124916089567     0.02942627119708564
-0.057680941122741414     0.7347613617387573       0.029946775040673605
-0.05768063860627271      -0.06372349372606717     0.02994617064767042
-0.05742153937167228      -0.06462910258490008     0.030444797191526325
-0.057385545981621225     0.7365024814798972       0.030511893624039846
-0.057258551458965586     0.7372342539279257       0.03075458644853668
-0.057192102297376854     -0.06537903000225537     0.0308877959235401
-0.057097363600677575     0.7380333067654163       0.031062602473350742
-0.05685691691116826      -0.06638947064341161     0.03148342943382658
-0.05674843315481394      0.7396461937095159       0.03167981740040522
-0.056386718050257675     -0.06771603870297137     0.03232147176385486
-0.056295633091139274     0.7414713840740198       0.03248071684813555
-0.056255071111706696     -0.0681121480695421      0.032555803710367474
-0.05616612552719131      0.7420006465703896       0.03270979173237522
-0.05615210501070638      -0.06841005010482273     0.03273963515797532
-0.05606375188262294      0.7423684334840024       0.03289086189059477
-0.05559934436293956      -0.06989078751587974     0.03365120545211307
-0.05548951952097578      0.7442972056818147       0.03383394743860414
-0.05504856787632599      -0.07131676601758612     0.03456203089142696
-0.054969899206723176     0.7458451495155476       0.0346873013313678
-0.05491321908340536      -0.0716422003539249      0.034769433544484474
-0.054723800419064134     0.7465323976657094       0.03506360998606837
-0.05467935139639807      -0.07218564187383565     0.03512873367264884
-0.05419099894900181      -0.07338716749405023     0.03587825288446436
-0.05388177421503916      -0.07412075630015078     0.03635409869818671
-0.053812541171799455     0.7476303714816822       0.03645677951941438
-0.05343248218615639      -0.0751122701410142      0.036996479476033794
-0.05325062797538599      0.7482214002007974       0.03725852532032212
-0.052651116557227304     -0.07677483253631992     0.03811639912945149
-0.05263541348384347      -0.07680559857601148     0.03813729740424735
-0.052604646867447535     -0.07686449807896986     0.03817833886835884
-0.05259378072485775      0.7489441973606893       0.03819547358381484
-0.051821702203669495     -0.07844463135095137     0.039221878479200195
-0.05181321277647422      0.7500044010101234       0.03923226103676349
-0.051386979412856124     -0.07930060917092213     0.0398026758518106
-0.05127803791361126      0.7507299511401238       0.03994287888027945
-0.05097251016566257      -0.08005422648733206     0.04031950652277629
-0.050355813715971365     0.751822396413553        0.04108697549257912
-0.050104788364365105     -0.08159286973592757     0.0414039835924566
-0.050083870789875244     -0.08163204438004759     0.041430105974785046
-0.050072941790377336     -0.08165197003715424     0.041443785839516495
-0.04991091313366035      0.7523484154387527       0.041638748406461534
-0.049152557513731335     -0.08319703027682451     0.04251967392716813
-0.04872552214293607      0.7535619839952975       0.043012994254279145
-0.048696345908948065     -0.08393532950141366     0.043053605585894716
-0.048492451544166065     0.7538001287653943       0.04328312303302576
-0.04812965210410361      -0.08478432534322741     0.04367366134536238
-0.04753377800648197      0.7546384588269096       0.04432210964950818
-0.047240853461434536     -0.08610373781129842     0.04464633513921963
-0.04706417126088139      -0.08634638047627032     0.04482714944380539
-0.04702266220180575      0.7550999383371542       0.04487608091008325
-0.04688267928783656      0.7552079913012356       0.045017981431994855
-0.046546137369616394     -0.08705118967206517     0.045357395513470136
-0.045954631267457455     -0.0878929457024061      0.04596281640269943
-0.04573381266559605      -0.08820405296530157     0.04618887166514421
-0.04550152440909602      0.7562720144098192       0.046417719190985654
-0.04479802679471817      -0.08941966936575393     0.0470848096649802
-0.04477548863144651      0.7567425512633598       0.0471059304631818
-0.04417519925210473      -0.09022049212858334     0.04768122364432562
-0.04392914486846913      0.757289920839333        0.04790800293837602
-0.043588608928198214     -0.09091486300617793     0.048206539387042224
-0.04256496024230166      -0.09211393356224046     0.049123420249778796
-0.04234304114021624      0.758134214436875        0.049313761537116724
-0.04232148447747921      -0.09237600364504818     0.049327331425613775
-0.04230556511191059      0.7581541186486754       0.04934696957772263
-0.0422455334787797       0.7581795604101633       0.04939670536049281
-0.041326343595587775     -0.09343564164735813     0.05016090589739652
-0.040992990108700465     -0.09380522805114758     0.05044012778296085
-0.04090310605264156      -0.09390372603392953     0.05051542912895926
-0.040619614783890604     0.7590989296140431       0.05074363714323686
-0.03980504777864018      0.7595524968948878       0.05137374981861091
-0.039600818053739203     -0.09520712873468296     0.05153519733480747
-0.039189655107213346     -0.09561371897982199     0.05185721674515026
-0.038880712920090876     0.7600196894177162       0.052089249666336275
-0.03817866561576652      -0.09659320726619963     0.05259421989140269
-0.037709531837570726     0.760202611665783        0.05293149380678945
-0.037399719988883626     -0.0972967685490958      0.05316129012815939
-0.03705091916969687      0.7603120476789061       0.05340486674710538
-0.036639466157213085     -0.09792505303103004     0.053677493178549154
-0.036307677503900807     0.7604422900225658       0.0539016325546538
-0.03553367027608644      -0.09885344576029184     0.05442637174799697
-0.035218655439276325     0.761015044914303        0.05463070915451881
-0.035046045513182876     -0.09922640740816019     0.05473360619836784
-0.033632604995778366     -0.10032547572772126     0.0556218272703683
-0.03354826222680891      0.7617595541193567       0.05566871181161472
-0.033393466549092726     -0.1004940308927583      0.05576124075022374
-0.033369648071001144     0.7618483837321779       0.05577998978370337
-0.03303221876816123      0.7619886665607842       0.05597458540706911
-0.031696646392344534     -0.10171090826136119     0.05674782071194556
-0.031676067069633926     -0.10172420823081382     0.056758885044367983
-0.031486652848220296     0.7626938480336521       0.05686457704667024
-0.031462738778898824     -0.10186461413978277     0.05687326812180362
-0.030612650298602058     0.7630278145741173       0.057328922203555885
-0.029890753435393862     -0.10291306619051611     0.057716242291520656
-0.029730843237001033     -0.10301976512915187     0.0578019857830033
-0.029566999507392912     0.7634754165097447       0.057885939469568576
-0.02802401494969094      -0.10405320542003837     0.05864280742175046
-0.027841712735088092     0.7640838656334284       0.05873085431752932
-0.027729388843217503     -0.10423167348114558     0.058787932988551964
-0.02760994152183045      0.7641751906610933       0.058844154343134815
-0.02746001554153602      0.7642239612745627       0.05891123687040085
-0.02606710398608041      -0.10513954858554117     0.05953688116424729
-0.025691640104616838     -0.10534470923048586     0.05970603131476494
-0.025619177806127748     0.7648982456831896       0.05973721041487058
-0.024079994018515377     0.7653544849109372       0.06036627983048418
-0.02401071079290104      -0.10616652691981346     0.06039514460559869
-0.02361760146194674      -0.10635881761226297     0.06055628761452208
-0.02359012854518192      0.7655197972462139       0.06056706996486102
-0.022922878716360277     0.7656974458198526       0.06081478289577312
-0.021844194748740362     -0.10712777557599533     0.06121380437919217
-0.02152608649265831      0.7661319295361949       0.06133208694568934
-0.02151760641496056      -0.10728134341425734     0.061335079771296666
-0.02050360522587847      0.7663138141179027       0.061668148576591884
-0.019708789417132562     -0.10794198083176769     0.06193020784302376
-0.019215786183336907     0.7666048210125173       0.06209304235631549
-0.019179006534516006     -0.10814379696049697     0.06210444908896048
-0.019044450657705        -0.10818622485664268     0.06214326208187611
-0.016889911143623544     0.7669769590923179       0.06276574496667339
-0.016886708593554185     0.7669776305992544       0.06276667512382714
-0.016881224877449984     0.7669783996578025       0.06276804753860774
-0.016835112411469913     -0.10893846415277486     0.06278055144991904
-0.01596819371846797      -0.10917587678079466     0.0629960130456696
-0.01454370728394417      0.7673787864341994       0.06335133528939849
-0.01447593780448999      -0.10962125565193032     0.06336689424028373
-0.013061854122248065     0.7675374282629424       0.06366244318547792
-0.012661882993889999     -0.11003987792672151     0.0637462777805897
-0.012181478653892972     0.7676716253514895       0.06384824131188109
-0.012101482713576235     -0.11018262853423987     0.0638634774600545
-0.010936060592598915     -0.11039926879650641     0.06406187651519586
-0.010916253075129492     0.7677789862780555       0.06406583119331723
-0.009802070773040843     0.7679111933952547       0.06425656124358836
-0.00971174713872865      -0.11064850939340412     0.06427030110923139
-0.009053743450246414     -0.11073953254660016     0.064357048693486
-0.008956986347956775     0.7679586048909546       0.06436868232226567
-0.0074059072841453424    0.7681096402965979       0.06457600151427662
-0.007306731079947232     -0.11101751116471456     0.0645873651878144
-0.005522314641823253     0.7681691381711081       0.06475618335217653
-0.0050565889469991595    -0.1112262952834746      0.06479868947862277
-0.004990465439080612     0.7682053018956637       0.06480660992948681
-0.004886434537231985     -0.11124547994405419     0.06481466969580349
-0.004664208163825039     -0.111255537219266       0.0648272195401662
-0.004510760259572458     0.7682086860603493       0.06483411786091094
-0.0025091880515472086    0.7684622188589711       0.06494983553816414
-0.0024508575105829065    -0.11140761839663404     0.0649522146331987
-5.155955279154207E-4     -0.11141683995632216     0.06498994722405683
-2.563326828133443E-4     0.7686649146866424       0.06499487531790366
7.558228970985198E-19     -0.11142803039343294     0.06500000000000002
5.165922307851403E-17     0.7686919561258595       0.06500000000000007
2.4002289696294275E-4     0.7686709156868835       0.06499534862381363
5.704104786709125E-4      -0.1114139384850164      0.06498978519591463
0.0022618668217367598     -0.11140454342800049     0.06495949491232156
0.002436851996154159      0.7685131159100953       0.06495277652470584
0.003588368330128328      -0.11131389185038641     0.06489034506416083
0.004233277030838513      0.7683199004983429       0.06485190468940734
0.004511677360459791      -0.11127406621904792     0.06484221343457056
0.0048597329166452825     0.7683374759721837       0.06481670723392875
0.00552632519763447       -0.1111636892151728      0.06475422325630523
0.005596972277162261      0.768304833049219        0.06474779606864857
0.006749431616169096      -0.11105787328602577     0.06464815556674705
0.00727085376611159       0.7683008534911562       0.06459142637630287
0.00799877234176933       -0.1108698660056234      0.06449612942823761
0.008560616107173827      0.7681960696458843       0.06442224863663713
0.008975129588864674      -0.11074491031438992     0.06437732130885104
0.009667173981417018      0.7681519078024255       0.06427702200206319
0.009812722465858865      -0.11058167839643068     0.06424579315591514
0.011188771278546523      -0.11034855799656088     0.06402971066088253
0.011336693993618745      0.7679599352153753       0.063994088168293
0.012048647080542084      0.7679047788764892       0.06387346798544667
0.012479385645968514      0.7678360903370118       0.06378381721356542
0.013022312470066405      -0.10991839558347721     0.06367626940303328
0.013394332957696037      -0.1098393748980811      0.06360448407768012
0.013644038236330553      -0.10977182162264049     0.0635471394551293
0.014415108298130141      0.767618670491843        0.06338077091865936
0.015605848857502592      -0.10928553310562322     0.06309773075507373
0.01608956206008263       0.7673000283566628       0.06296647571377487
0.016766793990225414      0.7672026283519024       0.0627988555175104
0.017177036581342793      -0.10880628924221797     0.0626794792116231
0.017802987810032082      -0.10862981408758587     0.06251322740821652
0.01826647135043171       0.7668753497033329       0.06236811948489844
0.018993204759032597      -0.10822733938069817     0.06215240051680576
0.019103537744051196      0.7667167140986695       0.06212773134469415
0.019452740853688363      0.7666222355228952       0.06201340170599371
0.019986374266347355      -0.10790259950332245     0.061850985501463805
0.020461818732612474      -0.10769803154938384     0.06168761201816732
0.021425254755623006      0.766191728384894        0.06136740538402245
0.022129456787173023      -0.1070127157843899      0.06111569253996896
0.022352587828739792      0.7659257735968881       0.061026094343501966
0.0234264546027097        0.7656403638464491       0.06063072438752691
0.023516330815722068      -0.10635539595067565     0.060585886647971654
0.024239869960010665      -0.1060433430010971      0.0603099260849107
0.024654191056933207      0.7652564261702894       0.06013326202742669
0.025395691662921976      0.7650403786149602       0.05983272461604897
0.026097410691356314      -0.10510079318038387     0.0595261652927724
0.026322369586068803      -0.10499014465048659     0.059431205812799245
0.026400370968241094      -0.10494541494668318     0.05939500497787274
0.0268678603708045        0.7645416289904597       0.059179748231911564
0.027332954882234497      0.7643941500829403       0.05897339686041023
0.028368513372682414      -0.10386664413054122     0.058482639843467556
0.029000030012218948      0.7637856087308731       0.0581678649679908
0.029038352877376883      -0.10344428324029782     0.05814299504029227
0.02923823391573825       0.7637039031330446       0.05805273250220155
0.030377917496897607      -0.10263486267574234     0.05746454421770453
0.03105636039387202       0.7629920837342168       0.05709964618727581
0.031111111075494614      0.7629787716867915       0.0570709458698318
0.031404933751698734      0.7628952494024531       0.05690451011616122
0.03148795644327197       -0.10187159938186924     0.05685231363332585
0.03235073742350819       -0.10130184827952424     0.056376998483636906
0.03293850364627017       0.7624974450404451       0.05603576789612462
0.03323134774490016       0.7624079949855042       0.05585706579944829
0.033777639021042555      -0.10023914921872817     0.055524216686946085
0.03428711541158066       -0.09987405025392648     0.05522007543229326
0.034733923502188034      0.7618976452490572       0.054940438095887924
0.03524614477498033       0.7616983694838935       0.05460474838203716
0.03592993338302656       -0.09855626488359137     0.05415969865703366
0.036187181887473156      -0.09835738147538381     0.05399384180014951
0.03649734791929183       0.7611644388245817       0.053785022340777394
0.03711313407198635       0.7608690047195821       0.05335265571885414
0.03796291325146514       -0.09683043175695763     0.05275955720483949
0.03805105665003834       -0.09675727302257307     0.05269835888580634
0.038228771009409794      0.7602873771683631       0.052569582856603875
0.038897281227600146      0.7599589028071401       0.05206553214301263
0.03924546825372782       -0.09559407487876252     0.05180481317782364
0.0397659624511925        -0.09508983248625813     0.05141539872121241
0.039799331904132026      -0.0950541761902758      0.05138867604449872
0.03996784613572114       0.7594686643987267       0.05125858911892303
0.0407072250287131        0.7590778170103263       0.05066192292368178
0.041431237392316245      -0.09334337799457534     0.05008333158073938
0.04151925272540175       -0.09324191344903836     0.05000801309630241
0.04165614388244229       0.758608652867969        0.04989640244496546
0.04243513009675892       0.7581667891047545       0.04922394036237577
0.04304690198599615       -0.09151326699995317     0.04870227521650892
0.04313959514145237       -0.09139821916510327     0.048617545088019326
0.04329368069708949       0.7577098458820679       0.04848302821079027
0.044085830758810604      0.7572287082649541       0.04775178295500735
0.044642418035602385      -0.08966031232494033     0.04724455531583948
0.04473466501562902       -0.08954120088784015     0.04715444943797343
0.04488047172422649       0.7567745484381039       0.04701847136657167
0.04566355875814345       0.7562661035388565       0.04624562445559263
0.04618943350368053       -0.08767579276801371     0.04573324523824722
0.046215253838665316      -0.08763898894334846     0.04570627914853577
0.04641653093198178       0.7558048864801432       0.04550273647795251
0.04650310866332679       -0.08723145177469052     0.04540560636729987
0.04717203430468603       0.7552811982629482       0.04470561761475324
0.047593643752696896      -0.08569811183463255     0.04426652405474094
0.04768599455882665       -0.08556908881209521     0.04417004787995682
0.04791679879662644       0.7546924253473306       0.04391954312906804
0.04856940649287113       0.7541866806273267       0.043182910781950606
0.048882445426456374      -0.0837234582585815      0.04283380389779472
0.04913208676453314       -0.08334075496308126     0.04255495164570278
0.0493806553282911        0.7534465286899159       0.04226621918121172
0.0498630191263425        0.7530135095745586       0.041683191963387115
0.05009267237440222       -0.08171905502510614     0.04140762278632562
0.05052769792120756       -0.08098908235405544     0.04088794235870993
0.050792816792130865      0.7520307831421335       0.04055807275431297
0.05105564806196307       0.7517564658489553       0.04021775084103758
0.05123303744706491       -0.07968840696200719     0.039986655325527046
0.05187281257658846       -0.07851564001973968     0.03916900956932276
0.05213739231186005       0.7504257950479485       0.03881537674102742
0.05215029120941979       0.7504099873363123       0.03879865862571169
0.05215340181401659       0.7504055076667351       0.038794621741635796
0.05230013663437803       -0.07761969898407922     0.03858239178566913
0.053083279643205326      0.7488182944932968       0.0374968360501437
0.05315822604978192       -0.07580562846158082     0.037404218502968115
0.05328840324459428       -0.07550385201720584     0.03721252766186259
0.05348257910553547       0.7480640409031254       0.03693871306350976
0.05367825501269904       -0.0745926233599821      0.03663834508710705
0.053947626074394364      0.7471668818601762       0.036240310434873205
0.0542126439750564        -0.0733697874163521      0.03585132180939099
0.05438719436116067       -0.07298909826004382     0.03559377747514487
0.05474334068489549       0.7454630388614226       0.0350433783977743
0.05474797816061882       0.745452863320868        0.035035864208328237
0.05475511915006318       0.7454354121376991       0.03502427324369104
0.05511152809561118       -0.07123953037834257     0.034445797116764085
0.05546550921744851       0.7436774191764391       0.03387201394809059
0.055596857397705465      -0.07001588282575198     0.03367389181632951
0.05593564176222654       -0.06906997249697266     0.03309365040421004
0.05593672644692092       0.7423729417891196       0.03310625088097668
0.056126325839921096      0.741832552382503        0.032773422628024636
0.05628296751820987       0.74121025544247         0.03249706359701418
0.056597369164357904      -0.0671402552788339      0.03195584577153703
0.0566513239624474        0.739742319436989        0.03184996668869167
0.05669461735392966       -0.06686583328396685     0.03178884260044677
0.05674059652430244       -0.06673056851395856     0.0317095705876429
0.05712264141502719       0.7376006507368604       0.03101506795226922
0.05712802619651112       0.7375760987348303       0.031005577720170433
0.057136523149989606      0.7375315073759593       0.03099046366154079
0.05738473062530931       -0.06463519584406491     0.030510095672958024
0.057535664500333344      0.7353372853519741       0.030224671263558198
0.057716371671318364      0.734180360825128        0.029874243757114394
0.05781718106411691       -0.06316752379006253     0.02970125962196112
0.05789688729347878       0.7330202510771421       0.029526798808670027
0.05802779625449212       -0.06237589802191827     0.029274358972165758
0.05817747013500362       0.7308875468291924       0.028980151325143387
0.05821064872564037       0.7306310495742396       0.028915642012143517
0.058287536326335994      0.7299769505907829       0.028767235293843063
0.058316340230769204      -0.061243385084174665    0.028686621474823558
0.05847349014898766       0.7282508523380556       0.028371257838837965
0.058536946881734095      0.7275985639301294       0.028237265389022125
0.058625755861780336      -0.060096821466169945    0.02805754248401508
0.05870967875534473       0.7258315138077693       0.027870085522184253
0.0588250069722365        -0.05934645178043425     0.027650637557514
0.05883828145291416       0.7243641347704333       0.027599213295977816
0.058925517363119934      0.7233739319179542       0.02741408560713436
0.05909768315982154       0.7211753758094029       0.02705239449694573
0.05912107112778331       0.7208784090158293       0.027002840885924417
0.059188701562935916      -0.05780739001848493     0.026842065107682216
0.059203536958725086      0.7196736127788195       0.02683028962908155
0.059285746951417403      0.718343177032476        0.02663832307012093
0.05930387319572746       0.7180246036416169       0.026596679382186194
0.05943422974936763       0.7157889449470467       0.026292974619102162
0.05948199770369858       0.7148961278461909       0.026183578053498264
0.05957419005631293       0.7132167629954065       0.025969263349449972
0.05964603962075481       0.7117848442652273       0.025805243871071065
0.05967255320448162       -0.05572575878199736     0.0257610703400784
0.05970573639892397       0.7106269625136091       0.02566676935723463
0.05972666968586286       -0.055506344902234876    0.02564039977680468
0.059762696394806664      -0.055358029044802554    0.025559684740710187
0.05979662130269003       0.7086899226507867       0.025459973599229323
0.05982897464915171       0.7080198667327475       0.025385083009985328
0.059934325667002665      0.7056105853672195       0.025146171935271775
0.05994400810490689       0.7053957910252727       0.02512380463453064
0.05999807056164654       0.7040641325332849       0.02500162371017789
0.060045457931819         0.7027545492189348       0.02488041287735783
0.06005210978837365       0.7025483389693741       0.024863848303828043
0.060139887342646955      0.700066917826906        0.024642419026769422
0.06015688343105383       0.6995248824858674       0.024599544242017362
0.0602269233980625        0.6973601721901          0.02442286009495863
0.06022790312689073       -0.05320520434529925     0.02441928130328766
0.06025040402697691       0.6965074828230559       0.024363841457043057
0.06030469963282556       0.6946256354429055       0.024226499196600932
0.06033490309589975       0.6934807712659123       0.02415064220364352
0.06037912373087548       0.6918837253855634       0.024038840826828483
0.06041506937276045       0.6904596757818336       0.023948633941214558
0.06045024011775439       0.6891345491836542       0.02385975666620676
0.06049101028271911       0.6874440510534323       0.02375752509791452
0.060518092362232344      0.6863782119360083       0.02368912087001529
0.06056282957642266       0.6844337567339506       0.023577034075213204
0.06058272319686234       0.6836148167242906       0.023526810008876048
0.06063062748578266       0.6814286572365345       0.02340688882508193
0.060637840568923226      -0.05108617050320406     0.02340770320650271
0.060644174537946446      0.6808444646611631       0.023372703011082956
0.06067965861137255       -0.05083887891439468     0.023294282590169836
0.060694500871894805      0.6784286215341379       0.02324682644851232
0.06070248750493262       0.6780672549370755       0.023226681106575952
0.06071629834884858       -0.05060714364059694     0.023194047349124457
0.06075454336555901       0.6754335229694383       0.023096592814119098
0.0607578614065138        0.6752815860866908       0.02308837968799657
0.06081082597451261       0.6724805501555966       0.022953314030014788
0.06081125175485605       0.6724595036778321       0.022952259226100266
0.06081462836962951       0.6722831733364748       0.022944083494799754
0.06085513487058402       0.6697639992990511       0.02282667783597184
0.060860070573122746      0.6694615309964959       0.022813587088027942
0.060898203127068215      0.6670663641515084       0.022703595341502375
0.06090826435092886       0.666443692914903        0.02267706296047092
0.06094100002818117       0.6643667465020139       0.022583090971709602
0.060956028014938504      0.6634273639808239       0.022543687015575936
0.06098352141456305       0.6616651635481086       0.022465139681719308
0.06100335914230878       0.6604125272564954       0.022413420936262134
0.061025763174823305      0.6589616322889966       0.02234971671549665
0.06105025534631832       0.6573991660566754       0.02228622697670862
0.06106772124485129       0.6562561695283966       0.02223679760169416
0.061087792438376406      -0.04845742903468634     0.02218203435844146
0.061096714275696684      0.6543872639439542       0.02216206795174803
0.06110939160713842       0.6535487918773419       0.022126358149571205
0.06114273361396857       0.6513768047241703       0.022040907226495536
0.0611507702901123        0.6508395157569373       0.022018374444983425
0.06118831107881257       0.648367772441927        0.021922708706207196
0.06119142589110192       0.6481213203669577       0.021914197233524092
0.06122748556718723       0.6454406655325419       0.021816640572067943
0.061229434403788204      0.6453082179394989       0.021811493209049543
0.06126402899899776       0.6425224559831155       0.021717678666870657
0.06126449681856862       0.6424882473888264       0.02171644252177616
0.061277099441040844      0.6413826664326437       0.021682179411505548
0.06129492723381913       0.6396510844568686       0.021629487293857188
0.06129532987355501       0.6396048839633741       0.021628248011747748
0.06132178699010083       0.6368027041941071       0.02155007899949834
0.06132267582349473       0.6366897458085867       0.021547333441704456
0.06134622442331443       0.6339498597487502       0.021477805952904428
0.061347423565338344      0.6337792704743659       0.021474086725290352
0.061368258804675724      0.6310925701865931       0.0214126399927061
0.06136961707128416       0.6308733952683471       0.02140840710837673
0.061387909295817576      0.6282308544650167       0.021354553117669497
0.06138929952876336       0.6279720586170304       0.02135019563498312
0.06140519494956772       0.6253647314337563       0.021303517485559677
0.061406513357869306      0.6250752000409302       0.021299355107341312
0.061420134710719845      0.6224942198356644       0.021259505412013612
0.06142274549361336       0.6221771225501498       0.021251568583028513
0.06144885335051999       0.6196516710430832       0.02117236641677966
0.06145153297860334       -0.04621794574252114     0.021182742194521226
0.061452908877439164      0.6192266600920374       0.021160009908871444
0.06147422326820148       -0.04606238188364701     0.021113056268217842
0.061477806515218336      0.6168091645231951       0.021084467647249253
0.061482869146936105      0.6162765631759413       0.02106904006592293
0.061488163238191035      -0.045954032508540237    0.021069760853210804
0.061506572719842535      0.6139663181892729       0.020997109801501046
0.06151262804376102       0.6133268286878216       0.020978654040767458
0.06153515348966713       0.6111231347937747       0.02091028850082309
0.06154218728984391       0.6103774535489093       0.020888846876773743
0.0615635503335383        0.6082796170595126       0.02082399941366561
0.06157154858766649       0.607428434715208        0.02079961367329307
0.06159176474409443       0.605435767680051        0.020738238255007698
0.06160071362053597       0.6044797691770055       0.02071094958487113
0.0616197981979831        0.6025915893200973       0.02065300078573425
0.061629684052854225      0.6015314539583916       0.020622849820473174
0.06164765215607473       0.5997470846158885       0.020568282812022866
0.06165846153038254       0.5985834861167851       0.020535309642722155
0.061675328063672666      0.5969022561755698       0.020484080184740544
0.061682764046697265      0.5956441099684442       0.020461443801026928
0.0616975377182625        0.5940220715992548       0.02041792078090123
0.0617074941174897        0.5927038235423949       0.02038646208888584
0.06172157095728105       0.591123913378616        0.02034493082518393
0.061731576424818246      0.5897646240095611       0.020313218034336982
0.06174499502391293       0.5882246859743016       0.020273571332404858
0.061755021194092805      0.5868264986790732       0.02024169200278458
0.06176781840447346       0.5853243996753502       0.020203827257655405
0.06177783849214747       0.5838894350568709       0.020171864664126453
0.061790049476738135      0.5824230646392039       0.02013568374845128
0.061800038230302654      0.5809534208419047       0.02010371698687421
0.06180969840023741       -0.043774867245524804    0.020077510063742362
0.06181169651167224       0.5795206908938058       0.020069126141665887
0.061821630167356534      0.5780184439224219       0.02003723023240918
0.06183276767512764       0.5766172883396559       0.020004139960522235
0.06184262391250764       0.5750844923723388       0.019972385949370355
0.061853271029507384      0.5737128667518301       0.019940710911641985
0.0618630289282107        0.5721515544476984       0.01990916596817096
0.0618732145353986        0.5708074357819604       0.019878824882150356
0.06188231522142412       0.5692216446902338       0.01985059121063979
0.06189305285938235       0.5679772568348939       0.019816137726292607
0.06190742860507527       0.5662830504619287       0.019773066603102653
0.061916991042108585      0.5651827591131243       0.01974245882216895
0.06193270476233857       0.5633443936994638       0.019695471422596558
0.06194107321334433       0.5623882982230749       0.019668750557837195
0.06195814363606014       0.5604056748946926       0.019617806517026118
0.06196529933011172       0.5595938738568266       0.019595013456653244
0.0619837451696839        0.5574668945343243       0.01954007272542707
0.06198966934991057       0.5567994857098835       0.01952124803615541
0.062009509307243804      0.5545280530999904       0.019462270878081975
0.06201418323071192       0.554005133481125        0.019447454808145036
0.062035435993356126      0.551589151068311        0.01938440179663404
0.06203759533566878       -0.04204091753243992     0.019366383347974893
0.06203884093095136       0.5512108168727592       0.019373634278765813
0.06206152517321197       0.5486501889109594       0.019306466294199204
0.06206364240952273       0.548416535590277        0.019299786948581688
0.06208777679256975       0.545711167094727        0.019228465175476498
0.0620885876257717        0.5456222893424076       0.01922591331265358
0.06210701329469837       0.542781421174266        0.01916981469539869
0.06210715799956259       0.5427637488512351       0.019169403635857948
0.06212519793756013       -0.0414526552102789      0.019094738336804813
0.06212563832876285       0.5398906951201827       0.01910850000088365
0.06212593793501515       0.5398543616080407       0.019107644901251573
0.06214448059750939       0.5369994502009866       0.01904632434342378
0.062144928458292385      0.5369455079412985       0.01904504008973594
0.062163534590913734      0.534107690952062        0.018983294254913175
0.06216412389987569       0.5340371826588827       0.018981596438039885
0.06218279486298237       0.5312154218560893       0.01891941619134032
0.06218351866356727       0.5311293806358155       0.018917321089303614
0.06220225603082512       0.5283226473438074       0.018854696533887463
0.06220310722530865       0.5282220968131831       0.018852221094586716
0.06222191277374373       0.5254293717947639       0.018789141590010987
0.06222288413202198       0.5253153261970763       0.01878630341434716
0.06224038372086707       -0.04059146474514004     0.018733617799385323
0.062241759832336346      0.5225355995380527       0.018722757594503096
0.06224284400047364       0.5224090638575486       0.018719574919891836
0.062261792007617334      0.519641334853038        0.018655550710535197
0.062262981516159596      0.5195033049275956       0.01865204239479933
0.0622807808290841        0.5167118821566082       0.01859588927741391
0.06228143406786503       0.5166466594680202       0.018593923845087172
0.062304151875314774      0.5138222705370662       0.01851816736891175
0.06230467338935095       0.5137705828676901       0.0185165917706898
0.06232774048589348       0.5109320276598349       0.018439422070417124
0.06232811542810528       0.5108951317815483       0.018438284611266263
0.062351539185292945      0.5080411620795653       0.01835966605033533
0.0623517526962105        0.5080202969281764       0.0183590156473645
0.06237554063245397       0.5051496821970302       0.018278911749195506
0.0623755778531617        0.5051460692088774       0.018278797898082157
0.06238026519683483       0.5045856636914223       0.01826296117421752
0.06239917806393149       0.5022724366559785       0.018197584331718437
0.06239927225513436       0.5022576686527327       0.01819721479792793
0.0624133598553545        -0.03912189243150553     0.018121135876793967
0.06242282094942595       0.49939939262064104      0.018115427900616658
0.06242304221742231       0.4993650798636347       0.01811455673836487
0.06244659881989422       0.4965269292779774       0.018032355494595895
0.06244695742888614       0.4964719059512719       0.018030938531931977
0.06247050535144951       0.493655038222979        0.01794837921288843
0.062470934456584096      0.4935769544832128       0.01794678659638316
0.06248831116811974       0.4908049108641031       0.017882293223155096
0.06248921937530875       0.49063901412875016      0.01787892242741572
0.06250340080575513       0.4879961925492951       0.01782198353983801
0.06250522631679888       0.48766834217940885      0.017815756661063876
0.06250985030425142       -0.03820200743765828     0.017774832457561396
0.06251879581255453       0.48519037050877867      0.017761584377643323
0.06252159538444452       0.48469729322313687      0.017752059335620844
0.06253451324217187       0.4823848343796302       0.017700777975014934
0.06253832700065036       0.48172587065848205      0.01768783608767414
0.06255055327204588       0.47957958123562155      0.017639569296777347
0.06255542158275926       0.47875407784326696      0.017623092486265837
0.06256691607720209       0.47677460819032014      0.0175779632402338
0.06257287954312779       0.47578191809519554      0.017557834033901303
0.06258360183029378       0.4739699123964164       0.017515964636310312
0.06259070128920056       0.4728093946924516       0.01749206616753999
0.06260061070164204       0.471165491045062        0.017453578250676387
0.06260888722358308       0.4698365108742849       0.017425794259568438
0.06261794285927497       0.46836134136522345      0.017390808784843212
0.06262754462034056       0.46688022510821886      0.01735626518101477
0.06263765358711092       0.4655128798896495       0.017319896837661553
0.06264780674604273       0.4639400526495081       0.017283369507169695
0.0626563592693378        0.4626691014979549       0.01725141469106339
0.06266734374814215       0.46096754227393827      0.01721353684780324
0.06267529207315078       0.45983249319878794      0.01718395316803616
0.06268014905995767       -0.036775897142711046    0.01716852347189235
0.06268766905210796       0.45799347800229706      0.017141302595864785
0.06269491702700192       0.4569972006812825       0.017114425715421922
0.06270878008020409       0.4550178760180752       0.017066693153118654
0.06271522987955136       0.45416320570035         0.017042862299253468
0.06273067429036597       0.45204075228081075      0.016989734555972653
0.06273622645769836       0.45133049034667333      0.01696929233408658
0.06275334917558575       0.44906212252994976      0.016910452481776205
0.06275790266478966       0.4484990370390181       0.016893744695628245
0.06277680226331003       0.44608200228862727      0.016828872254988664
0.06278025447887708       0.44566882851675493      0.016816247733019492
0.06280103111484989       0.44310040686737034      0.016745018853220814
0.06280327795102213       0.44283984783258334      0.016736829280783665
0.06282019589223456       0.44016123712431865      0.016677032687746462
0.06282145262255322       0.43998678421176163      0.016672590764791526
0.06283881671274487       0.4372265258856176       0.01661121725476375
0.06283949715221525       0.43713241037925105      0.01660893232834438
0.06285562322360136       0.43433117454946196      0.01654825703169043
0.0628562289822212        0.43424908787562205      0.016546214007654027
0.06287286566655254       0.4314347169339193       0.01648350919251895
0.06287337644398246       0.4313668558385819       0.016481779081306824
0.0628905342862336        0.4285371646797459       0.016416991206070795
0.06289092910959984       0.4284857003357556       0.01641564815346705
0.06290861946366845       0.42563852926494994      0.016348720296937957
0.0629088767280639        0.42560560767110445      0.016347841478787917
0.06292711171389419       0.42273882200762586      0.016278713449736252
0.06292720922152001       0.4227265643799361       0.016278378969791344
0.06293403455010596       -0.03440913237032926     0.01625250578482226
0.06293433899354711       -0.034406613083809344    0.01625141592767268
0.0629347829576864        -0.034402551210842194    0.016249805548502787
0.06293727497687074       0.4211793994612717       0.01624013970462062
0.06294561488013971       0.4198485489271083       0.016207244478630093
0.06294566635812357       0.4198381028574217       0.016207013058404492
0.06296397444113125       0.4169715453997308       0.016134444107443753
0.06296415689213102       0.4169359507371084       0.016133677396356034
0.06298093720853552       0.41412349920819186      0.016063161725524567
0.06298158919344887       0.4139957199315634       0.016060421899145368
0.06299774809708938       0.41127504587290215      0.015992517581810438
0.0629988611036056        0.4110559189165447       0.015987840411294783
0.06301574761520724       0.4084287483016979       0.015915044969789537
0.06301784086076158       0.40807525382421367      0.015906512774698713
0.06303375477165014       0.4055820010878641       0.01583802216570848
0.06303661581661277       0.40509534175674716      0.015826384069088092
0.06305157894362279       0.40273456771137517      0.015762090400351543
0.06305518825936184       0.40211617275379485      0.015747438319409224
0.06306922198776643       0.3998864566414631       0.01568723609571172
0.06307356043703345       0.3991377370298972       0.015669659831110287
0.06308668573029236       0.3970376762085511       0.015613445896322237
0.06309173455835235       0.39616002497066416      0.015593033184011635
0.0631039719676029        0.394188234607086        0.015540706664715968
0.06310971279359834       0.3931830271290534       0.015517543226336226
0.06312108246689707       0.39133813989830124      0.015469005476995493
0.0631266231566032        0.39022236922025816      0.015445994126443634
0.06313666125494075       0.3884859911348481       0.015404304334744295
0.06314258667318305       0.3872875683477903       0.015379695146435274
0.06315210777053926       0.38563349111951056      0.0153401525406367
0.06315807577235247       -0.03204369584497134     0.015318779350287465
0.06315841110812376       0.38435312714654063      0.015313973794217606
0.0631698376891778        0.38279076654622834      0.015266472431071324
0.06317890111929986       0.3814122250880829       0.015228873174781825
0.06318967094050087       0.37995660297635475      0.015184105869096963
0.06319956989451339       0.3784708682832793       0.015143042968713421
0.06320965748065932       0.3771228370711454       0.01510111512052065
0.06322041541452705       0.3755290620479822       0.015056491722314843
0.06322979538621762       0.3742894636651708       0.015017508310112039
0.06324143569145381       0.37258681161551194      0.014969227849200503
0.06325008276690895       0.37145647768207685      0.014933293422532802
0.06326262876815071       0.3696441221382508       0.014881259632861934
0.06327051776492341       0.36862387413267317      0.014848478305343787
0.06328160666182862       -0.030638415901161602    0.014799661343546287
0.06328399271762702       0.36670099868920336      0.014792595229173665
0.06329109855421433       0.3657916481130705       0.014763070671935071
0.06330262237222299       0.36376092158467754      0.014715233433714676
0.06330802519594327       0.3629428455721114       0.014692805435877932
0.06331999935220405       0.3608223094800773       0.014643098770508393
0.0633247882397514        0.3600936108461346       0.014623219321332658
0.06333720336649451       0.35788414622465947      0.0145716821159464
0.06334133020255166       0.3572654618793081       0.014552210623413955
0.06335888477390673       0.35486700066899046      0.014489086097780041
0.06336131854278351       0.3545101391412911       0.014477740339992794
0.06337176448700964       -0.029724903847857177    0.014420788086026934
0.06338117824117098       0.35184995906071953      0.014406796261934652
0.0633818427511167        0.3517546199898301       0.014403734956597813
0.06338946910795813       0.35075279809052773      0.014376671284175647
0.06339772460110223       0.34899895018192306      0.014329207784638429
0.06339863609001661       0.34883402449715023      0.014325580559954684
0.06341117732448694       0.34624311450609596      0.014254572725166193
0.063413577536774         0.34581875223972486      0.014245081706978163
0.06342517640208341       0.34348709197705807      0.014180387191662707
0.06342913138862752       0.34280356027986814      0.0141648485339557
0.06343972102777705       0.34073088592877177      0.014106645043273388
0.06344545625533163       0.33980884126197086      0.014079984510672858
0.06345971088767643       0.33789253641480277      0.01401372103869713
0.06346609978178952       0.336858349717588        0.013984021899794172
0.06347943444991881       0.3350534519593823       0.013922034933977152
0.06348645882833653       0.3339086432949405       0.013889381710016495
0.06349725857595107       -0.028185172740316657    0.013893420060221122
0.0634988970005757        0.3322136471512719       0.013831562156508348
0.0635065392351822        0.33095970587592943      0.013796036792792881
0.0635170813694395        0.3293652975269971       0.013748639541681519
0.06352357826602564       0.3280498337836496       0.013717005335881452
0.06353426258867331       0.32651182695274206      0.01366876984108564
0.06354152689657748       0.3251372653354777       0.013633412953032904
0.06355226751619589       0.32366083276932445      0.01358473123640559
0.06355407334744652       -0.02734934765812658     0.013609812865638983
0.06356035855294367       0.32222205537634174      0.013545350248165989
0.0635710669330689        0.3208122507328992       0.013496629772184522
0.06357783489616788       -0.026914775755597788    0.013491200293689562
0.06358004737707454       0.3193042572737643       0.013452905384522283
0.06359063262237337       0.31796601880276687      0.01340456785632837
0.06360056820282169       0.3163839229672764       0.013356164166299742
0.06361093732662132       0.3151220770477343       0.013308644414671925
0.06362259500142592       0.31344205602917696      0.013253708770257448
0.06363216486744644       0.31228821735268236      0.013208611719120838
0.06364457445596484       0.31048577326404825      0.013150132755382026
0.06365306993053992       0.30945345135189195      0.013110098668120983
0.06366620682836382       0.3075304816221972       0.013048192330908821
0.06367365980887654       0.3066177995418633       0.013013070894246907
0.06368750027548892       0.30457615781098263      0.012947849058409896
0.06369342235492662       0.30376177166181106      0.012921516359041428
0.06370366335087087       -0.02493091636593597     0.012863091544897313
0.06370444901281945       0.30164624276673346      0.012865101323316041
0.06371038148219049       0.3008562682016303       0.012838541645492507
0.06372208682766003       0.29871405596283696      0.012778571478692463
0.06372797837156507       0.29795295401880884      0.012752018248295182
0.06374038596423595       0.2957796457465209       0.012688336495230787
0.06374618371009763       0.2950517726246842       0.012662034275382737
0.06375931944881671       0.29284305910278596      0.012594471174903388
0.06376496918469611       0.2921526694574146       0.01256867482933925
0.06377886106236516       0.28990434170204754      0.012497048226811169
0.06378332438103217       -0.02337315740386102     0.012465440710670576
0.06378430743985823       0.2892555918005185       0.012472022134456168
0.06380084562878192       0.286949718227176        0.012391938066060999
0.06380533906407428       0.2864254133415414       0.01237017917934486
0.06382264589825326       0.2839917050199254       0.01228637304443571
0.06382602389980131       0.2835941904742334       0.012270015503216321
0.06383439229214058       -0.022441920972863152    0.01221211827241931
0.06384407125016399       0.2810348009820545       0.012182623513230885
0.0638463704541474        0.2807619488190948       0.01217148991148572
0.0638651312737161        0.27807897774452917      0.012080643037960533
0.06386647189642188       0.2779250956235103       0.012074738410516834
0.06388284105907718       0.27521495336497004      0.011984010688080016
0.06388457261023407       0.27502585388080036      0.011976269404750566
0.06390198936358374       0.2723462113296554       0.011879596915642415
0.06390404718898855       0.2721314816019521       0.01187026366450419
0.06392250039302656       0.2694728445171295       0.011767542623761765
0.06392480860087367       0.2692418380068958       0.01175692683135311
0.06394275248659337       -0.020020737983367936    0.011663900348040324
0.0639443003298165        0.2665949433837783       0.011647985040971802
0.06394677313693421       0.2663567876905153       0.01163645669552056
0.06395136104473086       -0.019897038627645983    0.011620897678991585
0.06396731726896684       0.2637125960422765       0.01152105784023572
0.06396761457180454       -0.019626951063963966    0.011538420630209162
0.06396986025398804       0.26347620036855524      0.011509043567038581
0.06398850097033416       0.26075697730041786      0.011413565954772886
0.06398939578040747       0.2606477059146886       0.011408982744147088
0.06400537481727767       0.25829549711880606      0.011327138234615078
0.06400801409517151       0.2578180985176905       0.011310541860632156
0.06400811018773916       0.2577962740950674       0.011309937608918628
0.06402350013282208       0.25498750832545586      0.01121316216713257
0.0640241540987414        0.2548376526402073       0.011209049882103993
0.06403871885636614       0.25215583188832796      0.011117463404956299
0.06403991116295822       0.2518801951514156       0.011109965912497983
0.0640522641532274        0.24939514080765887      0.011019033939507136
0.06405544632109628       0.24882688785550366      0.0110022817257211
0.06406692912829777       0.24664274639338785      0.010919580805185451
0.0640720498751654        0.24577229176444587      0.010892759950824688
0.06407462266085212       -0.017445624261045355    0.010882721600907416
0.06408248210736796       0.2438910253129694       0.010819179480778773
0.0640897261992909        0.24271643875651933      0.010781452998690362
0.06409892461749514       0.24113995779285163      0.010717864047651876
0.0641084795245195        0.23965935966725527      0.010668411565827662
0.06411260584058376       -0.01653431426931498     0.01064486840873433
0.06411625812652332       0.2383895248262209       0.010615667265632421
0.06412622584034813       0.23665849039817477      0.01055662855440417
0.06413408743036081       0.2355606012329804       0.010510064402311699
0.06414470016695456       0.23369837243458416      0.01044720522496045
0.06415156054758026       0.23273038718845884      0.010406571230265711
0.06416279006085705       0.23073964034043803      0.010340058888194673
0.06416868804624762       0.22989892098037829      0.010305125154901187
0.06418050739799622       0.22778225130329322      0.010235119202979343
0.06418548008045001       0.22706623939663045      0.01020566603361882
0.0641978635701345        0.22482616425615604      0.010132318695971577
0.06420145432810986       -0.01502512159195357     0.010096083269131088
0.06420185052462983       0.22424234561752074      0.010106786188667805
0.064217883592952         0.2218081946845879       0.010020530210614366
0.06422042504411722       0.22145567682649617      0.01000445151999754
0.06423902347993864       0.21878769845363275      0.009904688870463717
0.0642399102965534        0.2186708242534383       0.009899143553612145
0.064249826170718         0.21732231468640797      0.009846138400656198
0.06425654422490033       0.21588804259657843      0.009789762448555598
0.06425712541772456       0.21576576973270747      0.009785942506064476
0.06427039457093053       0.21310725459198396      0.00967645550520416
0.06427185272808088       0.21275036077917245      0.009665692604636502
0.06428524105302054       0.2102783023698885       0.009566871150405772
0.06428720968466839       0.2097907902253323       0.009552340352627722
0.06429975162131678       0.2074478892825557       0.00945976623121618
0.06430220697080229       0.20683276665545164      0.00944164288808725
0.06431124289870908       -0.012910279413116552    0.009405389877031744
0.06431393754877558       0.20461606435527227      0.009355057540068731
0.0643168570758211        0.20387623635144994      0.009333508025129056
0.06432780960952009       0.20178287444393478      0.009252665551367617
0.06433060792047725       -0.012620289135588464    0.009284886183314495
0.06433117191743357       0.20092114805389205      0.009227847797161662
0.06434137810613036       0.19894836435373228      0.009152514220055205
0.06434516287405267       0.19796745282291617      0.00912457821822567
0.06435764359224917       0.19607538596280527      0.009042858766990458
0.06435930213822476       -0.01214363947419545     0.0091033673200898
0.06436152270374867       0.19507289633343272      0.009008429487650411
0.06437423231063322       0.19318428496555923      0.008923882938720784
0.06437829801687313       0.19217562852091513      0.008887554115492143
0.06439117945994624       0.19029585585474693      0.008800506974043967
0.06439544492268964       0.18927573705758172      0.008762096407402572
0.06440844140895846       0.18740999818580906      0.008672887838577665
0.06441279920889174       0.18635235293444657      0.008639148585117487
0.0644224545516112        0.18458342531117267      0.008564394337505294
0.06442730722584239       0.1833903049871517       0.008526823634776314
0.0644361179944461        0.18175518179918884      0.008458608306020703
0.06444143911379924       0.1804300337061771       0.008417410775776943
0.06444713791438332       -0.010263456442266568    0.008395604507770885
0.06444944466634957       0.1789253294156331       0.008355429645225029
0.06445520931263399       0.17747147088398213      0.008310798210768142
0.0644624468666349        0.17609392691859221      0.008254763130542414
0.06446863153241426       0.17451455176029584      0.00820687979273635
0.06447513630290291       0.1732610302393367       0.00815651811859406
0.06448171879893469       0.17155921480704972      0.008105554672493371
0.06448629692693453       -0.009213359649281369    0.008076511715329408
0.06448880911331632       0.1704256319668762       0.008053163284028072
0.06449668751861008       0.16863497590723583      0.007987973719473348
0.0645034636946368        0.1675890943529382       0.00793754158293342
0.06451220469877503       0.16570749931936637      0.007865048840914966
0.06451857746069597       0.16475542451991143      0.007817283478451594
0.06452823526554628       0.16277690077784143      0.007736967076666242
0.06453411603746675       0.1619245001618333       0.007692582895792271
0.06454388691444357       0.15981974016973705      0.0076154443288318245
0.06454769265517557       -0.007897871983840012    0.007576219877204013
0.06454830329132863       0.15910076701256362      0.007580578166369856
0.06455857900389085       0.1568534443430442       0.007499454051980817
0.0645620790436729        0.15627500973758007      0.007471822135855866
0.0645728255652322        0.15388935544113103      0.007386981105223634
0.06457546094197869       0.15344731514267726      0.007366175481930229
0.06458664656131467       0.15092737457797603      0.00727786788700408
0.06458846563885068       0.1506177651399841       0.007263506736551501
0.06460006077989829       0.14796740868835478      0.007171966072777032
0.06460110886115211       0.1477864370880203       0.007163691740169044
0.0646130859188645        0.14500937010575962      0.007069135942308822
0.06461336634728958       0.14495388808356255      0.007066710168864336
0.06461675053754429       0.14423925288436684      0.007042852506722975
0.06462199550049949       0.14214632137929228      0.006973196873713155
0.06462240313285178       0.14198718904661886      0.00696952301000521
0.0646235364026971        -0.005598398257042117    0.00695819629567907
0.06462976862381743       0.1393417078160348       0.006874617623556546
0.06463021989811053       -0.005437639276488421    0.006903734881159175
0.06463084746744661       0.13896195264202324      0.006864818386943778
0.06463826383797777       0.13653970367132293      0.006771815490549034
0.06463972493958958       0.13594806274175109      0.0067561475437173234
0.06464217618161161       -0.005033266874589291    0.006806307401735497
0.06464795318614344       0.13370928569270596      0.006667912934651156
0.06464969986055143       0.1329907340695891       0.006649182682398066
0.06465734776834535       0.13087694809151573      0.006567171265998162
0.06465936180674467       0.13003540751535356      0.006545573968245276
0.06466646083395038       0.12804277715242188      0.006469448406602792
0.06466872528057642       0.12708199030629647      0.006445165886445961
0.06467530484999015       0.1252068540652435       0.00637461066775585
0.0646778039020795        0.12413039531427032      0.006347812384221711
0.06468389155806417       0.12236925529552374      0.006282532139831682
0.06468621169129135       -0.002929542238632817    0.006302779405261513
0.06468661047501512       0.12118054063286454      0.006253376161984049
0.06469223202634766       0.11953005292322277      0.006193094134589027
0.06469515704712088       0.11823234919199604      0.006161728027272471
0.06469570908566259       -0.0022141647256628053   0.006194180595022867
0.06469979510516918       0.11672373487488735      0.00610278942786763
0.0647041333073824        0.11524321684592267      0.00606492386619131
0.06470823457341196       0.11394441821967217      0.006013747460007992
0.06471333072890212       0.11225493176779408      0.0059696219460644104
0.06471686565028743       0.11116422474565225      0.00592629157136855
0.06472189485315502       0.10929157559076899      0.005874195347383341
0.06472576010602808       0.10832431270335727      0.005834156183178582
0.06473085860708519       -3.6315191152884235E-4   0.005792260230579371
0.06473099583805353       0.10634320585427853      0.005779920576561589
0.06473437996369696       0.10548274567109608      0.005744865286059988
0.06473980689787434       0.10339658348291501      0.005688649065338655
0.06474273774645868       0.10263959912540649      0.005658289155759395
0.064748123456155         0.0010638770833599049    0.005594843760899187
0.06474834166938392       0.10045162628851319      0.005600239553944497
0.0647508452273814        0.09979494402202996      0.0055743058380792136
0.06475661294733438       0.09750825715768985      0.005514559504820219
0.06475871348476894       0.0969488471293943       0.0054928005757094184
0.06476463274846417       0.0945664036661143       0.005431484439651002
0.06476635295266556       0.09410137133300542      0.005413665285058248
0.06476877813339542       0.0022525300343931476    0.00535866599608323
0.06477241236974866       0.09162599772743481      0.005350897335963369
0.06477430297496879       0.09124723332206856      0.005333601735112274
0.0647811660247207        0.08871948462116462      0.0052475022340496575
0.06478296077586286       0.08835776230663049      0.005230866981227658
0.06478987506063674       0.08581231244397315      0.005142923626848223
0.06479123887386103       0.004273699740076466     0.005101836638861755
0.0647915680100372        0.08546893212139299      0.005127022909595261
0.06479727539503827       0.08287820787555365      0.005065736246430538
0.06479812915423806       0.08261800987964388      0.0050565684660035136
0.06480138426294448       0.004907143266874314     0.004985828274798516
0.0648039422606912        0.07994167168927552      0.004994146551752553
0.06480451087587982       0.07976592279030825      0.004988040685838737
0.06481042168694082       0.07700634494779464      0.004924569606446463
0.06481072043548439       0.07691271799016476      0.004921361604645756
0.06481672146901368       0.07407217735274199      0.0048569217043267325
0.06481676470704788       0.07405844010658834      0.0048564574085349435
0.06481780438321555       0.07355958868243508      0.004845293226851681
0.06482075837965805       0.07120336899070893      0.004792539732324244
0.06482079799573615       0.07113974531837879      0.004791832254641457
0.06482425250359095       0.06834734387996479      0.0047301404534628045
0.06482433783502195       0.0682084753830582       0.004728616575128469
0.06482732833282973       0.007431978426174822     0.004689168473998995
0.06482765653283887       0.06549035201565769      0.004669350116779352
0.06482778520877476       0.06527819156733063      0.004667052177221137
0.06482962005858665       0.007589206704916153     0.004661780513427368
0.06483135146718762       0.0626727058060803       0.004587943876006719
0.06483185608156909       0.06230571539713875      0.004580808354936016
0.06483486429848691       0.059853239487608775     0.004513434965605095
0.06483508017643813       0.05934709696310131      0.004509655766441095
0.06483705010916935       0.008371522918135022     0.00458398572134188
0.06483708835113292       0.05698263321071784      0.004474500290469604
0.06483732176507676       0.05643057638483602      0.0044704141029904
0.06483927422828978       0.05411163364905771      0.004436233922476294
0.06483952454414396       0.05351445405095165      0.004431851847042306
0.0648414229045073        0.05124025084246267      0.004398618800977402
0.06484168951287946       0.05059871970775161      0.004393951505723752
0.0648435353214438        0.048368494491919024     0.004361638441127909
0.06484381763651116       0.047683363450549854     0.00435669618157603
0.06484561238924232       0.04549637397374098      0.004325276909796849
0.0648456679904842        0.010244076813841006     0.00439461850698762
0.0648459098476903        0.044768375708946984     0.004320069547435479
0.06484646680502025       0.010587440221657382     0.004383838872913853
0.06484765498783798       0.04262389835304048      0.004289518802677904
0.06484796704785414       0.04185374723284524      0.004284055822575222
0.06484840733456254       0.013012217093196056     0.004314711921404939
0.06484854368450033       0.013580111541318782     0.0043122442218659855
0.06484965097622805       0.015892150772140567     0.004292204144618365
0.06484966396820097       0.039751076396532053     0.0042543492225301785
0.06484979315210734       0.0164874339148591       0.004289631005550769
0.06484999010852105       0.03893946907915997      0.004248639750034703
0.06485088166749368       0.018772225913943414     0.00426993074781261
0.06485102954054872       0.01939461179253138      0.004267254499655627
0.06485209960959606       0.021652440320409395     0.0042478880889508085
0.06485225305412014       0.022301647431351417     0.004245111006779595
0.06485330499962394       0.0245327918386524       0.004226072601065537
0.06485346389288454       0.025208543041572596     0.0042231969061270625
0.0648540131408839        0.036852569419932105     0.0041981531986500994
0.06485439792696625       0.036050562058661174     0.004184831441044315
0.06485449803062443       0.02741327835993397      0.004204480790334573
0.06485466225278119       0.02811530078789068      0.004201508651534039
0.06485567889170629       0.030293897818537467     0.004183109234215542
0.06485584832573141       0.031021922790611604     0.004180042769555132
0.06485684776813963       0.03317464819067649      0.004161954579637346
0.06485702229974093       0.033928411126783485     0.004158795857609073
-0.06398556652174739      0.03052999361531892      0.011410428507823093
-0.06398462401360139      0.030145910409228253     0.011416150233492565
-0.06398233030705316      0.03288478072416052      0.011423117678997986
-0.06398193535702014      0.03331419355563995      0.01142675747257798
-0.06397681990097237      0.02760854795230805      0.011463527003387475
-0.06397603480067497      0.027290098642465854     0.011468293146305045
-0.06397479265192804      0.03562067164116551      0.01146302192636752
-0.06397356691976881      0.03608332884594013      0.011471717497090299
-0.06396799048322711      0.02468683792629213      0.011517128138162072
-0.06396736579155536      0.02443463718198573      0.011520920481378379
-0.06396245473357302      0.03837499143681983      0.011531516641147729
-0.06396041551742851      0.03883754925788419      0.01154500043156729
-0.06395907708726575      0.02176485976566341      0.011571239083187851
-0.06395861586905958      0.02157953093223493      0.011574039020844196
-0.06395007850926501      0.018842609626726414     0.01162586714656776
-0.06394978389505221      0.01872478488964237      0.01162765567403162
-0.0639450933977897       0.04114823598306326      0.011629347310275531
-0.0639424360611299       0.04157700258433581      0.011646302197528002
-0.06394167106256343      0.01773810817416816      0.01168120845424208
-0.06392247741194476      0.04394091910296181      0.011757286408159921
-0.06392165757094263      0.015980712478555013     0.011774621421181264
-0.06392068197301268      0.044318642362253885     0.011767858286150297
-0.06391701926914771      0.01575290402511667      0.011798605123963484
-0.0639052849181751       0.04689970654428097      0.011858519005513338
-0.06390405398685373      0.04715647013511926      0.01186576695781713
-0.06388778985258015      0.04985964265765269      0.011961533201986226
-0.06388714331372886      0.04999335112779313      0.011965340142857274
-0.0638699841567778       0.05282075803560917      0.012066376446829421
-0.06386994268303214      0.05282926098943359      0.012066620651948842
-0.06386877475749987      0.053020037282396446     0.012073497614461175
-0.0638634918550546       0.013336679021250433     0.012058811764125696
-0.06384893570628343      0.05566443317862581      0.012168589014647001
-0.06384728914303127      0.05578569119501112      0.01217648123591397
-0.0638379824516726       0.012533406696027094     0.012190352623897342
-0.06381602303841294      0.05846764703281093      0.012326343958718703
-0.06381153252337247      0.05879042202647203      0.012347867664846053
-0.06378188310797413      0.0612674934741614       0.012489981404291637
-0.06377963946605933      0.010791813962689929     0.012479764562378617
-0.06377429642063866      0.06179975429954665      0.012526345529908469
-0.06374647304879165      0.06406385488407842      0.01265970681823966
-0.06373551988211337      0.06481387758825125      0.012712206990047593
-0.06370974797483989      0.06685660810178558      0.012835735349017309
-0.06370821115354239      0.00916118030245849      0.012849310007314985
-0.06369513856021794      0.06783299202524055      0.012905760476485525
-0.06367166085985569      0.06964562409400364      0.013018292403701356
-0.06367108525132083      0.008345087175331398     0.013036235457060695
-0.06365308447282067      0.07085730904728887      0.013107331841606524
-0.06363383645336514      0.07243536001460178      0.013199590430766642
-0.06361259694989602      0.07387674963811472      0.01330139449580561
-0.06359591572918422      0.07522483109217046      0.013381350040940734
-0.06358060855170304      0.006745920271989289     0.01350703169572929
-0.06357087068730215      0.07690004288909186      0.013501394611491682
-0.06355691723553991      0.0780113449700278       0.013568275558722215
-0.06352963113503729      0.005995015564121466     0.013724822821623694
-0.06352784795189184      0.07992736835868702      0.013707608912133528
-0.06351679436208477      0.08079477375801679      0.013760590394363982
-0.0634953475904763       0.005578353367238837     0.013874758405636964
-0.06348137551601658      0.08296537904339787      0.013930356069823234
-0.06347295601088113      0.08356798916827701      0.013970712484909803
-0.06343317307858881      0.0860087531165892       0.014161395183473188
-0.06342856619435329      0.08633969197794025      0.014183476876188383
-0.06338437560784985      0.08905397711685127      0.014395285327762268
-0.0633836012112482       0.08910981716522696      0.014398997153260203
-0.06337447224159364      0.08967119981568863      0.014442752819790664
-0.06334101636982734      0.003739829639142385     0.014540718095347816
-0.06333180179019984      0.09187911160595039      0.014614859355102072
-0.06332681255437307      0.09210377296001446      0.014634982490129754
-0.06327771802963399      0.09464693221483807      0.0148329994358691
-0.06326639396208185      0.0951563750255839       0.014878672824230377
-0.06322288101861126      0.0974130029135763       0.015054176789286004
-0.06320512094620258      0.09821122698190338      0.015125808394528147
-0.06316935908229505      0.10018214353967178      0.01527004770520993
-0.06314639270464506      0.10125942966069748      0.015362678628745173
-0.06313621883950186      0.0016820700114710226    0.01544224400504944
-0.06312722224682345      0.0015740840025091339    0.015481639558119495
-0.06311525206411182      0.10294992936605202      0.015488279031909843
-0.06311250709716512      0.00142958803187267      0.015546076337689278
-0.06308575496293602      0.10431266176689569      0.015607250502516393
-0.06305954215139505      0.10571399042156734      0.01571297535728005
-0.06301972855615123      0.1073787095879283       0.01587350078291761
-0.06299723373053767      0.10846192982171354      0.01596425881466089
-0.06294993947952345      0.11045353877178152      0.01615493040699426
-0.06293442293705921      0.11120872314687097      0.01621752912088243
-0.0628797180554587       0.1135294780518547       0.016438059735883616
-0.06287606371265299      -5.984044244614363E-4    0.016438980557712802
-0.06287108549860365      0.1139543142582389       0.016472883685378362
-0.06280904468395782      0.11660657872078434      0.016722967402622198
-0.06280719553124046      0.11669864328965457      0.016730426385127613
-0.06278950303416792      0.11746107543304216      0.016801738304290045
-0.0627361072322238       0.11944266673601772      0.016987298471313396
-0.06272858941359791      0.11968818276163355      0.017013408942593452
-0.06266184144668288      0.12218573648098684      0.017245355092987
-0.06264396993964644      0.12277246441868776      0.017307421108454107
-0.06263663245144063      -0.0023101655976920784   0.017343168188012403
-0.06258987328414813      -0.0026776316250770294   0.017519749393218955
-0.06258687000713939      0.12492740374038515      0.017505827777185762
-0.06255867107148759      0.12585827053597748      0.017603753143019138
-0.06253712460591138      -0.0029777983881936095   0.017718955246663812
-0.06251427455813334      0.12767437823634642      0.01775796533294744
-0.06247883929487866      0.12893379299989113      0.017881050438833722
-0.062441903759296084     0.13042203353060253      0.018009346771090985
-0.06239777279646797      0.13197792431457303      0.018161392654640975
-0.062368651093488416     0.13314690755939454      0.01826326695666213
-0.062316405792533565     0.13499165653060605      0.018442942102975847
-0.062294587203850865     0.1358706166127709       0.018519133104365787
-0.06223418838621653      0.1380066830917465       0.018726471432301516
-0.06221968568387742      0.13859311358869772      0.018777025603228054
-0.06220222871663188      -0.00464138203450859     0.01882919992152226
-0.062151094332937765     0.14102305475055915      0.01901206017540785
-0.062143918684065005     0.14131434881122626      0.01903702923517488
-0.06206894422845409      0.14397523030550213      0.019293470425692922
-0.06206707202714633      0.14403428895520326      0.01929916755548825
-0.06206683567488039      0.14404090306164236      0.019299877024787054
-0.06198101332199314      0.14675372946735554      0.019560620853852146
-0.061969937695934216     0.14706376025618406      0.019593813769406717
-0.061893922957111824     0.14947177650389026      0.019824394357957638
-0.06188556194050259      -0.006142007816402895    0.019879064846935225
-0.061871906838386594     0.15008826661336236      0.01989026955560793
-0.061805763315506426     0.15218837005855854      0.020090589802752946
-0.0617830834339474       -0.006540103452495292    0.020179139437141
-0.06177270282847745      0.15311449191513743      0.020189353023025818
-0.06171544790922387      0.15491464426739066      0.02036141338577139
-0.06166804733799715      0.15620820620371526      0.020503859826809863
-0.061620988624602885     0.15763961868792103      0.020645278929351897
-0.06160895296296519      -0.007193886951974697    0.020689046368408487
-0.0615602717087705       0.15930788901411788      0.020827743155991448
-0.061525888592171514     0.16036344981944411      0.020931070024520312
-0.061451978445619324     0.16240856200785117      0.021153182059471046
-0.06143011981986931      0.16308608771560906      0.021218870791979975
-0.061343146476820425     0.16551026549307113      0.02148023986121066
-0.0613336526610392       0.16580747947776117      0.021508770324766512
-0.06132785207777456      -0.008336224117035105    0.02151218054327405
-0.061258175889835564     0.16792716646020228      0.021735590322095412
-0.061233622112191216     0.16853565444002241      0.02180126219512704
-0.06122898101745855      0.16864294402122043      0.021813675331241015
-0.061140517914934786     -0.009069773563202717    0.022060767703000875
-0.061123096065508406     0.17129111526537416      0.022096876687103736
-0.06109778364850321      0.171880779258385        0.02216457762745464
-0.06101203087760754      0.17404590265134137      0.022393933173633425
-0.06096631700525246      0.1751193211838204       0.02251620012842024
-0.06090040389672148      0.176799988303682        0.022692492239445538
-0.06083874708565186      -0.010113756492240453    0.022853121775758507
-0.0608345709564178       0.17835859638626134      0.02286856993142214
-0.06078819118412149      0.17955334232061476      0.022992617911394835
-0.06070591438100272      0.18162089431237147      0.023214129780286384
-0.060681606036594435     0.18230267437112616      0.0232792091779922
-0.06058420938925274      0.18484067805411353      0.023539963881854385
-0.06057632298645953      0.18506266620382536      0.023561077715656777
-0.06052546358734483      0.18639130920844668      0.023697240796386212
-0.060465124998242845     0.18782086008065052      0.023844370218728796
-0.06045387978804345      0.1880692793623762       0.023871790503249543
-0.06034827048622523      0.19057722238629501      0.024129307886432937
-0.06032352175771513      -0.011830917847567186    0.02420599527858122
-0.060315337667071665     -0.011855167335132179    0.024225408683048885
-0.0603152972433345       0.19130661802058962      0.024209709736252055
-0.06029898122624883      -0.01190184371920495     0.024264209076745508
-0.06023020539450641      0.19333216379235824      0.02441719742780181
-0.06017534713403065      0.19454734957544118      0.024550963634381043
-0.060110883597774424     0.19608563015995417      0.024708151314648305
-0.0600339783908713       0.1977916007286044       0.024895676724758058
-0.05999025659729449      0.19883756456442764      0.025002287806131958
-0.05989113736975758      0.20103950456986763      0.025243979812981793
-0.05986827336626111      0.20158790711383898      0.025299731325851744
-0.05974879828009123      -0.013601384654198845    0.025569324075599156
-0.059746767687406485     0.20429120098487308      0.025596010383869005
-0.05974488018289876      0.20433659475306806      0.02560061286881312
-0.059733498257689414     0.20459118148257666      0.02562833922157404
-0.059611562693629064     0.20708236415162884      0.025900732555925992
-0.05958803295125623      0.20754146879166452      0.025953208315350404
-0.05947825118369801      0.20982910749678138      0.026198389111608544
-0.05943457865233548      -0.014532807902155224    0.026314727521302088
-0.05943002868531143      0.21078750505105356      0.026305903885223234
-0.05934999224753372      0.21258211994998705      0.026484479008374494
-0.05928197650225546      0.21402088388881865      0.026636233889357888
-0.05922381552133671      0.21533771595864531      0.026766001088130657
-0.059141389806933335     -0.01530722586846622     0.026946996702210246
-0.05913399289360717      0.21725410531100506      0.026966410892139234
-0.059097312364721113     0.2180929551494975       0.027048251490558603
-0.05898607989385303      0.22048716464735912      0.027296430354276348
-0.05897047149276034      0.22084782518710377      0.027331255394279552
-0.05887461258322251      0.2229299934657105       0.027545133186084893
-0.05884082670754012      0.22360203107318535      0.02761445553259674
-0.05883438290982719      0.22372290694505614      0.027627677009586335
-0.058703265817493286     0.22635495805448846      0.027896704948771438
-0.0586708795036717       0.22696735567301163      0.027963155654092412
-0.0585652731784526       0.22910744377480013      0.028179840233752335
-0.05851190881356643      -0.01690210459245406     0.028304534493591507
-0.058505970544573044     0.23021908530779606      0.028301616686710745
-0.05848705391206268      -0.016970628860134368    0.02835813592252386
-0.05847367330866726      -0.017005855766557356    0.028386993183211934
-0.05842337374370335      0.23185710165044238      0.028470993069184748
-0.058338679021796354     0.2334840046134965       0.02864495944536674
-0.05828345353825383      0.23460872548477238      0.02875823374241388
-0.05817525889042254      0.23674070999194038      0.028980531442924107
-0.05814557132778627      0.2373623765340715       0.029041438546152536
-0.058015774754837664     0.23998905710221863      0.02930819399023709
-0.05800981376809848      0.24011809421750527      0.029320435838138675
-0.05797329050877295      0.24087112009205186      0.029395442243134368
-0.05786792563752019      0.24287323615613235      0.029595261028408475
-0.05784838703861759      0.24322756473517726      0.029632314925521024
-0.05778189048726559      -0.018628843097223603    0.029750488389198818
-0.057723678823833446     0.24562838805355927      0.029868817316646177
-0.057678014414391104     0.24646653707432636      0.029955417401821997
-0.05757975618524038      0.24838385091114681      0.030141758824334466
-0.05750876053751018      0.24970324100006927      0.030276398234230062
-0.0574405706121707       -0.01938253642982314     0.030423226296661905
-0.057436167894864595     0.25113963448731325      0.03041406625869414
-0.057340653108064445     0.25293762034668194      0.030595204891021965
-0.057292924555994225     0.25389574895310574      0.030685719511162154
-0.05716607960534241      0.25615523198267814      0.030925328226425318
-0.05713973020727829      0.25665327926686476      0.030975444247566576
-0.057035437718934566     -0.02020122710774814     0.031156336068660473
-0.05699045342716634      0.2593625038455512       0.03125705852766786
-0.056987870152302465     0.2594123447185792       0.03126196621597879
-0.05697088217395873      0.2597267063445623       0.031293972526388686
-0.056829063424981785     0.2621720143403136       0.031543271340533564
-0.05680496235684167      0.2625712448258748       0.03158531673693106
-0.05667072770881672      0.2649331782310458       0.031821022431595306
-0.0566208911326577       0.26577469929037323      0.03190785563071158
-0.05651397900687414      0.2676960066506474       0.03209537826021806
-0.05643991664946289      0.26897179543369054      0.03222425930478836
-0.05636263808394581      0.2704505128442364       0.03235826806956747
-0.05633496179726538      -0.021578442312880315    0.03242385014235159
-0.05626515180591929      0.27225354987491657      0.03252989232653747
-0.05624279806214231      -0.021744852895936865    0.03257756248391607
-0.05621586932540466      0.27319627984235395      0.03261553402775509
-0.05608914547457609      0.2755388248425643       0.03283910072827566
-0.05606812900252279      0.2759407213185133       0.03287569998872911
-0.05599384542634482      -0.022182094372871407    0.032992759537225254
-0.05595858062469263      0.27796464380032215      0.03306937310735722
-0.0559160268880247       0.2786833659949988       0.03313821362033264
-0.05590748056208513      0.2788283655773294       0.03315219369939578
-0.05576207464478059      0.2814395773133046       0.033388404372405596
-0.055725363706606384     0.282074006394663        0.033448528557583734
-0.05560951861767202      0.28419672323883566      0.033636917120927624
-0.05554601187975035      0.2853153523159437       0.03374105265288205
-0.055458389599837524     0.2869548316009234       0.03388369522015818
-0.055406464430944616     -0.02329161428992459     0.033972386275211194
-0.05536947038373195      0.28855231325336606      0.03402967818545405
-0.05530871961922077      0.28971393134485535      0.03412867975286183
-0.05519578579667212      0.29178479658186296      0.03431431488264035
-0.05516054200109207      0.2924740525883798       0.03437180941529662
-0.05515730967778169      -0.023748075350348754    0.03438791257581663
-0.05502500601783525      0.2950127070491468       0.03459486991128475
-0.05501389143440741      0.2952352266816771       0.034613020395142795
-0.05494394889376904      0.2965744933597017       0.03472827118172388
-0.054862969039589496     0.2979966702429336       0.03485131013364123
-0.05484841106624028      0.29824158588667016      0.034873608750479644
-0.054692667054361        0.30076919938436764      0.035112810423132655
-0.05465054251807899      0.3014045939258915       0.035176672426317585
-0.0545214655768392       -0.024819023594674024    0.03536863617344629
-0.05451782822370711      0.30354086070163167      0.035380097444178395
-0.05445622403798184      0.3045833600776604       0.03547383961342628
-0.05435979210981582      0.30630533006096394      0.03562061176259737
-0.05427294424191266      0.3077882563804315       0.03575276193430127
-0.0542018820973893       0.30906990828503456      0.035860916770744156
-0.054090346453308166     0.31099196916403915      0.036030626221454295
-0.054044101585563824     0.3118345981223972       0.03610100731836255
-0.053908445130002314     0.3141944737728197       0.03630741058920178
-0.053907621867283526     -0.02582147639708369     0.03631540321515717
-0.05388645408887273      0.3145994024149158       0.036340878080350726
-0.05374029684504546      0.3171666661616956       0.0365632501296661
-0.0537282262684491       0.31736422033616124      0.03658040761719947
-0.05372616744339204      0.31739642523786815      0.03658333337355704
-0.05358120711915028      -0.026312684828165518    0.03678239622197582
-0.05356090108317856      0.3201278108039363       0.03681824005896095
-0.05353060902140935      0.32060592406952054      0.036861285961774376
-0.05339369663856039      0.3228915007000104       0.037055884199100386
-0.05333577064278912      0.3238142353505088       0.03713819574435731
-0.05322661638132456      0.32565529267539783      0.037293335158826574
-0.05314166848375055      0.3270213328389767       0.037414039843212316
-0.05305712653103241      0.3284176113379707       0.03753418082737937
-0.05295314858763191      0.330190994540324        0.037681161665577445
-0.05289731409418505      0.33119844137903576      0.03776081428773133
-0.05277415821463288      0.33332210606460244      0.037934658370445795
-0.05273813608189746      0.33397997365216137      0.037985980530092334
-0.05259646342626884      0.33645066789781236      0.03818567928951111
-0.05258590366448112      -0.027764410480071187    0.03820631794197878
-0.052581022904240486     -0.0277710644124676      0.03821279490555523
-0.05257961478896101      0.3367622233414829       0.038209653244677025
-0.05256462062558878      -0.027793686630898765    0.03823456090771818
-0.05243625065304303      0.3392916026704063       0.03841144976240465
-0.052420889247067795     0.33954446826592605      0.03843181000004338
-0.05241883056250819      0.33957687664847913      0.03843451151416901
-0.05225417027956612      0.3423201957331348       0.03865247916894929
-0.052230134762662674     0.34270284668859363      0.03868397634595319
-0.05208821893371417      0.3450967090022583       0.03887159958550687
-0.052042922398621        0.3458262245516471       0.03893087616203442
-0.051923060907016406     0.3478740260105666       0.03908914281429057
-0.05185722830962306      0.3489469654715248       0.039175174467527954
-0.05175872268509329      0.35065216524544746      0.03930507954778972
-0.05167308814177103      0.35206502364534764      0.039416833922342735
-0.05159523157212792      0.35343114576565837      0.03951937957271778
-0.051586599762284774     -0.029227484592224198    0.03953241221223985
-0.05148179352165035      0.35518507128216226      0.03966650705080963
-0.05142013238361916      0.35622214501222677      0.03974691737049421
-0.051287942839540156     0.35839242333309296      0.03992044307498447
-0.05125656461329         -0.029717536525931867    0.03997036486806974
-0.051252708722043856     0.3589904154461345       0.03996642756481638
-0.05109523999272993      0.36159840036694507      0.040173314198532
-0.05108586518991513      0.3617589819982284       0.04018555916366328
-0.051024621396542874     0.36278234384975533      0.040266091803479565
-0.05091229077458475      0.3645258744723221       0.0404032344541049
-0.05089352462835545      0.36481013293444015      0.04042628973035947
-0.05073503302264008      0.3672919010342418       0.040619943591794855
-0.05068706659511885      0.36802465292429043      0.040678922923449864
-0.05055835670950691      0.3700582117214531       0.04083631289746258
-0.05054441700910224      -0.030654099236440017    0.040852498163012695
-0.05048180366401957      0.3712377877756782       0.04093052192099157
-0.05038226765703477      0.3728248110558672       0.041052334003513345
-0.05027774658821792      0.37444952039887924      0.04118107052117166
-0.05020677181127341      0.37559170365586364      0.041267998363842755
-0.05007490629850017      0.3776598334218732       0.04143055225454769
-0.05003187524580241      0.37835889423887586      0.04148329724905104
-0.04989228290440353      0.3808188292018752       0.04165568062502824
-0.049876411597711626     0.3811106816207812       0.04167514585311862
-0.04987455426421186      -0.03154684986030492     0.04168223546176375
-0.04976114338273878      0.38318606064038807      0.04181762702438968
-0.049720563942930736     0.3838632546988178       0.04186415768101451
-0.04971450695072285      0.3839622504671919       0.04187115433447702
-0.04953931039694148      0.3866197240421241       0.04207279269290231
-0.04950490762902578      0.3871292952789386       0.0421124147448816
-0.0494489616928192       -0.0320465448760515      0.04217458534826712
-0.04936013993746763      0.3893783235184566       0.04227904510685924
-0.049299995155414826     0.3902901096030652       0.04234832116379734
-0.04918389849409652      0.3921389512451334       0.042481961297270165
-0.049099817370719445     0.3934446286004684       0.042578817075859254
-0.04901064554843817      0.3949016489801592       0.042681471875660196
-0.04890442278190302      0.3965927865292278       0.04280384517878462
-0.04884044222621066      0.3976664596357559       0.04287750553561451
-0.048713860573697365     0.39973451672883736      0.04302334736962871
-0.0486733513544406       0.4004334273185182       0.043069988986051105
-0.04852818062048199      0.40286975160410515      0.04323726473075169
-0.048509437521068316     0.4032025973712595       0.043258846881688
-0.04843403522213167      -0.03315171261798082     0.04334845234290657
-0.04833323541842961      0.4059720370670331       0.04346083378460922
-0.04832949750668855      0.4060274434411253       0.04346487339471374
-0.04832901126698089      0.40603445535966215      0.043465394186994
-0.04823586347779085      -0.03335004447761463     0.04356261095244642
-0.04814188689171961      0.4088509403811628       0.04366740270711261
-0.04811746687245814      0.40920833775995535      0.04369352614250747
-0.04795608855861574      0.41167578430443086      0.04386755236060878
-0.04790881786488739      0.41237818648292873      0.04391805862290179
-0.04777360141468086      0.41448264903320087      0.04406388189140006
-0.04770641378428642      0.4154976306988077       0.04413548342454641
-0.04759246875718791      0.417283933601311        0.04425819472733282
-0.04750493465149144      0.4186154893351491       0.04435134062494281
-0.04741184066468061      0.4200857192564601       0.044451456584720904
-0.04730439486163003      0.42173174761146104      0.044565620537326704
-0.047231728665103626     0.42288801227805906      0.04464365873461653
-0.04711046318258031      -0.034478855000071605    0.04477832216598138
-0.047104808989305844     0.42484639056297124      0.04477831335416074
-0.047052144479827376     0.4256908190508803       0.044834792301610145
-0.04696639808332401      -0.03462907827990427     0.04493395779930361
-0.04693807207596805      -0.03465868713238034     0.04496454657311899
-0.04690619179140451      0.42795940303774554      0.044989409145246476
-0.04687310002772196      0.4284941460672768       0.04502484826074566
-0.04672299292521789      0.4310965337671836       0.045184865793451684
-0.04671301963822899      0.4312788970915242       0.0451954664688134
-0.0466310903539138       0.43267744793038077      0.04528283336427967
-0.046543926345661575     0.43405972910258867      0.04536955148063021
-0.04653115713698937      0.43424955384068964      0.04538229278359278
-0.04636544871296276      0.4368364903711128       0.04554721509009161
-0.04632589407986294      0.4374156288307714       0.04558669628855358
-0.04618306125806545      0.43961076332035104      0.04572890454811613
-0.046115248807816055     0.4405886686838414       0.045796613431631855
-0.04598816049094692      0.4423712743596757       0.04592269664316273
-0.04587747260758561      0.44383784106516533      0.0460337898018571
-0.04578464570570112      0.4451228060161013       0.04612603241176303
-0.045643444039723355     -0.0358963830307668      0.04627106924168501
-0.04563385577266142      0.4470950299774212       0.046277597665512024
-0.04557701250478488      0.44787155199455003      0.046334174997421
-0.04538895968422174      -0.0361402919397158      0.04652779134261126
-0.045384235303539064     0.4503604642269076       0.046528229373166086
-0.04536517241576933      0.45061745033479006      0.046547233916295776
-0.04526048917215886      0.45195155033688283      0.0466527663123967
-0.045140605092954        0.4533580279308442       0.04676467204615037
-0.04512215002077949      0.45364422140815325      0.04678225836532026
-0.04496333625970565      0.45611606383094505      0.04692947377572632
-0.04490979578533007      0.4569464610774929       0.04698068080391978
-0.044785995998839305     0.4588736109313646       0.047095866239695264
-0.04469726107502306      0.46025005108101985      0.047181044690178336
-0.04460858331407107      0.4616306661961787       0.04726385883071285
-0.04448454399360531      0.4635550006448853       0.047383362704209724
-0.04443109720084947      0.4643872265642697       0.047433461019379536
-0.04427164262750939      0.4668613190794819       0.047587647641907094
-0.04425605341572993      -0.037131503922456385    0.04759587467322467
-0.04425353664626937      0.46714328894906426      0.0476046823550508
-0.04416274840535316      0.4685521419672256       0.04769279253740775
-0.04406743540828497      0.4698964032817845       0.047776974005264684
-0.04404744056024654      0.470177184788289        0.04779515685092033
-0.04386821550401066      0.4726629206526524       0.04795586422992143
-0.04381524334003277      0.4733788848480919       0.04800351521089411
-0.04378685160908903      -0.037543102080447914    0.048038060145659964
-0.04366636069451671      0.47543006493867107      0.04813707242867271
-0.043580416925578465     0.4765840391373633       0.048214414476469125
-0.04346263034640516      0.47819602060408617      0.04832012184299114
-0.04334408948233062      0.4797446458385793       0.04842596488301359
-0.04325304985122155      0.48097550397305866      0.04850822887590034
-0.04310912164350157      0.4828572660434462       0.048636507706813034
-0.043042802734303554     0.48375476311577653      0.04869632711940229
-0.04287348138850064      0.48597029509445483      0.04884696541910874
-0.042831883406109356     0.4865337951908815       0.04888441978001833
-0.042799443112378016     -0.03833195841095556     0.04890761349528698
-0.042637163871458376     0.48908373788605775      0.04905734072072353
-0.04262028618225677      0.48931259730880483      0.04907251011867631
-0.04247538691890753      0.49121170167376743      0.04920095546394608
-0.042404568495667865     0.4920901221961699       0.04926047915411533
-0.04239532944250245      0.492200994496689        0.049268143072106446
-0.04218070887572942      0.4948651391763738       0.04944820962912083
-0.04214232353428041      0.4953260545915697       0.04947999281518866
-0.04213176824948809      -0.03886683705341193     0.04949537494787179
-0.04195606900661279      0.4976398799975313       0.04963597913297671
-0.041888505355189704     0.49845165443558015      0.04969182017119424
-0.04174019733786909      0.5004163271309146       0.04981567200582286
-0.041648953050041494     0.5015765645311187       0.049891128075890356
-0.04152575773511068      0.503192248736783        0.04999387418604188
-0.04140707674808914      0.5047270645273186       0.0500924177645637
-0.04131607500390359      0.5059463364888616       0.050167862295153506
-0.041268325114119625     -0.039495001888331896    0.050205444818431866
-0.04116450211539663      0.5079023988693814       0.05029374528717023
-0.041104888315819724     0.5086995289537019       0.05034317917871931
-0.04092003241571611      0.51108005341519         0.05049673885508432
-0.040892174091701074     0.5114518122066546       0.050519845289642755
-0.04070634323408017      0.5138397736692651       0.05067424981903605
-0.04067599223214114      0.5142025847088073       0.0506978279236297
-0.04067082162616068      0.5142621748120098       0.05070185130740349
-0.04044555790959748      0.5169485208713757       0.05087688756153453
-0.040423730101276215     -0.04011121502445299     0.05089975781923766
-0.040401004850861386     0.5174607008608728       0.050911563377556375
-0.04021332840011679      0.5196934219369176       0.05105742715484787
-0.04012886284931358      0.5206619840709662       0.05112318202469616
-0.03997927398690022      0.5224372708852754       0.05123947081243045
-0.03985435419667292      0.5238660732865048       0.05133674075962158
-0.03974336429804494      0.5251800503210832       0.05142304317462048
-0.03965683805746262      -0.04061759216520655     0.051488436580599345
-0.03957743648380568      0.5270730185122825       0.05155227388937628
-0.039499770057781755     0.5279220380024047       0.051612525811832385
-0.03929976556103532      0.5303620818286414       0.05176923979436359
-0.03927329801985264      0.5306917119911282       0.05178976328179415
-0.039129705207114875     0.5324486794929878       0.05190246178111903
-0.03904038021337846      0.5334558852448693       0.05196687499414114
-0.03902399476746961      0.5336365725977705       0.051978839358240464
-0.03879624103263415      0.5362106533791732       0.052143348578733435
-0.03873518223014247      0.5368854426147464       0.05218800748189234
-0.03866275775782646      -0.04127595281849857     0.05225123093475375
-0.03855161753541647      0.5389649726531003       0.05232081912286958
-0.0384459780806083       0.5401350204238616       0.052398214303914295
-0.03830650141449074      0.541718837460903        0.05249929547733223
-0.03815637505397379      0.5433853143277833       0.05260946775112788
-0.03806088422371353      0.5444722421030967       0.052678786640901545
-0.03795607694007231      -0.0417365778861518      0.05275470715114264
-0.03786636577127301      0.5466363327595458       0.05282177587482077
-0.03781475737511722      0.5472251807844942       0.052859301763461576
-0.037575942737219634     0.54988808428512         0.05303514685319935
-0.037568112135920526     0.549977647612187        0.0530408501491853
-0.03752389185949916      0.550471848388301        0.05307346512936609
-0.037304462695899474     0.5527229606374837       0.053222124671241156
-0.03726316326308998      0.5531440312425138       0.05325027830040969
-0.03704052961962474      0.5554536949621298       0.05340202771062724
-0.03695621844286479      0.556312716553327        0.053459503395013167
-0.036799622647393115     -0.042523827357683994    0.05357831745891872
-0.036778142013982815     0.5581756313972197       0.05358133751482189
-0.036657626793418996     0.5594141225405671       0.05366310640605167
-0.03651612952323907      0.5608935522670322       0.05375980406022193
-0.036358143411195296     0.5625161711271209       0.05386687451649383
-0.036253359115917726     0.56361114022235         0.05393840138990525
-0.03618131165714809      -0.042885342223145245    0.05398739420459729
-0.03605776277108548      0.5656188667644618       0.05407080986764821
-0.035989826182975575     0.566328392987383        0.05411713127293716
-0.03575647929683105      0.5687222139452742       0.05427491462064715
-0.03572552607326376      0.5690453082655501       0.05429599549454422
-0.03550447147259224      0.5713116982968822       0.054445296452742396
-0.03545756470421659      0.571760707645445        0.0544748582678981
-0.035450303535591816     0.5718289985553693       0.05447939751475436
-0.03517423013888125      0.5744698201658281       0.0546531805267578
-0.035123082928657984     0.5749505043683092       0.05468511692211837
-0.03495825024590768      -0.043562359590436195    0.05479771995802843
-0.03488999877272915      0.5771785354363537       0.05483166577939538
-0.034789666819147344     0.578122259627964        0.05489477820171758
-0.03459959667322486      0.5799214764816427       0.05501345978350207
-0.034436912142761206     0.5814228093344349       0.055115922822454866
-0.03430856524637695      -0.04388007304542652     0.055196526152803974
-0.03430355800555556      0.5826611777899918       0.05519930868117524
-0.034074835957890195     0.5847326682010365       0.05534354516658864
-0.034002316052231335     0.5853947722241644       0.05538913057289223
-0.03370458870223454      0.5879771647533901       0.055576079457290206
-0.03368951290207231      0.5881126008668311       0.05558555426589647
-0.03360928317206049      0.5887976077530308       0.05563592378705661
-0.03335382392591141      0.5908204821798952       0.05578444599607772
-0.03329648230586921      0.5912528794515334       0.05581775103285729
-0.03310863436871598      -0.044495255068609546    0.0559353052281544
-0.033005218833226733     0.5935222383247504       0.05598705796391265
-0.03286712956177517      0.5945471673249509       0.05606724887869807
-0.03264894161940403      0.5962198784879211       0.05619405448309934
-0.03242535498976133      0.5978533100670588       0.05632387288981662
-0.03235643176955167      -0.0448332711397107      0.05636314259099213
-0.03228483328482261      0.598913317596087        0.05640552551363513
-0.031970769889936246     0.6011716781355614       0.056587844932695745
-0.03191273041764058      0.6016024682151521       0.05662156351189702
-0.031664279057407284     0.6039211398066268       0.056765888314436116
-0.031616134141522166     0.6043373382656485       0.056791663779229666
-0.03160638070483682      0.6044182773715173       0.05679688916981152
-0.03129297317202234      0.607060645507758        0.0569646996866757
-0.031223417433138792     -0.045368509412926736    0.05700954896824587
-0.031215671849545046     0.6076867557193879       0.05700611821529464
-0.030961274824199136     0.6097794298801008       0.05714234901168005
-0.030810909972016715     0.6109685672173878       0.05722292411193233
-0.030620962428576745     0.6124936505341172       0.05732465441294629
-0.030391767531140104     0.6142640231331086       0.057447484954553124
-0.030317440384646836     -0.04574015759444466     0.05748546517677971
-0.030268065196347844     0.6152044984062588       0.057513855895389626
-0.029944050369172352     0.6175718314572821       0.05768711267904311
-0.029898407658854348     0.6179127803582101       0.05771158561305647
-0.029689121356436844     0.6194157947672279       0.057823427321007176
-0.029509108711199942     0.6206122835577652       0.05791210327207771
-0.029462985780214248     0.620907334715203        0.05793475139668702
-0.029302445136993642     -0.04617927991837606     0.058020318996347006
-0.02909641626710539      0.6233014940120405       0.05811520336130041
-0.028941423739684415     0.6242761349958099       0.05819126224329989
-0.028674992617909623     0.6259861884547429       0.0583223290732946
-0.028397301704185626     0.6276794646673086       0.05845904403643022
-0.02824216936303993      0.6286277903603597       0.05853513251339103
-0.028182928371484596     -0.046595191083309506    0.058561431855798096
-0.027827955400586392     0.63112020115368         0.05873927366750083
-0.027803726606993498     0.6312663518842999       0.058751170376928064
-0.027724044496253233     0.6317395471705172       0.058790481739776995
-0.02734555321367619      -0.04692454030566556     0.05896747459454511
-0.0273298102751467       0.6338900268020171       0.058967895135448804
-0.027195467664264242     0.6346115540016757       0.05902863367745233
-0.026843240450611153     0.6365078554141522       0.05918732689782781
-0.02653838165029393      0.6381241025633164       0.05932531033897753
-0.026350525273714932     0.6391224151824084       0.05941004559059768
-0.025942793571650937     -0.047391909507201534    0.05958863793304818
-0.025867709675370217     0.6416494524740632       0.05962881525183803
-0.025851651518717253     0.6417336974421126       0.05963606688684345
-0.02580579555567299      0.6419706697241626       0.059656867641354035
-0.025352566614616847     -0.047601065659644407    0.05985086580862753
-0.02530746487445084      0.6443261447027413       0.05986215238394331
-0.02511038917839606      0.6452438017784097       0.05994369385725187
-0.024745434970959733     0.6469384786565764       0.06009484397533804
-0.024322136210055426     0.6488326688973705       0.06026901629119924
-0.02416163209211742      0.6495553268364513       0.06033536186608026
-0.02368146519348356      0.6516290246812442       0.06053149132234586
-0.0235851824504585       -0.04812273045523985     0.060564261819873746
-0.023545419012129795     0.652171871731128        0.06058255841876813
-0.023490164731388714     0.6523781642393954       0.060602962286433124
-0.023323298609903065     -0.04820541586009014     0.06067033267763542
-0.02286675931020799      0.6547593925923085       0.060835692939057384
-0.022515359863315744     0.6560172359953175       0.0609648173501295
-0.02215638463059197      0.6573306493050585       0.06109810003662425
-0.0220155539763425       -0.048542028703144974    0.06114866235514625
-0.021459062818065398     0.6597250335204234       0.06135306878345192
-0.021413387732409084     0.6598851986826051       0.061369934791254764
-0.021312237213654165     0.6602185268995642       0.061406735341577895
-0.02125809537464981      -0.048752358817306385    0.061425507046241
-0.02106450851642156      -0.04880017665276321     0.06148823815181788
-0.020574090148723575     0.6623206588461694       0.06164821940241429
-0.020193591623845562     0.6633690320900638       0.06177075341504835
-0.019701134813731105     0.6647259651615096       0.06193090447730174
-0.018998075986674478     -0.04939908114378459     0.0621600835987524
-0.018833870301469        0.667039532759912        0.06220862995848372
-0.01880484422909201      0.6671169688390898       0.06221801331262216
-0.018751294313587935     0.6672553677715569       0.06223506501464669
-0.017859779210188914     -0.04965094605151294     0.06248492021729963
-0.017801996539352317     0.6694443134782821       0.0625029160038772
-0.017147520542011137     0.6709058423031293       0.06268478847731551
-0.016768188213943432     0.6717529125453362       0.06279110346936097
-0.01672129583283535      -0.049952261879300575    0.06281098632515195
-0.016275679714759475     0.672874471211399        0.06292808845389693
-0.015713425815553635     0.6739857572108278       0.06306288641419278
-0.015142050660975032     0.6750651799099704       0.06319987115633455
-0.01456081987632282      0.6761593558665936       0.06333921874350636
-0.01445109431737829      -0.05039143789688013     0.06337208828216748
-0.014426590349332346     -0.05039616302469297     0.06337815640795637
-0.014384008813010236     -0.050402254942188904    0.06338702987212674
-0.013991918725687155     0.6771842346858347       0.06347561035381616
-0.013286802489573393     0.6782597619504097       0.06361791310505649
-0.01220332002325272      0.6798396341797512       0.0638365756857508
-0.012059964891347169     -0.05077805638643163     0.06387133180790602
-0.011886695434337295     0.6802863556375258       0.06390049682795541
-0.011692559950713244     0.6805454306290377       0.06393961994807078
-0.010622970058532254     -0.050942415052609505    0.06411509662553563
-0.01022986536097449      0.682164553531279        0.06418005406549357
-0.00967821692660057      -0.05107095970891923     0.06427535995401205
-0.009376196134861186     0.683056085182417        0.06432012042547197
-0.00834859471332817      0.683906114953027        0.06445095321853292
-0.008307261205869148     -0.051191355502267735    0.06445546470549016
-0.0072813464550925576    -0.05130229336583851     0.06459024084627447
-0.007049132170985614     0.6849152903870649       0.06461607339138126
-0.006519018420633187     -0.051349734882836645    0.06466158561486937
-0.0061259276794295835    0.6854407164311427       0.06469980569725023
-0.004869353476823122     -0.05148485179967742     0.06481597448469327
-0.004711126660726372     0.6861891840952417       0.06482783617771268
-0.003348028834232731     0.6866397824874776       0.06490213255744084
-0.002851453037820393     -0.05155572145574884     0.06492953221488613
-0.0024422379917922684    -0.05157904225926588     0.06495256086926846
-0.0023619698131086245    0.6869352444293783       0.06495571932928743
-0.002080044423826554     -0.05158355053377957     0.06495959628026388
-5.993403080538425E-4     0.6871284372569416       0.06498874154944229
2.636344692158628E-18     -0.05164642501815074     0.06500000000000003
4.915848634055095E-17     0.6871664731162418       0.06500000000000006
7.245509399754192E-4      0.6870949329548413       0.06498580825759068
0.002160586319181419      -0.05156330033174333     0.06495879734197821
0.0024003013757396725     -0.0515582728968588      0.06495422594512618
0.0024613404634934314     0.6868523092969037       0.06495179170135584
0.0026410203174112024     -0.05154259702664007     0.06494091141582485
0.0032281882555335387     0.686599802671948        0.0649083027002667
0.004786233707986986      -0.05145275985819224     0.06482225641365473
0.00490723211935039       0.6859956024911271       0.06481307462541563
0.005962296938844662      0.6854067290996544       0.06471356841748223
0.006757866455289164      -0.051278879112564194    0.06464088184260113
0.0071577969967419495     -0.05125133804680922     0.06460409140558566
0.007337715530993747      0.6845849638948187       0.06458384133859506
0.00763059267752948       -0.05119731483498515     0.06454304411478984
0.008183994629810159      0.6839036261096321       0.0644717971905281
0.009514991242004556      -0.05102308706099391     0.06429973092091898
0.009752795595696733      0.6825632310724451       0.06426408357787887
0.010085759232371072      0.6822062679156881       0.06420715655083183
0.010803636455436114      0.6813930591380726       0.06408441491445813
0.010992328639012618      -0.05081610195268438     0.06405345436270019
0.011700524734530489      0.680333819584027        0.06393106735964754
0.011857816443774809      -0.050713239253011286    0.06390917495965466
0.012152389334313198      0.6797725392246791       0.06385380876111606
0.013069194645259383      -0.05051269537094372     0.06366114525237448
0.013107506924027469      0.6783339814069629       0.06365318313780535
0.014186272602052711      -0.05035039440732417     0.06343242352179272
0.014262461046247897      0.6765081118152156       0.06341058118684031
0.014412215275289419      0.6762709015069265       0.06337912481343831
0.01453644009873948       0.6760641276149942       0.06335303097650795
0.014928706149780847      -0.050206116292329586    0.06325181205206265
0.015542033393858824      0.6741006870369733       0.06310199471527791
0.0163782270191726        0.6723864172972933       0.06289324737936985
0.016445204437490642      -0.049941954090218274    0.06288390654541212
0.016616961596747706      0.6718958238255155       0.06283364969104828
0.016905016936964005      0.6713299173330438       0.06276173953432838
0.01764479586496943       0.6696638935849083       0.06254739061542482
0.018177337671484335      0.6684427898099561       0.0623930879356758
0.01849402902748405       -0.04944811439643055     0.062308897941115125
0.018627523697837912      0.6674040894684952       0.062262647715085426
0.018658590309317616      -0.04941537065573066     0.06226294993275184
0.018951950502260787      -0.04933814719022877     0.06216973870106442
0.019258132497686493      0.6659222080850404       0.06207993028870551
0.0195625534495888        0.665114826145418        0.0619793539104148
0.019740974899811248      0.6646329836523723       0.06192040592834194
0.020422631583208208      0.6627796013035805       0.06169519611830511
0.020858802141891758      -0.048881148274204235    0.06156221303712045
0.02108358132585545       0.6609491074371143       0.06147682737331286
0.021267986887855042      0.6604348193894626       0.06141590233979136
0.021595774380266115      0.6595033265236563       0.061307605799897844
0.021993860531643074      0.6581407352249943       0.06115978428634199
0.022073313418992713      -0.04855017256469013     0.0611260974939339
0.02218401707710753       0.6574760496689777       0.06108917329683111
0.02263907454130608       0.655873913003985        0.06092019654523368
0.0229583677693381        -0.048340380252489205    0.06080938347427123
0.023121262315437735      0.6541395555737157       0.06074114529304486
0.023271604358710427      0.6535947703857841       0.060685318677193484
0.02359968569044739       0.6523797110825809       0.06056349187720614
0.0238700987483015        0.651286892001541        0.060452998803604954
0.02396580543284607       -0.04802673714713608     0.06040991959973183
0.023977083112752325      0.6508371785112117       0.060409410461583456
0.024418221163644782      0.6489755745246042       0.06022898279598708
0.02474335200649607       0.6475650351264836       0.060096728303865615
0.02494313966340333       0.6466290423518852       0.06001528469872731
0.025020465699463833      -0.047734359862016       0.05999048942205489
0.025417471242833816      0.6443452089653774       0.05982192302964634
0.02544037730062313       0.6442367336629624       0.059812585356006594
0.025505648802920333      0.6439190391608678       0.05978597737278129
0.025836172593715873      -0.04744263331912579     0.05963338566079071
0.025902470454859668      0.6418155487800542       0.05960919016590651
0.026023862640425995      0.6411540594504062       0.05955510897891152
0.026354187667333624      0.6393848110463258       0.059407946547315384
0.026610805148719927      0.6379717794743934       0.05929362141166908
0.02679998023674031       0.6369480035584697       0.05920934240207081
0.027045065208711135      -0.04705951205320209     0.05910590445583405
0.02718696425090541       0.6347948046696392       0.05903693793476039
0.027239926803995607      0.6345052068835323       0.05901334269506449
0.027413713197450812      0.6335281392374283       0.05893591946910514
0.027657515779247816      0.632043662633543        0.05881776654398497
0.02772274632401142       0.631635163642897        0.058786154163927545
0.028058839268703895      0.6295681407477922       0.058623274983343104
0.028239576429203297      0.6284879315293895       0.05853541434937463
0.028479776918824896      0.6270768564336318       0.058419195508300464
0.028743299370294472      -0.046387033487637674    0.05829442832812202
0.028764242550477364      0.6253459970649331       0.05828071987253212
0.028892761366718846      0.6245775454935255       0.058218457132094205
0.0290240586940944        -0.04628288021164059     0.05816010385107414
0.029208803223617803      -0.04620293421736803     0.05806403364272771
0.029274789349751414      0.6222108906534763       0.05803223322802914
0.029297888570895988      0.6220703005233754       0.05802102809827284
0.029388862575408747      0.6214964450784053       0.057976620808633944
0.029678002920292455      0.6195419189571765       0.057824513055385975
0.029741851688040655      0.6190943281750911       0.057790706684207514
0.0300459544196032        0.6170264930243686       0.057630115678445726
0.030199361197797668      0.6159705039817931       0.05754910440739422
0.030410707367549354      0.6145128190847704       0.057437496419549525
0.030648716110362656      0.6128507847304627       0.05731180842188935
0.03077108219774019       0.6119945858830045       0.057247189163304874
0.03093139302207421       -0.04551108976687103     0.05716854499609076
0.03108997939887914       0.6097351387210548       0.057078785472746425
0.031127073475409894      0.6094717877594414       0.057059196779711406
0.03128546533440592       0.608332947415924        0.0569755529800262
0.03146593476560075       0.6069344599946581       0.05687255507937566
0.03150190806561291       0.6066317227925169       0.05685209626674917
0.031766893166521384      0.6043993326966943       0.05670050349490528
0.0318675145456484        0.6035444236627022       0.056643346878680036
0.032065390903217326      0.6018613946914388       0.05653027477810421
0.032228817101180134      0.6004594599334272       0.05643755476707163
0.03228182117886248       -0.0448855842789938      0.05640839118116374
0.03236142620050875       0.5993206466951423       0.05636186461902616
0.032585836215188305      0.5973768189108367       0.056234699198695295
0.032654997283818925      0.5967770894238127       0.056195268709189096
0.0328054019083886        -0.04465949908749554     0.05611376103992096
0.03293859222247714       0.5942964879929032       0.05603475959030855
0.032946102379174065      0.5942307235932144       0.056030482741574586
0.03298196464075918       0.5939139322519877       0.0560102099863133
0.033217014811162474      0.5916677158881072       0.055866115948275674
0.033262599990914625      0.5912283046479769       0.05583838118918945
0.033522820209334246      0.5891398674235709       0.055679331455026834
0.033646140747445236      0.5881468025295744       0.05560419502091932
0.03370687559623786       -0.04421483873629305     0.05556628489624942
0.03383592377165213       0.5866192375960981       0.05548826143590241
0.034028233444758846      0.5850661059936759       0.05537115731849984
0.034148204834076365      0.5840976397716238       0.05529791037359186
0.03436514288312276       0.5819885240266955       0.05516556286894652
0.03441915037148611       0.5814730949703655       0.055132664011088475
0.0346462754427198        -0.043770166480117195    0.05499567649383752
0.034684534086230324      0.578910675037073        0.054970718885542905
0.03469098212617277       0.578849548544544        0.0549667899676122
0.034727532064397         0.5784990324189972       0.05494448026024837
0.03494961729555401       0.5762159996428621       0.05479909142359025
0.03498575932126478       0.5758401159380341       0.05477538839357484
0.03514546024566996       -0.04350126851065201     0.0546693844912088
0.035206949399242675      0.5735817524018663       0.054630547351804594
0.03528555211818915       0.5727699079911546       0.054578984302408436
0.035465153385946406      0.5709485044884505       0.054461345672971735
0.03558698258897916       0.5696987796313877       0.054381406047586574
0.03572422161329038       0.5683162477325983       0.054291490936315565
0.0358900418963047        0.5666267354883734       0.054182658570375325
0.035984146521980384      0.5656849740531092       0.054120987641605126
0.03619472126200498       0.5635537801607551       0.05398274677895712
0.03624820416874039       0.563050534794266        0.05394777005437976
0.03645401699117333       -0.042841542417466155    0.05381431087989254
0.0365173974948607        0.5604583122212954       0.053770510950866546
0.036523931354615416      0.5603961002153902       0.053766233491597946
0.03655879733363756       0.5600769746795637       0.05374332757372439
0.03679062814164038       0.5578120154125884       0.053580219765396
0.036832901187008917      0.5573957481816549       0.053550488416309605
0.03705318881935538       0.5552238950971522       0.0533955101770098
0.03714246971720867       0.5543366497002513       0.053332720915523366
0.03731365485366126       0.5526333632008538       0.05321229396958196
0.03744864969718863       0.5512793915228273       0.053117360416047345
0.037572024978825946      0.5500404183917119       0.053030571793368245
0.03775145417038943       0.5482239664960032       0.05290439735621871
0.03782666514634263       -0.042059904286763886    0.05285153919075781
0.03782829792818516       0.5474450593367648       0.05285034429910334
0.038050896112738306      0.5451703675034256       0.05269382222386624
0.038082472434141396      0.5448472847020684       0.0526716121380014
0.03822852561689345       -0.04184502149375924     0.052569761310373025
0.03826278795816825       0.5429871837097571       0.052544828623464754
0.038327982405105335      0.5422407922196466       0.05249567223464978
0.038337990880744986      0.5421221894666209       0.052488128848846655
0.03855414345401068       0.5396151322696907       0.05232515884157685
0.03859825471228011       0.5390854198242687       0.05229191404542047
0.03877695033188315       0.5369855534179162       0.05215719186412293
0.03885423784519444       0.5360520655685697       0.05209863654914455
0.03900336755930767       0.5343156524267689       0.051986564659947776
0.03911174458067945       0.533028313446412        0.05190444408324026
0.03923072324737506       0.5316512645594964       0.05181493057600043
0.039355066616809264      -0.04105360935454919     0.05172010761236241
0.03937026944904844       0.53000387870701         0.051709078897449905
0.03945859237255539       0.5289876823175753       0.05164255471326697
0.03962980236079966       0.5269787660955337       0.05151254558426737
0.03968696734322116       0.5263248979390565       0.051469441092912224
0.03989033331973056       0.5239529803132738       0.051314848693719065
0.03991584066495666       0.5236629037613834       0.05129559368460949
0.039991734301282014      -0.04061877841081403     0.05123987199685884
0.04009801416686004       0.5215507398482263       0.05115696273429831
0.04014293380008679       0.521000383721993        0.05112071497221034
0.040148766269325224      0.5209275047056238       0.051115969246104835
0.04018494179635017       -0.04047095289546051     0.05108371441266211
0.04036172945889724       0.5183335903558551       0.050943928944452495
0.04039622495556224       0.5179051513181907       0.05091583119298758
0.040581003080246605      0.5156675833208999       0.050766394731283505
0.040644620871008424      0.5148821413931585       0.05071452108305774
0.040800747720556974      0.5130023553611158       0.05058811624311588
0.04088545774343419       0.5118707629796839       0.050519002515437145
0.041003119236287425      0.5103447194304322       0.05042356140436813
0.04111205031160536       0.5088796241923752       0.05033461212823463
0.04120660695469618       0.5077053813545545       0.050257346840662576
0.04135523850717104       0.5058365644545          0.05013696948822806
0.04141556926583617       0.5050921175424946       0.05008772796342339
0.04159961579106237       0.5027929686352913       0.04993883233502719
0.041625190207643735      0.5024793822297264       0.0499179826817046
0.04170255079056016       -0.0393449081041632      0.049857545945253476
0.041777863713669205      0.5005843565208846       0.04979460452338493
0.04183181579836668       0.49986512033611696      0.04974761508801687
0.041840318990908794      0.4997503799381635       0.04974027676757467
0.042029409833665515      0.4972459552669777       0.049575776719372945
0.04206929149587242       0.49671134513708703      0.049541396161703506
0.04222765705064051       0.4946273332659348       0.049403783024834495
0.04229940881060326       0.49367178061598077      0.049341996044779235
0.042340680434759755      -0.03881685171593835     0.049305371419095294
0.04242655429462759       0.49200924976560095      0.04923163804026861
0.04253066666775719       0.49063168960473585      0.0491420827506238
0.04262609844623952       0.4893917002496635       0.04905934575641155
0.04276006582632598       0.4875700144861117       0.0489445980184202
0.042820590366410914      0.4867650793873194       0.04889208973198789
0.04298837263243691       0.4844933100589063       0.04874863337247806
0.043015189318913884      0.4841381280094406       0.04872541075603283
0.043169080686461504      0.4820632553713052       0.04859406485262801
0.04320711958582713       0.48150931114714074      0.048558891375989226
0.0432132846924533        0.4814179235391432       0.048553277600845636
0.0433621245560353        -0.038041850668486324    0.048421788603930184
0.04339940411417692       0.4788588097098938       0.04838261219709989
0.04343275021450258       0.4783888553166106       0.04835203533870213
0.04359193426726374       0.4762076264161959       0.04820606903650949
0.043652315340315564      0.4753597257577489       0.04815070242995316
0.04378437507730546       0.4735563303626006       0.048029608401465626
0.043871979127254164      0.47233053544508397      0.04794927973942266
0.043976727514702094      0.47090492277018514      0.0478532294017338
0.044091740644579394      0.46930128495378876      0.047747768121017824
0.04416899253589272       0.4682534048424601       0.04767693115988715
0.044311598973263915      0.4662719748517983       0.04754616841790096
0.04436117108360571       0.46560177776568257      0.04750071281107686
0.04439019639887834       -0.03714645287804418     0.04746967069370077
0.04452510446503038       0.4632553103833892       0.047350504760677016
0.04454629872720371       0.462958796798391        0.047331060360503024
0.04469465690407724       0.46083148294676285      0.0471951474408625
0.04472857410111567       0.46031356830546677      0.04716195214496154
0.04473303011559472       0.46024379815751765      0.047157597599612223
0.04490178629235916       0.45766257448105063      0.04699246196181681
0.04492895094249458       0.45723654608547215      0.04696592056225057
0.044969954321186986      -0.03666140968922163     0.046932890634233365
0.0450742400400038        0.4550105548877582       0.04682377323562741
0.04512393498921381       0.45422990762947485      0.04677522701370021
0.04526108201755938       0.45235155666416266      0.04664150044762241
0.0453426547892227        0.4512096328537739       0.04656148946614097
0.045454147688763734      0.4496903354130066       0.04645269262643071
0.04556196324624432       0.4481888954115836       0.046346862195319305
0.04564746253836578       0.44702961304528577      0.046263365508450616
0.04578185393451905       0.4451676988783785       0.04613134985189321
0.04584102244818013       0.44436938461659303      0.04607352228569012
0.046002320494327995      0.4421460467928867       0.0459149570387236
0.046034823354262275      0.4417096452476441       0.045883166108115006
0.04620206681199956       0.4391344722159286       0.04571778076300144
0.04621312640376864       0.43897554094462204      0.04570699413954038
0.046272310113378005      -0.03542001862576574     0.04564217213422211
0.04631488289712029       0.43744323238069177      0.045606194203055596
0.046390651827689804      0.4362432658965883       0.04552732269119102
0.0463978610498696        0.4361234190211269       0.04551969305935427
0.04652531083385968       -0.03518794186695526     0.04539150243617098
0.04656628652900427       0.43351216311642515      0.04534400770518
0.04659090165948171       0.43311205922701235      0.04531791211583679
0.046744139837728224      0.4307845551239139       0.04515773892010095
0.046787287475689145      0.4300982661331479       0.045111916677733385
0.0469241476825714        0.42806036460369223      0.04496856863014152
0.0469869551540215        0.42708207377999663      0.04490175129375724
0.04709438207424661       0.4253565984694575       0.044788427919432716
0.04717134425728757       0.42406486788920533      0.04470695857397774
0.04725931019536983       0.42266383766305826      0.04461412682057676
0.047356508482311765      0.4210471082661902       0.04451119760192229
0.047424594652135395      0.41997163340765065      0.044439316223502515
0.04754243500087624       0.41802880304348233      0.044314480902622855
0.04759022785194811       0.4172799758475966       0.044264003645040136
0.04774310082636181       0.4149985910554914       0.04410241110573543
0.04776847527767352       0.4146294642125147       0.04407554874498536
0.04794024363642223       0.41205567180265235      0.04389402267236485
0.04794516699591776       0.4119770475441089       0.04388845938474936
0.04794583027081039       0.4119661299528885       0.04388771127479533
0.04800944526757287       -0.033646389304496996    0.043817552361137026
0.04802823606786084       -0.033627576255302084    0.04379763018119976
0.048111018405945324      0.4093177224245228       0.043701091987076085
0.04813393028037897       0.4089391016582398       0.04367525527541731
0.048186418612071236      -0.033449152118499144    0.04361809861511744
0.04827572807623699       0.40665675985295513      0.04351509497545992
0.04832055284092423       0.40591311309219746      0.0434645591481026
0.048439307304113374      0.40399417606703436      0.043330454739859366
0.04850571470797636       0.4028881524437169       0.043255602877660775
0.048601767238015514      0.4013299870904049       0.04314715784959023
0.04868943238423831       0.3998642080799728       0.043048366750914266
0.048771908558240304      0.39868252423079664      0.04295516503186028
0.04889996633694289       0.39682200885221314      0.042811076865281225
0.048953344769588986      0.39605792813649104      0.042750790829652593
0.04911028101116897       0.3937800406251212       0.04257430810381432
0.04913455569762586       0.39343288106617935      0.042546907506444645
0.049296080004951934      0.39085489372879345      0.04236496777849934
0.049301308679471176      0.39076593321514147      0.04235867804962987
0.04930198270841748       0.3907543901489324       0.04235786704719567
0.04946146917326291       0.3880975509509896       0.04216601035178312
0.049478819076981595      -0.03200696572678101     0.042151219733876866
0.04948326903136453       0.38773206340569843      0.04213977975995638
0.04961636481758975       -0.031833997683206064    0.04198404919422191
0.04962416417939404       0.3854327782782202       0.041970282791191214
0.04966835697831039       0.38470705858967474      0.04191710665348214
0.04978936840852492       0.3827715794230395       0.04177152554460934
0.04985723763887054       0.3816793818412707       0.04168985807306413
0.04995705690439776       0.3801139190828245       0.04156976839133962
0.05004990212987995       0.3786490392821381       0.04145804433239077
0.050127205038370745      0.37745976241839135      0.04136504071975304
0.05024634159528908       0.3756160370152429       0.04122167571366832
0.050299788504059646      0.37480907504641525      0.04115737153368361
0.05044654720606055       0.37258038112493574      0.04098076246774093
0.05047424190796791       0.3721614216352231       0.04094743992875591
0.05064307751625607       0.36954954191416417      0.040744268121851536
0.05064568648052658       0.36951144825868754      0.04074112892995087
0.0506682697726444        0.3691469301851119       0.04071371919302174
0.05080837590516269       0.36677570607476034      0.04053470964301249
0.050821566936176975      0.36653665417219794      0.04051754969734819
0.05087702948296036       -0.0303055157112477      0.040452346217610145
0.05096961260217112       0.3640392476708397       0.04032799491458455
0.050998131400647816      0.36352447184134057      0.040290819441379265
0.05111122057041979       -0.029986783422970856    0.040147519653704736
0.051130272466990555      0.36130245842231373      0.04012126979491405
0.051174214429957725      0.3605123544309502       0.040063872197560045
0.05129036129335626       0.35856534566383313      0.03991452858458463
0.05134981817821106       0.3575003006173859       0.03983670589439245
0.05144988470500109       0.3558279165148326       0.039707765751414846
0.051524944741348416      0.35448830911274676      0.039609318516311665
0.051608848161845355      0.35309017788736585      0.03950097592436903
0.05169959615909658       0.35147637866367354      0.039381708101811
0.0517672569659183        0.35035213649360253      0.03929415388773216
0.05187377441684057       0.34846450805019924      0.03915387274164159
0.051925116267024576      0.347613798853002        0.03908729457553568
0.05204748144742141       0.3454526960846431       0.038925810577083594
0.052088015221798914      0.3448922048699028       0.03887290273856932
0.05222289682270141       -0.02852611066176541     0.038701021011601305
0.05224250686079397       0.3423728000493682       0.03867263217096498
0.05224804020573129       0.3422854885028973       0.03866533822124789
0.05227730885011735       0.34182182144158446      0.038627478760877014
0.05240099552183097       0.33967344544625044      0.038452526249402146
0.05242325452222196       0.3392783234954113       0.03842167159378143
0.05249128268037695       -0.028105873898378       0.038324764619556494
0.05255418119470518       0.33706218283520323      0.03823697906131983
0.052605218823308875      0.33617989682462557      0.038166390692652624
0.0527097864757283        0.33445360726100964      0.03801927832059189
0.05279139651277882       0.33307849648547716      0.03790666005688749
0.052867779018346175      0.33184765729617394      0.037799487744459875
0.05298175778576863       0.3299741628033389       0.03764255726696465
0.05302812745450066       0.329244273371406        0.03757766912269356
0.0531762733738944        0.32686693537773837      0.03737415850693536
0.05319080135790746       0.32664339770588496      0.03735388238992744
0.053262917260545446      0.3255127574380846       0.03725504100900358
0.05334911448721815       0.32404367666609596      0.03712627908187733
0.053365490019407276      0.3237593991026334       0.037102291564063375
0.05350444489349651       0.32144535408448427      0.03689528671663058
0.053544386128315344      -0.02645730590098838     0.0368489489656968
0.053545853072322465      0.3206777591578843       0.03683388768506058
0.053655808573358804      0.3187679097685186       0.03667211194678314
0.05370890080834569       -0.026169398485875357    0.036600686731614825
0.05371585391029269       0.3176715914584202       0.036582989226129695
0.05379935010220993       0.3161427009392866       0.03645878333866431
0.05387636493653612       0.3146853790252855       0.036345896782380364
0.05393955419103695       0.31355479251076734      0.03625206944793754
0.05404013283243941       0.31169683091533706      0.036104865197642874
0.05408172217065219       0.3109691989828135       0.03604322233781018
0.0542071244071623        0.3087059824186851       0.035859964234263915
0.05422582288962144       0.3083858674353473       0.03583229956616043
0.054339293168511354      0.3063836395672044       0.035666730103057404
0.05436950291296157       0.30580437311465936      0.03561861727018073
0.0543740923447945        0.3057136368447148       0.035611417814979715
0.05450687199992174       0.3032237381823275       0.03540034380593947
0.054532855886177616      0.30272176020013225      0.03535964623349433
0.05464601158804223       0.3006452266830798       0.03518010141749334
0.05469458163304881       0.29972769746717653      0.035104146931197074
0.05478689590754271       0.2980687918184582       0.03495794197327786
0.054795927191285246      -0.02426753868873143     0.0349609617454476
0.054830160984557216      -0.024200574622959124    0.03490520047616501
0.05485806668856731       0.29671521537750134      0.034844922416606916
0.05493719146695032       0.29532604925980854      0.0347212290715221
0.055024455110737266      0.2936801292313048       0.03458236569047251
0.05505190075328231       -0.02376695578482654     0.034544179033878894
0.05508734146432896       0.2925837709783459       0.034483839460829904
0.05519099076185044       0.29064446035313185      0.03431855736549883
0.05524292787071308       0.2898500960102587       0.03423713743805293
0.05538039451354096       0.28761297719761175      0.03401709069818518
0.055411748482680746      0.28713701567235284      0.03396779092502956
0.0555701634174159        0.2845805496225488       0.0337134936566642
0.05558050105263179       0.28442475926450156      0.033697190438298726
0.055662129534786275      0.2831181259610931       0.03356578351718788
0.05574512906145775       0.2817126820259924       0.03342408195051251
0.055754214213653785      0.28154874245226796      0.03340821825971987
0.05586183741316682       -0.02220614093054841     0.03322542191129686
0.055905844700088324      0.2790008126527449       0.03314853793267264
0.05593286156056659       0.2785174677165011       0.033101224808834324
0.055982201815964756      -0.02197340174088352     0.03302920593837557
0.05606642766542787       0.27628972247201417      0.03287176705861197
0.05611176750294107       0.27548528587618065      0.0327921318946517
0.05622686330855904       0.27357939271922904      0.03259378726053934
0.05628254439834202       0.2724764735177295       0.03249491778022631
0.05637484752692036       0.2708352489621716       0.03233612922533475
0.056443257950103985      0.2695051678775552       0.03221414928906112
0.056523860785284444      0.26809420489540536      0.03207482498020651
0.056605677974278956      0.26653139048028573      0.03192832487640336
0.05667382267102847       0.26535616163546655      0.031809971119742084
0.05676971226126719       0.2635552001450259       0.03163754346715622
0.05680435209223676       -0.02016551101949547     0.03157819806977394
0.05682009533481905       0.2626390641458383       0.03154840499810829
0.056930742535101914      0.260504368687991        0.0313524695364583
0.05696134975980484       0.2599592029090757       0.031298312277699955
0.05709428270234404       0.25745116552679376      0.031062888818110115
0.05710399462592359       0.2572815858561437       0.031045702217374464
0.05713939633660575       -0.01946131244779689     0.03098515562817586
0.057168277490221506      0.25609451038988773      0.03093184591053666
0.05724244934403938       0.2546054873471884       0.030788730586417463
0.05725220715119926       0.2543977536611123       0.030769884484867366
0.05737766131977953       0.25193097616514193      0.030527788870936566
0.05740586816702076       0.2513437847446406       0.03047330470439663
0.05751406167528331       0.249258524228339        0.03026449165658696
0.05756451395448637       0.2482626887230182       0.03016903498662315
0.057647039205062506      0.24669624958012717      0.03000741052789298
0.05769874771501218       -0.018123625154707005    0.029909287163267864
0.05772756504137297       0.2451274385342193       0.029855811929258735
0.05778062089663137       0.2441326386421906       0.029752462873579237
0.05789188513505179       0.24199258103995036      0.029544035779320084
0.05791481845483296       0.2415677279162756       0.029499603052800555
0.05801557364909678       0.2396540283797481       0.029311797288572666
0.05804599091835444       0.2390011420757734       0.02924748770734243
0.058052434239785324      0.23885958462893178      0.02923444885865521
0.05816703835965925       0.23643213330550797      0.028993519807511837
0.05819938293198042       0.23573127101602753      0.02892840358470132
0.05822100289864421       -0.01692741368765097     0.02890164617362704
0.05830275681616859       0.2338342799079121       0.02871537607582498
0.058365376966580194      0.2326301887489162       0.028587561028434603
0.058443393465797674      0.23122627459784326      0.02842702380626965
0.05853362953630284       0.22952701039961343      0.02824307912943632
0.058545436439454326      -0.016080646967405573    0.028218504950908177
0.05858502093529527       0.22861953023843232      0.028137483358125288
0.05870410056573244       0.22642178694916937      0.027895055781033302
0.05872761918989442       0.22601400560969254      0.027846801370275925
0.058828547083847306      0.2240543451394353       0.027643105515978258
0.05885738141772333       0.2234303610342611       0.027578058317540698
0.05886299725023282       0.22330298998198075      0.02756572483275672
0.05897835975762741       0.2208453561063773       0.027306449198025322
0.05900792042130309       0.2201861350729803       0.0272417448987031
0.059099746659817         0.21825952739323445      0.027036132627191643
0.0591540144218028        0.21706903046748183      0.026917744622396943
0.0592215525117072        0.21567290267565772      0.02676707598357856
0.0592269514013858        -0.014373771540727439    0.026778699994354737
0.05930127520878976       0.21395168321246696      0.026593737739942915
0.059343787238840026      0.21308550849920682      0.02649924809622766
0.0593447618064155        -0.014036712847070318    0.026505697864714583
0.059449698890038094      0.21083410009221346      0.026269737475379
0.05946646033027353       0.21049737024207843      0.02623261916494942
0.05954483874788688       0.20885624256821014      0.026063340427160617
0.05958528793108882       0.20790829261854651      0.025965175984396967
0.059593067737292275      0.2077182273186283       0.025946827714098133
0.059700878525624605      0.2053086010242705       0.02568770671946927
0.05972960577937217       0.2046376065191482       0.025619563586484474
0.05981643842587217       -0.012739391504153113    0.025408766377656003
0.059819401809567914      0.20271318911851338      0.025404185524780507
0.0598657736568509        0.20158482422899218      0.025291496518755976
0.059940982125569114      0.19998329054304886      0.025114521780836774
0.05999864845343168       0.198584379813678        0.024973694786399107
0.060061249831825744      0.19725237379112165      0.02482564483753505
0.06009363462954469       -0.01199375817826878     0.024764541119812456
0.06013019863615647       0.19558440577963837      0.024656430661616872
0.0601569356744821        -0.01182948143172811     0.024616919222690853
0.06018023151097503       0.19452048320134613      0.02453750761069786
0.060260444842441516      0.1925848829333984       0.024339668197989595
0.060297952224276294      0.1917876605747484       0.024250065710870048
0.060389406601981846      0.1895857931117001       0.024023373378535377
0.06041443561891515       0.1890539453537447       0.023963277253257694
0.060517102410088994      0.18658711911329642      0.023707513987970094
0.06052970402635194       0.18631937478618216      0.02367710268352945
0.06064354979527807       0.18358884463609249      0.02339205949498331
0.0606437785525747        0.1835839840758766       0.02339150461795703
0.060645871327252535      0.18353386889860715      0.023386238245602226
0.060751135046805814      0.18084784963610442      0.02310336844071707
0.060759860143692924      0.18059370350820156      0.023078880712181456
0.0607888765465001        -0.009953095739005643    0.02299018086860293
0.06085527443056257       0.17814897756022607      0.022818824754181847
0.060875714205561524      0.17756606402812447      0.022762040758495982
0.060959128005470736      0.17547424251419907      0.022533773746062594
0.06099186344039781       0.1745513981166357       0.022442642208061445
0.06101079786828929       -0.009316398779302678    0.02241678649531534
0.06106233581575587       0.17279883945565214      0.022249357926455125
0.06110760070741522       0.17153673795951124      0.0221230830790002
0.061164912124359094      0.17012279808639869      0.021965542941747226
0.06122292620068086       0.16852208332809235      0.02180336291072832
0.061266870361007204      0.16744614637312769      0.021682296445200516
0.06133784010411421       0.16550743400567683      0.021483481266745548
0.061368223182180354      0.16476891067228328      0.02139958795251261
0.06143653898640865       -0.007911435579891891    0.021193785083103538
0.06145234259214173       0.16249278978674758      0.02116343773308149
0.06146898252597409       0.16209111584431213      0.021117388709676783
0.06156643383030168       0.15947815047625993      0.020843231916860536
0.06156915966235586       0.15941278535831957      0.020835671571934687
0.06158855037397358       0.15889736209998803      0.020781004276963368
0.061662815823107585      0.15669866687634357      0.020548392596743167
0.06167086568713881       0.15643136547267933      0.02052266695835373
0.061754463541881244      0.15397562437941706      0.020260168841336537
0.06177253589584295       0.1533683310533679       0.02020285782004636
0.061788970719886344      -0.006785970317450065    0.020177264115514973
0.0618367301807273        0.15127101177493674      0.019995989535352338
0.06186645379737242       0.1502157790192523       0.019903654705859003
0.06191798986291025       0.14856805885260546      0.019738316558828874
0.06196145540948001       0.14706267074422152      0.01960378691397819
0.06198018940026201       -0.005893781058765393    0.019554590965901373
0.0619997144253756        0.14586462120854585      0.019481585796937873
0.06205753273639996       0.14390902873052208      0.01930329000365581
0.0620819125753448        0.1431607214611946       0.019225760636605072
0.062154678207910555      0.14075487428280453      0.019002197641638494
0.062164592486599654      0.1404563808432914       0.018970806707821426
0.06221978208769189       0.13867105867738344      0.01880186967306452
0.062243794017457464      0.13775217072561521      0.018715098509810957
0.06224743857511007       0.13760196428241447      0.018702475045381025
0.06225515158413827       -0.00454025226554479     0.018653865005061707
0.06231567290978213       0.1350486108734957       0.018457116829324334
0.06233051944106883       0.13445192465947198      0.018405899362227154
0.06238806184317986       0.1323446162427938       0.018200000865936553
0.062400399540594995      -0.003875179793957591    0.018179136342649102
0.06241465539652284       0.13130131218744165      0.0181086269576739
0.062460966987751804      0.1296402058002822       0.01794371972799646
0.0624846618655003        -0.003436992808754588    0.017902905101315085
0.062498344066419464      0.12818678077843693      0.017813178546642675
0.06253557447398961       0.1269100166975005       0.017683149620901756
0.06258099854729943       0.12511552019665573      0.01752450393742048
0.06260932394557106       0.12419760704236223      0.01742382531033445
0.06267079970488507       0.12199378781013533      0.017214279535215354
0.06268529631641584       0.12152251211740209      0.017163001256468743
0.06275440797918358       -0.0018283986750941214   0.016895474391678784
0.06275895512138696       0.11887752432201489      0.016913160485712595
0.06276000883140788       0.11884316580586676      0.01690945110506066
0.06276590669753127       0.1186310573513382       0.016889544028672706
0.0628224253337284        0.11616160303644714      0.016657682279786066
0.062830471593218         0.11577134191048216      0.01662646003520894
0.0628829674065297        0.1134762411446084       0.016412284954468746
0.0628996038971863        0.1126702474222157       0.01634808362746769
0.06294265601158469       0.11078710141496341      0.016173398469431874
0.06296773457664688       0.10957358532092042      0.016077146437975122
0.06300153999013007       0.10809435658037816      0.015940727276021246
0.0630349217073994        0.10648114810362916      0.01581330264122233
0.06303682973877432       1.95655128168012E-4      0.015840703482114107
0.0630571562512172        3.1811821790680837E-4    0.01576458871415239
0.06305966525056525       0.10539816900138957      0.015713993572800927
0.06307097954948751       4.180221669026345E-4     0.01571350195968237
0.06310047350276138       0.10341847953776706      0.01555441909236101
0.0631189680343489        0.10264326958956699      0.01548209903182835
0.06316500361077897       0.10037412314355917      0.015302083892849256
0.06317650747839675       0.09988424840531854      0.015257099763430225
0.06322742702226812       0.09733469111161927      0.0150579866105693
0.06323274604141875       0.09711795587704232      0.015037659276153234
0.06328873508466182       0.09434029681649195      0.014811309223713383
0.06328948635551017       0.09430938808066303      0.014808422500228286
0.06329889370311105       0.0938387180936485       0.014770165451479599
0.06331335304679371       0.0024494601171225656    0.014659538218173796
0.06334081492740067       0.09149973009640426      0.014580046808624783
0.06334294130538416       0.09134950572488648      0.014569629264109105
0.0633902165710869        0.08868854169714832      0.01435386035783198
0.06339482207704479       0.0883608049350405       0.014331139900112264
0.06343858759267856       0.08587576840960151      0.01413010683257656
0.06344559077297751       0.08537377178726213      0.014095315734192336
0.06348596095117545       0.08306147695960354      0.01390868064858619
0.06349528345522891       0.08238833579640206      0.013862040808980416
0.06351263446920175       0.0044891203480837165    0.013807977697701833
0.06353162662198318       0.004686846634907619     0.013725928861822053
0.06353236778102755       0.08024573037917397      0.01368948206654045
0.0635425678687387        0.07939558182429318      0.013640285709207126
0.06355483173066918       0.004991009215091046     0.013627766917038786
0.06357017447837195       0.07746454969076055      0.01350713541964678
0.0635829720724259        0.0763827422899158       0.013445410949434848
0.06360697095119613       0.07468036724767162      0.01332966121776441
0.06362221935992897       0.07337331934098643      0.013256116147758207
0.06364279715664094       0.07189330177750872      0.013156866742376214
0.06366035871983228       0.07036716830524023      0.013072165025826291
0.06367941169388247       0.06912206433581555      0.012978460535654265
0.0636847481023743        0.007030756473076442     0.01295995325295295
0.06370390597116371       0.06731860234156978      0.012863429575894838
0.06371780099860193       0.06636908599865593      0.01279528351014797
0.06374079226570363       0.008185051174954333     0.012680616265132427
0.06374484086385186       0.06427869993781114      0.012668923179093065
0.0637541944409605        0.0636094724741738       0.01262317452588279
0.06378325076692264       0.06124711471385463      0.012488072409044055
0.06378863239367485       0.06084340940791855      0.01246181980630648
0.06380154989726375       0.009483346057344424     0.012369945757266007
0.06381921845315724       0.05822351851169773      0.012320334005758873
0.06382115373726356       0.05807107558387698      0.012310917172222604
0.06384079619875767       0.056295007242157996     0.012220531818210872
0.06384926371046076       0.055292797766041644     0.012169474254069982
0.0638496830444375        0.05520980414327728      0.012167039308830669
0.06386696826604094       0.0524609652678735       0.012066669268745722
0.06386801149964666       0.05225267701862857      0.012060611527559212
0.06386996929350944       0.011566576511484865     0.01203453610326611
0.06388437232901822       0.04962808579664055      0.011965609152841648
0.06388483129741954       0.012046028345634138     0.01195866002361259
0.06388601794225308       0.049296667433487915     0.011956053575821213
0.06390148348523465       0.046794185782851244     0.011866249857673495
0.06390371078451765       0.0463417461932404       0.011853316606168542
0.06391830906732668       0.04395929077479789      0.011768548804845068
0.06392109814821487       0.04338788511139961      0.011752353457919746
0.06393249371414396       0.014680360176033629     0.011731432402593228
0.06393303837581116       0.01472010869723707      0.011727943518869032
0.06393306557982886       0.014726725767766001     0.011727807596662341
0.06393926251718199       0.017506752461846832     0.011678516686837795
0.06393985781823597       0.01771568119354354      0.01167494189823783
0.0639408549848479        0.04109952004559842      0.011644315612170185
0.06394487016100711       0.040456180655066655     0.011618920302335667
0.06394926285613461       0.020363360287700947     0.011618464554484769
0.06395006766625783       0.02064731269057551      0.011613631661893128
0.06395915961163852       0.023220350434280286     0.011559034441745454
0.06395947065680273       0.038216633950449296     0.011540155069229794
0.06396016952360382       0.023578541062477722     0.011552969910603806
0.06396225796959303       0.03754615380337309      0.011521713367349402
0.0639689543847768        0.026077716992076633     0.011500216734100463
0.06397016509460426       0.026509372671451016     0.01149294640984996
0.06397218402419279       0.03531260037014159      0.011469944040355009
0.06397356811263036       0.0346571850975158       0.011459729306775478
0.06397864874380449       0.02893545417274803      0.011442002014162803
0.06397903294715886       0.0323871016512713       0.011434224949623775
0.06397909555945494       0.03178867845818443      0.011432002642523567
0.06398005604791299       0.02943981374651749      0.011433551139348953
-0.062259865700256954     0.029460597205892985     0.018668127746798883
-0.06225984165851677      0.029475092528180712     0.018668179301639772
-0.06225876866921934      0.03012811150547131      0.018672517415947998
-0.062255463598133366     0.02677111049552615      0.018677868787729566
-0.06225528781570931      0.02666233966931146      0.018678600181982467
-0.06225390154571134      0.03219750007290012      0.018686157619088352
-0.062253799957797284     0.03224313426493539      0.01868659909570613
-0.06223960112651276      0.03493838546371032      0.018732211828469472
-0.062239230844162344     0.035010313744197656     0.018733649700017698
-0.0622296874534846       0.023945125465399855     0.018759160328676208
-0.062226860573177924     0.023712253039261416     0.018768621160624537
-0.062217138232000174     0.03769815067255527      0.01880700921219247
-0.062216618017417784     0.03776233545031947      0.01880895684348464
-0.062190730310338456     0.021181324865730794     0.01887732350078221
-0.06218619305031927      0.04047731373070614      0.018911314159799023
-0.062185948481086786     0.04049935215321479      0.018912211913231364
-0.06217482404719976      0.041281171512174676     0.018949854248704184
-0.0621747952235672       0.02062401781408964      0.018929180076690384
-0.062145462340230155     0.04322135127183         0.01904314138625534
-0.06214443128627996      0.04327681414309221      0.01904622132434506
-0.06211014405262122      0.018517110579294116     0.019130151454111347
-0.062095110385385885     0.04592847976019832      0.019201442166991732
-0.06209138244701974      0.04609724454952047      0.019212587792068945
-0.062059497578834236     0.01741661491034951      0.019294361614626082
-0.06203559720780907      0.048620952589758744     0.01938680270295328
-0.06202744545207962      0.04893903953234645      0.019411165742098255
-0.061989074381718814     0.015951452409086582     0.019516426668133677
-0.061981831878289        0.05140814943024234      0.019550201331578677
-0.0619652156892526       0.051958050478024674     0.019600849477183793
-0.061904953802447676     0.05416489830232868      0.019784534782152766
-0.06187837103704462      0.05502670323996508      0.019865562261556044
-0.06186715473426649      0.014062151111848421     0.019912303657764516
-0.061828651250639556     0.01348333431880307      0.02003494835789569
-0.06182561745903199      0.05691727372242463      0.020026361380509467
-0.06178831593087221      0.05810183021022884      0.020140060955349995
-0.0617437382272186       0.0596651251429945       0.020275939063673816
-0.06172758993124254      0.012283742983450401     0.020364219402638106
-0.061694915120596286     0.061183704135065436     0.020424757820636665
-0.06165922755722658      0.06240829502655798      0.02053353774472541
-0.06162771258990836      0.011126463541315308     0.02064745047477714
-0.06159802565076149      0.06427261329931187      0.020720088606410447
-0.061575072772828934     0.010580821534464095     0.020799568396709982
-0.06157199273961218      0.06514661843524583      0.020799440016023674
-0.06149749630394485      0.06736886264893913      0.021026514245343242
-0.06148193665811359      0.06787992259109038      0.021073941902573362
-0.06139529684218214      0.00886274222359718      0.021312978643853366
-0.0613931669951403       0.07047277501233978      0.021344522699788218
-0.06138895752466201      0.0706080264045877       0.021357353669751354
-0.061355561055296375     0.07156307200706163      0.02145915020660731
-0.06128455690873966      0.07334830331163837      0.02165171137007936
-0.06127098925031974      0.07366230707160466      0.02168850648732989
-0.061180686410749335     0.007001028265518478     0.021935913377790172
-0.061172346039486285     0.07609354211676683      0.021956024013023937
-0.06113920221510759      0.006664323141007872     0.022055174009269467
-0.061136456155960264     0.07690611605302211      0.0220533574428139
-0.06107892249523757      0.006215576652640688     0.02223097989576363
-0.061057155778452436     0.07883484929539704      0.02226841907288412
-0.06099787637378455      0.08016037721985905      0.022429182691721113
-0.06093954722221062      0.08157294296339182      0.022587370400480908
-0.06085642078413006      0.08342212493584604      0.02281280601442657
-0.06083404579317929      0.004535760463103514     0.022867366368539394
-0.06081967614608977      0.08430804742018472      0.02291245673590833
-0.06071195421634391      0.08669171110193473      0.023204593957104457
-0.06069744162720992      0.08704002932219299      0.023243951753185495
-0.06062809130017735      0.0032358475438804737    0.023409379013186495
-0.06061831662466919      0.08878142646011115      0.023458535053632157
-0.060568726627144145     0.08976846677863216      0.023580728443537903
-0.060557465263683975     0.08997525697361448      0.02360847706913031
-0.060499822784996576     0.0024660614687389247    0.023744674433938105
-0.060430225598877195     0.09249297101163902      0.02392200452451151
-0.060387182540317885     0.093278102158246        0.024028064880024628
-0.06033717948744101      0.0019828398429992842    0.024172025983418555
-0.06028876101612278      0.0952138596529046       0.02427058210062319
-0.0602127477132383       0.09659092878635475      0.024457882632872893
-0.06014419163831197      0.09793096038076124      0.0246268091682844
-0.06003394361163805      0.09991425893882949      0.024898465408745147
-0.05999636710448003      0.10064408974613057      0.02499105619524776
-0.05992374023005022      7.776422525809868E-4     0.025154783110062855
-0.05984139356647768      0.10327158439300958      0.02537293761069804
-0.05983739056923698      0.10334394871060255      0.02538280094110551
-0.05982010486983645      0.10364049038878717      0.025425396668469217
-0.05966614813378129      0.10604221253826257      0.025772016872998467
-0.05962496776646907      0.10665319542699292      0.025864738600026468
-0.05949525566564837      0.10874158136378662      0.02615681804595203
-0.05944502272002382      -4.249139631872461E-4    0.026291144074606802
-0.05941110955922047      0.1100220084436921       0.02634624775318161
-0.05932325353116834      0.11143949222705313      0.026544068065123175
-0.05928216561870473      -8.289191581218009E-4    0.026643023191335435
-0.05919482482473255      0.1133962033718038       0.026833172539929343
-0.05914913217733224      0.11413502052586778      0.02693605100067487
-0.05897601494174247      0.11677599987035289      0.02732573417630754
-0.05897280212846222      0.11682806528894107      0.027332967575713164
-0.05895942798070396      0.11703236507879272      0.02736307101422047
-0.058813866463332046     -0.0018365586973382838   0.02765360137813739
-0.05878131130277517      0.11951731036775223      0.027731248408400043
-0.05873102703002843      0.1201804272010987       0.027835166376574176
-0.058586154991399145     0.12220369970080383      0.028134611320239443
-0.05856314069606023      -0.002359886876288155    0.028194821978743928
-0.05848135906326328      -0.00250907559900993     0.028371156138218518
-0.058480804033738565     0.12359327846138213      0.028352320520131688
-0.05838825576065452      0.1248872068448826       0.02854360538729836
-0.05822598627276803      0.12702205813021333      0.028879032594786247
-0.058186701683976536     0.12756968462853116      0.02896020888647802
-0.058039825811764485     0.12951486685575048      0.02926384608997073
-0.05797919986301616      0.13024985248294507      0.02937935956596243
-0.05796039783913383      0.1304668529778389       0.029415198498641586
-0.05775879317475374      0.13292691350051106      0.02979936083323772
-0.05775839937526411      -0.0038216102231388863   0.029797358105469678
-0.057672202053651374     0.13393178783230525      0.029964429600825994
-0.0575362597620834       0.13560183585745994      0.030223494677802193
-0.05744623467242551      -0.004319059590013167    0.030412528647661204
-0.05738214934347792      0.1374004505276384       0.030517303373616706
-0.05731402674870491      0.13827007326363555      0.030647438462773964
-0.057103482946293145     0.14077323720013674      0.03104750700436208
-0.05709152091355169      0.14092494345304546      0.031070331048780406
-0.05704453698764156      0.14147949955185646      0.03115950540376553
-0.05687804554424457      -0.0052245101053299894   0.031441559661826254
-0.05685255556712767      0.14357434269648486      0.03149839455031253
-0.05679319827724889      0.14417957168547593      0.03160268588748045
-0.05660486615081349      0.14621864878835186      0.031934756046038404
-0.05646756943351705      0.1476068000834322       0.032175722185891084
-0.056351095147229066     0.14885784269148314      0.0323808585575405
-0.0563393630197232       -0.005980844589988536    0.03241620428200159
-0.0561461773351858       0.15104994141454764      0.03273988902760331
-0.05610267130114907      0.15154098211589623      0.0328164527111497
-0.05594288093945389      0.15325584990739963      0.03309603754024345
-0.055918697546189014     -0.006573977779551864    0.03311837939099184
-0.05584608361065939      0.15422157861867122      0.033254113483265214
-0.05581563599989552      0.15451101337423542      0.033303576165126136
-0.05557701721082149      0.15689916132499734      0.03369275328753503
-0.05546238622981295      0.15799139014745872      0.03387873073708372
-0.05530473178952356      0.15957441430391822      0.034135527540185534
-0.055160748282504994     -0.007518735876908926    0.03438240118307466
-0.05510554307503978      0.16147697075290268      0.034458270700681144
-0.05502909466268216      0.16224723110225386      0.03458263425047282
-0.05487737471877371      -0.007874765211064415    0.034819842853502
-0.05476714366021688      0.16475566966771887      0.03500651785559023
-0.05474899612360002      0.16491741213920205      0.03503399120713601
-0.054742847152632154     0.16496960490118776      0.035043255414343895
-0.054450263900199705     0.16758356360090026      0.03548564172157505
-0.05434323704837093      0.1684934376067984       0.03564668863574923
-0.054145863336768324     0.17023893394035344      0.0359442037675813
-0.053927705959517465     0.17208035909901215      0.036273047565095765
-0.05391039377199764      -0.008951999328437162    0.03631129226369013
-0.05383645748527213      0.1728867136824047       0.03641059274081417
-0.05375143966837869      -0.00913107710388902     0.03653889398815881
-0.05358903491230165      0.1750959718533081       0.03678449038906555
-0.05353637677508552      0.17553061947368293      0.03685848181287817
-0.05351546857569817      0.17569812598796436      0.036887997448238764
-0.053218974028788515     0.17817145095822826      0.03730511950329323
-0.053073635598765545     0.17934738363853625      0.03751054997985394
-0.05290011985446279      0.18081075555670656      0.03775495814016153
-0.05263272856399585      0.18299640626622818      0.0381333843710528
-0.05258830214671862      -0.010296103130721445    0.03820301635206936
-0.05257973044591201      0.18344846582922103      0.03820812683720803
-0.052526899738875414     -0.010323023142552264    0.03828458510880643
-0.052436203485851623     0.18463410185784498      0.038411511273752016
-0.05224536708896669      0.186078469857712        0.0386627598626181
-0.05216493084042697      0.18667365919387235      0.03876912121934792
-0.051900262024249744     0.18870261570985078      0.0391179912487306
-0.05184542049549924      -0.010956139785392324    0.039188956812531726
-0.051677599310883865     0.19037049512321277      0.039412785432822874
-0.05155460219789978      0.1913259566607901       0.0395751061106762
-0.05134050262734535      -0.011503756443868814    0.039859058856450004
-0.051258610143227426     -0.011593299030635025    0.039967740375710235
-0.051245504683011985     0.19367077888663586      0.03998484471341818
-0.05120615315231545      0.19394796851094528      0.040033541043927
-0.05118878271047756      0.19406749016752195      0.0400551261026753
-0.050838662320265675     0.19656493420947346      0.04048890270298848
-0.050664238306628334     0.19777515204615326      0.04070546622136352
-0.050467367017486525     0.199192174800445        0.040949903158430064
-0.05015122112556444      0.2014284279343765       0.041342425478263785
-0.050130594748857234     -0.01271061746783933     0.04136514509270641
-0.050098417953788235     0.2018209797342961       0.04140800412556173
-0.04995372141012977      0.20286992788388375      0.041587573282703155
-0.04987673949106655      -0.012964187482451709    0.04167961933077305
-0.049720630250632655     0.2044487337231447       0.041858761298437706
-0.04962625074280065      0.20507237521496274      0.04196848816082326
-0.049333181605431084     0.2070734828596144       0.04230938820932338
-0.04908438329862788      0.20873003829296996      0.04259858450831842
-0.04894393237606551      0.209697051670288        0.04276192501857561
-0.04885679520003087      -0.013885215422444506    0.04285966531618264
-0.048578297943915265     0.21215068395522993      0.04318684036475429
-0.048551424663936714     0.21231905817954347      0.04321612862062576
-0.04853991483816876      0.21238937762172141      0.0432286642479485
-0.048442197324659535     -0.014262880761003882    0.043339334194515654
-0.04813676273009337      0.2149348384491428       0.04366795753013657
-0.04794944813048278      0.21608754127063723      0.043871924443231874
-0.047719791071322806     0.21754914145712362      0.04412211923479236
-0.047514422059907        -0.015024926413428103    0.04434218788397716
-0.04735910815849549      0.2197853443601014       0.044514786230034555
-0.047300423242713704     0.22016191007276645      0.044578706387568036
-0.0471414484248555       0.221188399096751        0.04475128388276604
-0.046954984766612466     -0.015488612076004889    0.04494688573631361
-0.0468753458392326       0.22279956505041754      0.04502325753291796
-0.04677240212957681      0.2234076073302691       0.045127877180168405
-0.04644121218621006      0.22543496655048234      0.04546582049747483
-0.046174239493129515     0.22702842017080005      0.045736679510254126
-0.04609827156503418      -0.016126834089756032    0.045812233042677925
-0.04600599818838971      0.22807009293477998      0.04590807086844566
-0.04557947042062565      0.23064363228167836      0.046340073227164234
-0.04556968607663691      0.23070493343105852      0.04635002449024473
-0.04554225748050902      0.23087230431856032      0.04637775795005256
-0.04541510295548563      -0.016640603739738642    0.04650227473647668
-0.0451113309925143       0.23333407267852518      0.04678795840256228
-0.04493904193686345      0.234293174618029        0.04695104962842665
-0.04464651572464072      0.23595123017282094      0.04722842036386344
-0.044602543320399285     -0.017187687729493563    0.04726926603329277
-0.044267609966412796     0.23804196959959528      0.04758793684501528
-0.044176995339575226     0.23856017089130765      0.047673873965001015
-0.04396280047559295      0.23975195291990542      0.047877149702133914
-0.04382255304607795      -0.017718066972779972    0.04800550198644371
-0.04369012821114561      0.24116376787203747      0.04811919505430454
-0.04355977507021555      0.24182074709342044      0.04823498053107575
-0.04318779959455226      0.2437623360316846       0.048565241214476466
-0.043020752268517835     -0.018203852904543162    0.048712688975367596
-0.0428461981584542       0.24558586192016985      0.04886854343835022
-0.042702100926791366     0.24637551759295723      0.04899654085391101
-0.042357382037851055     0.2482469250882251       0.04930255221016383
-0.04221137003705242      0.2489883831525369       0.04942387017698089
-0.04217733620971746      -0.018720201705543768    0.04945656828898176
-0.04214584625720008      0.24931802305547351      0.04947827926201366
-0.04170444668117056      0.25159818435923764      0.04984496038991362
-0.041417863879597325     0.25306450301559974      0.050082884570855156
-0.04134562459821067      -0.019171253144682425    0.05014183127044717
-0.04120010758764509      0.25420950805391446      0.050263746660086796
-0.0407036069882636       0.25679472896250966      0.0506758670505106
-0.04069843974857631      0.25682240358098135      0.05068015802308847
-0.04068594421576791      0.2568886572669762       0.050690527929805114
-0.04047945363455827      -0.01964619637555802     0.05085547445838954
-0.04017273578886163      0.25943021611638784      0.05108901206623937
-0.03994382262921575      0.2605525790441971       0.05126664367660609
-0.03964908523759924      0.262039421099849        0.05149545205869866
-0.03956897406749141      -0.02008530062506016     0.05155593819984351
-0.039197472919229155     0.2642943781627795       0.05184582473088963
-0.039128270478802095     0.2646502425544317       0.051899537515199774
-0.038963155719478046     0.265490422345216        0.05202761274949531
-0.03872479763422643      -0.020599904227632037    0.05220526811224434
-0.0385865925433487       0.2672275631386303       0.052299609166491755
-0.03840000628844473      0.2680113419558409       0.05243393886331048
-0.038004089172654146     0.269786037981123        0.052719643418667306
-0.03774861553575691      -0.02109641486299537     0.05290244867086881
-0.03756704536659228      0.2717259103081716       0.0530347048389265
-0.037430812749732874     0.2723447246206012       0.05313298314444946
-0.03712204579375966      0.27373325799071613      0.05335549823996362
-0.03686398059575623      -0.021559054981137867    0.05353403241324915
-0.03684444341508083      0.27489879915166104      0.05354173908422234
-0.03671041326272417      0.27545594196481027      0.05363156792741805
-0.036242309434270634     0.2774471957926852       0.05394551259583955
-0.03582471069390645      0.27920559952818264      0.05422529894738469
-0.03578554665987971      -0.022063526182524558    0.054249329083150624
-0.03564131374302261      0.27999632972121075      0.05434825850596875
-0.03524274246392768      0.2816970348245905       0.05461520687228383
-0.035030013296470645     0.28254181205133466      0.05474750023011107
-0.034966639653289944     -0.0224579908757222      0.054792301795661455
-0.03492219486483834      0.2829655588750299       0.05481448321282112
-0.03439694905192479      0.2850791885496157       0.05514101671028254
-0.03397565733065999      0.2867566657396136       0.05540265624139142
-0.033764731623148206     0.28761712252751154      0.05553374000239639
-0.03373524380781285      -0.0229848996464993      0.055548735152092826
-0.03332742330533058      0.28938194009081836      0.05580523198128398
-0.033121846665980864     0.2901511509101563       0.055923382978378136
-0.033032792960867904     -0.023294951300193448    0.05598009291235466
-0.03302019444118028      0.2905455140268144       0.055981748606215985
-0.032488094377818896     0.29266047934126177      0.056287454774168764
-0.032077949758163166     0.2942668133401443       0.0565228741256952
-0.03185318493980214      0.2951691976935794       0.05665196859185112
-0.03159020296937992      -0.023855970169774355    0.056798229627809324
-0.03137814976691953      0.29704791903464045      0.056924549656735796
-0.03120703391472575      0.29767334837926646      0.05701513331416022
-0.03111577524245965      0.29800194172483346      0.05706339825541426
-0.03106245938723301      -0.02406810633023277     0.057097423071805584
-0.03052954571181417      0.30016498690564386      0.05737363204181899
-0.030082536432099953     0.3017893868011241       0.05760996952069185
-0.02984472873615871      0.30265177446124114      0.057735381912601455
-0.02944151411663748      0.304109847130945        0.05794987389399413
-0.029341887135157396     -0.024671544239282975    0.0579950397495021
-0.029133210849344927     0.3051247500062969       0.05809915638289647
-0.0290556585513515       -0.024775553283521726    0.058144310270678054
-0.028931593113523557     0.30578645037240654      0.058197611908310826
-0.028392406403859163     0.30758583193826017      0.058459505458024974
-0.02771797521701692      0.3098295997665367       0.05878990441837309
-0.02765362568300854      0.3100473834069767       0.05882125768883531
-0.027551524899501266     0.31039183944406734      0.058871436261270164
-0.02720754653881434      -0.02535456739123626     0.05902751327946205
-0.02701140751188978      -0.02541347827522291     0.05912123099051607
-0.02697426954472514      -0.025422102479557732    0.05913736931109043
-0.0268647499389605       0.31248858723674805      0.05917737191911289
-0.026408881629191874     0.31396503657195873      0.05938221270130685
-0.026097214692443665     0.3149892694836963       0.05952151283026264
-0.025618760540711064     0.3165629172814352       0.05973720297338679
-0.025309167260872685     0.31748178944002536      0.05986308645627156
-0.02508419264276563      0.31814998211747675      0.059955344015343554
-0.024919184055135914     -0.02595392352474791     0.06003245150374854
-0.024483758781761504     0.31995930806607337      0.06020030796611334
-0.02439766054419071      -0.026053642171251834    0.06023783322158849
-0.02367546714792971      0.32239670779858826      0.060532916803017395
-0.02366190405223738      0.32243822015998486      0.06053846882549371
-0.02364251431830706      0.3224976083416911       0.06054647513294196
-0.022787930040982285     -0.02640292533387332     0.06087326033220597
-0.02277078514663442      0.3248890920785888       0.0608692994233345
-0.02208085459408059      0.32678294354241477      0.06112700279306202
-0.02188078858744725      0.3273402490563813       0.061201358517441025
-0.021635188051233167     -0.026575703370883313    0.06128185900081049
-0.02162315044273816      0.32805835146241885      0.0612979454243162
-0.020952490245104944     0.32969842224594215      0.06151921868441998
-0.020617408505942757     -0.02675365590440998     0.06164350274374782
-0.020442115927975332     0.33094740264929734      0.06168922863899495
-0.020010818112903055     0.332019866888842        0.061832085189556046
-0.01943270184991188      0.33345843865043745      0.06202543245866557
-0.01903096239206187      0.334319134917994        0.06214259430171147
-0.01879721447686168      -0.02740362806304733     0.06221530208904205
-0.018706514225588514     0.33503853766492425      0.06223768132242999
-0.018416672720059694     -0.027486592017795176    0.062335016524646465
-0.018013953223079013     0.3365886336039351       0.06244065230269554
-0.01773064540708859      -0.027600545301161614    0.0625243923827494
-0.017084260182228323     0.33866518568010484      0.06271312029780901
-0.016986711262365943     0.33885225347627207      0.06273774864910261
-0.016896915249850406     0.33902408665520006      0.06276041960993045
-0.01616178935015512      -0.027896129636457663    0.06295747056550427
-0.015843948741355352     0.34103526062794987      0.06302597605098383
-0.015239736121724565     -0.028024600386317117    0.06317688513786215
-0.014720941761328642     0.3431920720227181       0.06331037812671957
-0.01470422899550265      0.3432187898892213       0.06331392462829671
-0.014684139529737449     0.34325109013090105      0.06331820597174048
-0.013893420060221155     -0.028250459533516598    0.06349725857595107
-0.013412616303080105     0.3453166965555119       0.06358864741325512
-0.012338055609353775     0.34707251057828703      0.06381818706092533
-0.012090272571352813     0.3473971872774461       0.06386110622714142
-0.011809037527612498     -0.02849505668881689     0.06391482103403237
-0.011679151344537406     0.3479392026301917       0.06393263898673843
-0.011611564850257786     -0.028522959468146286    0.06395438055598679
-0.01147614426250189      -0.02853563560876846     0.06397647271654813
-0.010595984577839217     0.3493805246924409       0.06412077817713246
-0.009932493247588419     0.3502689202907415       0.06423654667348849
-0.00931622372026502      -0.02879434541792784     0.0643288365056115
-0.008941535084729384     0.35127319892444464      0.06437005331722777
-0.007503611270021578     0.3527403416687143       0.0645647141656127
-0.00747781816447951      -0.028924501834978848    0.06456117448372013
-0.007070698733209488     0.35304328418332503      0.0646063882425264
-0.007007396670242862     -0.028970113356715572    0.06462062642482519
-0.006420827801160019     -0.028997442043396205    0.06467344685193173
-0.0050229409230409154    0.3544920137688915       0.06480407223309659
-0.0047679072189954486    0.35459796888357803      0.06481887854359537
-0.004685083700191303     -0.029125798714809803    0.06482975031362784
-0.0031984929316742415    -0.029164964716628505    0.06491023287815413
-0.002519761472273032     0.35557357676680273      0.06494939754341575
-0.002349284810110348     -0.029207658853910128    0.06495620817201944
-0.0016540651861739436    0.35569507697944736      0.0649667826646721
-0.0014300120638350072    -0.029208888398067397    0.06497334386957253
5.126678263916449E-18     -0.029252026963346583    0.06500000000000002
3.0559160252484683E-17    0.3559496583606653       0.06500000000000004
0.0012813661381407232     -0.02919792620150128     0.06497711396367262
0.0015646000567924813     0.35569053729943256      0.06496913150204853
0.0022562222420446283     -0.029187080131056246    0.06495970239679578
0.0024782220441465657     0.35554907274637304      0.06495110635988988
0.0032914378833547113     -0.02912531774414922     0.06490587147618732
0.004500476946877067      -0.02908232346724017     0.0648430017867778
0.004563667679973605      0.3546168181436969       0.0648320232910638
0.004940654975092452      0.3544537849585776       0.06481049657119158
0.005709317618243745      -0.028982386048767746    0.06473843123277373
0.006732764114497323      -0.028928266404057705    0.06464989816994605
0.006812630969694606      0.35309794275873435      0.06463273936175663
0.007387298792837683      0.3526471035484107       0.06457817063390514
0.007692314768719662      -0.028829821997780183    0.06453342608480361
0.008604968307170788      0.3513059803082863       0.06441585070232195
0.008953083744905395      -0.028733449843680668    0.06438039154630054
0.00981815349738226       0.34998616744898514      0.06425412854803057
0.01022607529453784       0.3494124892869169       0.0641839040179838
0.010388343357354668      -0.028554496010243353    0.0641555767970198
0.010827725383930483      0.34857586776969296      0.06408032878597901
0.011161435838101285      -0.028480058623720217    0.06403448191584128
0.011668765835154329      0.3474132839776502       0.06393554203800586
0.011799721820485828      -0.028386089495186225    0.06391175466581539
0.012233219088726184      0.3466416868337          0.06383837031356786
0.013001862409350695      0.3453492777644682       0.06367579347072651
0.013357820394084993      -0.028200820541646014    0.06361216927856826
0.013858695267541663      0.34392359923628363      0.06349456353326442
0.014268500635368515      0.34324610602141076      0.0634078850165935
0.014632495566869463      0.3426505381803846       0.06333089593051701
0.015384427179912155      -0.027859690634235303    0.06314948266707461
0.015436701586633132      0.3410848363006985       0.06312872467523072
0.015542237412856517      -0.027837373640674665    0.06311345363448147
0.015656543404814916      -0.02781524191682354     0.06308319308829018
0.016164236588059648      0.33968229395919175      0.06294582792876476
0.01658555544677734       0.33891291911275434      0.06283991158338875
0.017015982931812085      0.3381326550129543       0.06273170539887801
0.017690822885149095      0.3367164516595833       0.06253478358609986
0.017714686894415854      -0.027479692184642766    0.06253833498358094
0.018242829262796564      0.3355661766448805       0.06237370525039385
0.01875763402878515       0.33449747139120345      0.06222348253870642
0.019303807417212167      -0.027140144943399454    0.06205911485400337
0.01938368118355406       0.3332328819055861       0.06204079871865089
0.019801483199492587      0.3322657458877996       0.061901770645567546
0.019875256090007908      -0.027010693837096148    0.061886785301045855
0.020098596774986398      0.33157532027039244      0.06180290293715063
0.020591190249960874      -0.02686633934436703     0.061642338956802906
0.02078556630462645       0.32999863440615373      0.06157430650551712
0.021735590322095398      0.3278098654331326       0.061258175889835634
0.021762386642241272      0.3277360012657193       0.061248155942075215
0.021779257533431975      0.3276893670731871       0.061241847409878175
0.02205796690746167       -0.026570126767298256    0.06114152715323473
0.02254322363460469       0.32560472715951927      0.06095617757227327
0.02305797711409956       0.32419624620844345      0.060763695808137244
0.023325129014096904      0.3234744960009858       0.06066379970048151
0.023394107407125563      -0.026212044382767516    0.06063272087104408
0.0237378904501757        0.32235632105938866      0.060509455820258046
0.02408618655326203       0.321329540045375        0.06036620985625482
0.024204295078690215      -0.0260361270795939      0.0603242028864263
0.024292560084181222      0.32071951720964237      0.06028133329542249
0.02482407900453532       0.3191682644160882       0.06006273211252838
0.02509622619658986       -0.025786239347583402    0.05994822928689796
0.025475459954399957      0.3172621478686416       0.059794834506813374
0.025563299987505513      0.3170083071467962       0.05975870797508138
0.02570759436972394       0.31659022969541806      0.0596993631024343
0.026269867766712744      0.31482533575610827      0.05944640773554809
0.026314080673301474      -0.025480107888056946    0.05943486461633751
0.026573262891934863      0.31383366977962546      0.059310261133549286
0.02694178100958332       0.3126564265229973       0.059144374713261005
0.027300708989895818      -0.025165449156954657    0.058977367499355504
0.027571238626588668      0.3106334311562438       0.05886238270095308
0.027613039751961423      0.31048710095116455      0.058841926192383535
0.027635380466384238      0.3104084324833079       0.0588310459276762
0.02824984638860916       0.3082933939970438       0.058530837568314675
0.02838731988937821       -0.02487778229877291     0.05847351466275054
0.028619383148809553      0.30701405122104075      0.058351154822813306
0.02889147140779832       0.3060913229535049       0.05821864198693753
0.029400075753538132      0.3043521449115496       0.05797094072837089
0.02953037790025221       0.3038709108014033       0.057902217172942756
0.029594129481345422      0.3036335209098684       0.05786859351111234
0.029732693904110666      -0.024434629629065       0.05779091179488623
0.030145806233639025      0.30163448271318066      0.05757762986376847
0.030424012650401722      -0.024225784263784862    0.057440154083593986
0.03051887736902157       0.30027171963888055      0.05738086583878767
0.030763726776405414      0.2994007155471885       0.05725172812122715
0.030924316481756343      -0.02403998224255167     0.057163661483900396
0.031238297422918747      0.29769916986013256      0.05700143153784244
0.03137692076451881       0.29716445401035924      0.05692252638175546
0.03144273836573506       0.2969085823274803       0.05688506264702439
0.03196933033776907       0.2949143555582588       0.0565853236473156
0.032317515859917725      0.2935649613146963       0.05638714641783639
0.03242416663663442       -0.0235692528620162      0.056334779571431196
0.032556928171648854      0.29266139118957785      0.05625086882187842
0.03304365405231478       0.2907980873885275       0.055973849026120986
0.03313946534691172       0.2904047463379858       0.055915169274579644
0.033182405967949635      0.2902259396280833       0.055888873412130974
0.03369883257016891       0.28813177226680325      0.05557259934335855
0.033996713468162826      0.2869068558341129       0.05539019058604244
0.03425827157912461       0.2858588646856145       0.05523001120763929
0.03431141373732217       -0.022851448613462902    0.055203181547748455
0.03438776920156973       -0.022826613683430336    0.055157399119517496
0.034494628876098936      -0.022785003508343588    0.055088118161994507
0.03481668927895751       0.28359050807980796      0.05488807418302856
0.03481773041923965       0.2835859867599128       0.05488738996658705
0.03481817724858355       0.2835840195714683       0.0548870963547164
0.03535167148274553       0.2812954312097765       0.054536507634618744
0.03558454724628383       0.28028288549508956      0.054383490284003154
0.035885956352444376      0.2790052496795526       0.05418542491840356
0.03631483996400856       -0.02212101693710143     0.053908001521990295
0.036357897969709674      0.2769780394222304       0.053875333951003516
0.0364238374095683        0.27671891699021645      0.0538320063894489
0.03655883265440458       0.2761882837233012       0.05374330356163046
0.036972036842151994      0.27445121683643064      0.05345262338783615
0.037136974514273516      0.27366707785180533      0.05333641725577723
0.03747654764229369       0.27211083749501674      0.053097664739923375
0.03748911718058836       -0.021612121002247575    0.05308722292724888
0.037843314668289316      0.27040450966879426      0.05283905065057347
0.03798377357359266       0.2697738640040166       0.052740209389956466
0.03820536232781289       -0.02134347655339623     0.052586597948609815
0.03832747102463547       0.2682078772514057       0.05249766487714083
0.03848710438431521       0.2674312602367977       0.05237704942100255
0.03854494018602564       0.26714369620958794      0.052333220451321244
0.03897869031637529       0.26507248674232176      0.05200521181513293
0.03921994210855087       0.2638957309542479       0.05182224121603211
0.039434369417159144      -0.020650466667370696    0.05166049469511981
0.039471577387774154      0.2627155468523764       0.05163179035854512
0.03990453093264094       0.26064235626281146      0.05130316672763877
0.039965705830083506      0.2603603742564796       0.0512568273889608
0.039969011167226294      -0.0203691398747637      0.05125761968803298
0.04012022388245855       0.2596335223117461       0.051139450155451356
0.04022195616618651       -0.020211519204071177    0.051053425308833014
0.04044672295410657       0.25800124178109585      0.05087474096981166
0.04056564709498178       0.2573944025171902       0.05077804162763659
0.04092246566196472       0.25564132110907045      0.05048851021668888
0.041220759094024825      0.25414614251378437      0.05024577102972334
0.04139938905389168       0.2532831490247807       0.05010070583889313
0.04168051994889395       -0.019361375746729928    0.04987598721416967
0.0418427162659391        0.25106595484657357      0.049740101872144234
0.04186819582114719       0.2509300537254157       0.04971795402877778
0.041877376254960366      0.25087920061391455      0.04970997119617785
0.042313548143553044      0.24856456270370542      0.04933079663702143
0.04248428733321945       0.24762415726715437      0.04918231653208567
0.04263933695259718       -0.018707640607641813    0.04904722366727014
0.04275950954072188       0.24620059950442635      0.04894307591900853
0.043105987615175395      0.24436765479126105      0.04864165279225794
0.04320915847168309       0.24384171795465054      0.04855194961551
0.04333988071509804       -0.018259047841022266    0.048441708480394155
0.04347177720056323       0.2424730961698105       0.04832343095853575
0.04365026331775685       0.24147936894392893      0.04815759007395043
0.043714375811858726      0.2411143941916511       0.04809797045946489
0.04407937582985566       0.2391121180748723       0.04775875245206519
0.04430142735919614       0.2378671878092275       0.047552216966107626
0.04450886766632988       0.23674544575619655      0.04735938549698703
0.04485124388645973       -0.01713814075897        0.04704346065741717
0.044894265709627824      0.2346164202765764       0.047000839448276245
0.04493872358756264       0.23437933313255768      0.04695950309594813
0.044947095799412515      -0.017071139954854295    0.04695478368802262
0.04505363945515321       0.23375354101234588      0.04685257051375419
0.04523580780205149       -0.016839294184700954    0.046668950407161
0.04535412318826163       0.23200741926620289      0.04655405855733418
0.04545829515680062       0.23136918581507238      0.046450744655218305
0.04574785213643162       0.22964828537688192      0.04616269393176931
0.04600263326350851       0.22810670433933136      0.045910281914276534
0.04614187653478084       0.22728892398093192      0.045771916735374715
0.04649815594430048       0.22515933747848574      0.04541932828772868
0.04650217430750168       -0.01586037117606885     0.04541520578623465
0.046534266271238064      0.22492852843115346      0.045381036166777064
0.04654736928222222       0.22484328985973503      0.045367200791575815
0.04688384967345005       -0.015521058294626333    0.045010851602953636
0.04690890829369342       0.22256039092986618      0.04498424471661253
0.04705986522901817       0.22159056223923376      0.04482502132835524
0.047283970942482864      0.22019219583780303      0.0445879042175751
0.047576511681842654      0.21833551921941563      0.04427967499280084
0.047662761180357144      0.21782700276848366      0.044188581150673395
0.04788172940783646       0.21650712957767493      0.04395785091366436
0.04799492763573057       -0.015035094210707136    0.04383413294337163
0.04804363314455105       0.2154674311808217       0.04377536174655335
0.04810244391317366       0.2150812583409986       0.043709233894299364
0.04841604389294793       0.21310631642809263      0.043355992073490904
0.048614409859592034      0.2118296575155726       0.04313308321985776
0.04878966270136493       0.2107465423683661       0.04293580574787367
0.04911336144134649       0.20858791434049112      0.04257280110747827
0.049144502868534466      0.20839028529158823      0.04253774788510109
0.04922419740449793       0.20787074625628016      0.0424484895649586
0.04929133616496341       -0.014218764108897504    0.04236542502454764
0.049430878153244005      -0.014127972907441444    0.04220745477918669
0.04948775935784701       0.20603135026594524      0.04213202462501806
0.049581548518194046      0.2053588027390865       0.04202000375026225
0.04977624008299155       -0.013830453688498653    0.041789077655348804
0.049828604942148996      0.20367242958443343      0.04172376328356023
0.050048996209745886      0.20212795368914505      0.04146086498050722
0.050170725140268005      0.20131455476924504      0.041315101505702154
0.05048859293046138       0.1991355525522548       0.04093640983604755
0.050512884405950274      0.19895734800664683      0.04090537208441466
0.05052139749325288       0.1988932659075935       0.04089455331173347
0.0508141514760995        -0.0130017760201839      0.04053133586901071
0.05084123873117255       0.1965969975228235       0.04048644809590171
0.05096766569193324       0.1956663340702245       0.04032598560158203
0.051163949427942945      -0.012635787864777578    0.04007751557382277
0.051170833192841575      0.1942376804743035       0.04006710796913944
0.05142106427604433       0.19243475775764038      0.03974991991843052
0.05150164143821534       0.1918793556204037       0.03964738871994643
0.05171166054409388       0.19039706722156235      0.03938151525487257
0.05182768400414602       0.18950249145064318      0.03922313300772264
0.05186475093407852       0.1892010815947113       0.03917222323054923
0.05214436579787536       -0.011578308113739853    0.03880676215518236
0.05214794925962642       0.18699322723939213      0.03878696588418992
0.052266396309416915      0.18601133637523368      0.03862474099298132
0.052463544030109985      0.18448334585376905      0.0383561277933481
0.05266524327329473       0.18282315463701682      0.03807946187064398
0.052684150561971885      -0.010867038043282796    0.0380518654292016
0.05277594218294626       0.18196999532941185      0.03792840020531088
0.053061380420844295      0.1796364716356252       0.03753627703164614
0.05308527083142164       0.17945333669429991      0.03750362502386486
0.05316960798598332       0.17876833862160568      0.03738759001780494
0.05338127401789627       0.17693369295214906      0.03707591197662438
0.053432968182229756      0.1764577765774958       0.03699923643431632
0.0535154678025124        -0.00980850870653452     0.0368906137141052
0.05367060655339281       0.17441109172209707      0.03664875092832909
0.05379410104769079       0.1732827004880237       0.03646529089597036
0.053957310946452924      0.17188560092704974      0.03622419019885129
0.05405097171310559       -0.009048888283081029    0.03608251122631999
0.054153194548083906      0.1701086827450487       0.0359327352621396
0.0542414821096722        0.16935734695141047      0.03580210313135736
0.054510301220018896      0.16693568306879839      0.035401500458631545
0.054523209500108506      0.1668264489150581       0.035382370349197334
0.05457069730219208       0.1664188877729846       0.035311491353446016
0.05479873282756672       0.16432329030739193      0.0349461934707973
0.05481151297941608       -0.008005512028676148    0.034936216586741925
0.05485389132289879       0.16377997945561548      0.03485719821731077
0.05506743622253539       0.16181435719019788      0.034514585170674746
0.05518757835032007       0.16063016216215997      0.03432044195837666
0.055325731578700715      -0.007218423210941972    0.03409642919117588
0.05532729951057892       0.15931849807469417      0.03409471099545917
0.055517941940164135      0.15742845848025222      0.0337889803866747
0.05558213859521259       0.15683551102774934      0.033685431916969405
0.05579220534870181       0.15478982882991457      0.033349055686391085
0.05583359808236737       0.1543509927979032       0.03327664574702351
0.05584462488341092       0.1542275095378557       0.03325751181968843
0.05603255272554382       -0.006171278197111062    0.03294357350601595
0.05607133575489256       0.1518658298952276       0.0328615823458089
0.05614710946544816       0.1510334636919982       0.032730301973523654
0.056308623703318614      0.14937903975751632      0.03244870386738999
0.05645148649226023       0.14783835942785473      0.0322015737085411
0.056512244359930394      -0.0053767275718051965   0.032092881190543196
0.0565455091748516        0.14689070183009156      0.03203791961439413
0.056757716399827574      0.14464223698475212      0.03167140520854289
0.05678203639032738       0.14440089046948865      0.03162914469897377
0.056858164446959486      0.1435976317782746       0.031498233059502265
0.05700373905160268       0.14191088556761042      0.031222455157579758
0.05704406191532083       0.14141283358040643      0.031147179038674137
0.05717863446967439       -0.004307615995040013    0.030912686993851315
0.057217285950855803      0.13941493697908655      0.030819973938173005
0.05731723809238688       0.13818771809247893      0.030633909297767898
0.05742826491464311       0.1369129545151614       0.030424796612715143
0.05758770766896784       0.13496669920062604      0.030128829012779176
0.05761388908979938       -0.003524762350366099    0.03007121330596834
0.05763682709887336       0.13440522945531724      0.030036582744989795
0.057801376851044986      0.13240806933430863      0.02973199949717791
0.05783991541388847       0.1318922519054511       0.029653002224557988
0.0578497945887111        0.13175153348665444      0.029633083449685564
0.058040208347414676      0.12933282239896512      0.0292476975392204
0.05809328036035499       0.12861070742870326      0.02913942169676279
0.058239398704955016      0.12676869978830876      0.0288432189176008
0.05824980204811765       -0.0024161972002910664   0.02884355938115015
0.05833567840215407       0.12547045862718725      0.028646493008349445
0.05843699748287942       0.124202466137421        0.028440779647712765
0.058577011256729344      0.12233076478947143      0.028154256500308797
0.058633058984567776      0.12163421437526409      0.028040279775451996
0.058633669973337264      -0.0016633819316073661   0.028030844156593397
0.05881522179097456       0.11923339826120323      0.027671478115222057
0.05881982874686223       0.11916624380978483      0.0276611332446687
0.058821075108241874      0.1191469684082026       0.027658386152306837
0.058988790012393016      0.11669059862276342      0.02728307876357625
0.05903544835130617       0.11596604974485293      0.027180601052265992
0.05915497769500486       0.11420735048795203      0.02691403952801396
0.05924578941851549       0.11279156289049676      0.026715285101564783
0.05924609603853053       -4.985693160035676E-4    0.02673619282554273
0.05931851125337945       0.11171679988840472      0.026553663934125858
0.05945228558934953       0.1096232289598425       0.026261903571229296
0.059479503933068945      0.1092192316788418       0.026201618665218203
0.05957426695862131       2.0665151698608493E-4    0.02597125511253224
0.05957678622392952       0.1076911369053217       0.02599018716753774
0.05963266092536646       0.10671499816184844      0.025854591567214546
0.059646216133311336      0.10646394762534975      0.025822403586292075
0.059775143582518474      0.10420439683509368      0.02551065678860898
0.05982304343736179       0.10331502311953289      0.02539733284746782
0.0599242622042918        0.1016823578945618       0.025154610698219323
0.06001309824384368       0.10016388807328777      0.024943560895405073
0.06007592509939809       0.09915274460631253      0.024793160892485754
0.06014025011718031       0.001969462007840858     0.024657404858799716
0.06018672101776935       0.097074602014725        0.02452607775934548
0.060220727018611836      0.09649441014528395      0.024445631542010366
0.060235740038311364      0.002280639244035079     0.024411099839397925
0.06035142790631701       0.09401638877975889      0.024129333611624247
0.060362193752740996      0.09383065703151963      0.024103771080051694
0.06042880244536299       0.0925543199226555       0.023941945194254802
0.06043802545514627       0.0030789591628695616    0.02389312936745474
0.06049625709730545       0.09116178504663978      0.023764952676413806
0.0605047757439516        0.0909645677685998       0.023741990891032568
0.06062350416388821       0.08848799348814845      0.023429221931598673
0.06064785875396984       0.08791858489122131      0.023363297536547176
0.0607479444787418        0.08580940991506278      0.0230985861838486
0.060784814530964015      0.004438859531837164     0.023002827073181707
0.06078748080076085       0.08487603720592761      0.022991113769054744
0.06086967932492856       0.0831262238177834       0.022772840040546635
0.060923777081792356      0.08183677970959954      0.022625160409969404
0.060943968596215856      0.00520826566487889      0.022597686413186355
0.0609888047149405        0.08043861482600492      0.02245178879730155
0.06105687529100372       0.07880067544686481      0.02226517377525898
0.061105411729134036      0.07774675334189364      0.022135247751633773
0.06118689613224408       0.07576759495942129      0.0219109046152113
0.06122097573965948       0.07506328746071741      0.021818806686331963
0.06123341382415941       0.00668879342442133      0.021771433964412924
0.061319010256657175      0.07267867884270439      0.021554362996246985
0.061328335216550685      0.07246044593165735      0.021528864288482982
0.061375967314988525      0.07126309421035978      0.0214007023494982
0.06142614145399781       0.06980749421872202      0.021245737913456613
0.06143355049379078       0.06957088788339066      0.021223333747889473
0.06151535838305328       0.06711250694450917      0.020971203243063227
0.06152133801660402       0.008562069665516016     0.020958270651476422
0.06153516716464309       0.0664558067259049       0.02091147465170845
0.06159562923270935       0.009039570592517367     0.02074717941733201
0.06160086333584231       0.06440973689571157      0.020709424722481613
0.06163159070515248       0.0633515304002383       0.020617039972040858
0.06166671492596286       0.009643928660491598     0.020547842380081165
0.0616827453315003        0.061699403381591814     0.020460038764954964
0.061723017854596         0.060257612887598386     0.020339305758576676
0.06176109007568248       0.058981717548258684     0.020222695317193045
0.061809634670809216      0.05717363238460951      0.020077587365983373
0.06183593900874769       0.01142471191130464      0.020003183598572834
0.061835980113311         0.056256882754977824     0.019997057235497467
0.0618916172453798        0.05409918968192976      0.019831236822176173
0.06190357423788895       0.012377165660936608     0.019790052121274975
0.06190749497294938       0.05352509492985549      0.019782799696083368
0.06196913236213614       0.05103390667142099      0.01959964040524827
0.06197571130333503       0.05078654290620261      0.019579609637430596
0.06200829776596967       0.01389679745041603      0.019454019447681912
0.06202828212872524       0.04802879202647984      0.01942168623136497
0.06202927527468434       0.04799148691930223      0.019418762985218878
0.06204418535554026       0.04733891596129726      0.019372822055627997
0.062089945849438624      0.04517069722428917      0.019219915086509394
0.06209210742451983       0.04504850875604031      0.019212263791818545
0.06209446241870444       0.01573803978826408      0.01918556259858793
0.062127492580260096      0.016478547134059135     0.01907958002461696
0.0621396417913334        0.042329101533139554     0.01905357156541428
0.062142985871925724      0.04209203448844692      0.019041593073664136
0.06217948403204487       0.03946654278365583      0.01892018945017975
0.062182740607006376      0.039158399685688086     0.018908329734394814
0.062185680245976045      0.018885743494179423     0.018901988650657498
0.06219193197321448       0.019171259930736526     0.01888169615421117
0.062199934708491424      0.02187102185175053      0.018862683429853186
0.06219999923210972       0.021976255405262265     0.018862227690668715
0.06220945084186922       0.036582702628304084     0.018820302127163003
0.06221182714487463       0.036246931692733346     0.01881140490244478
0.06222602648838095       0.02439407206113694      0.018781248955873374
0.06222952004887759       0.03367725624080265      0.01875445383776269
0.062229965314940267      0.024810004992473912     0.018767279705315745
0.062230113460434736      0.02482793072665374      0.018766754299715874
0.062230683287107624      0.03335698401196965      0.01874979127126799
0.06223937209093895       0.027639186900309958     0.018728584318869125
0.06223966902760867       0.030749872150466557     0.01872319995597216
0.06223972997448558       0.03048793504396955      0.01872250109837648
0.06223987468741285       0.0278002120714431       0.018727107274492644
-0.059587035846298216     0.02710480532032547      0.025944223570976553
-0.05958495333414272      0.028522450961710293     0.025949705027619875
-0.05958210743448131      0.02565120404529651      0.025956337761354347
-0.059573205172792416     0.029954213338788546     0.025975923224277928
-0.059568751264931996     0.02432096582444398      0.025986423134691537
-0.059564595717474175     0.031326091043571924     0.025997153268650375
-0.05954790753542096      0.032703111652892504     0.026033889652144815
-0.05954495817203807      0.022737176498663126     0.0260420807464821
-0.05953300145317981      0.03407835948458986      0.026069458170399098
-0.0595095366550603       0.03547839916772494      0.026121537198965847
-0.05950122721641421      0.02163055448272238      0.02614109965012161
-0.059488815730624055     0.0368163150660101       0.026170215915493553
-0.05945733347744522      0.038281411272158096     0.026240325730778388
-0.05943188288060974      0.03953988811130458      0.026299524260587848
-0.05939722370626387      0.019564287687511554     0.026385130229563278
-0.05939048685509231      0.041113575001613376     0.0263918153029259
-0.05936734929775257      0.019071277204223434     0.02645353800082399
-0.05936204622187842      0.04224900849095313      0.026457481597887182
-0.059308129000398405     0.04397641703733334      0.02657767490497552
-0.059279148052872224     0.04494360561875619      0.026644186960321163
-0.059258847247635985     0.017563066263955124     0.026708259287784107
-0.059209330454032046     0.046871572558389384     0.026799692137858253
-0.059184480258538646     0.016602685364498992     0.026864518492261277
-0.05918302964341516      0.047623608448111324     0.026859740026767776
-0.0591556042146537       0.016282299644574057     0.026926441483902136
-0.0590746640089828       0.05000963987882929      0.02710371757699749
-0.05905834835832703      0.050375818856300776     0.027140450986063193
-0.05896040010356705      0.052365650507548024     0.02736097463524513
-0.05894791298733483      0.014220497371830548     0.027365787905202665
-0.05892028120435793      0.053115877383795376     0.02744390176984238
-0.058911863649264776     0.05325951606384834      0.027461301199759078
-0.05879409785898121      0.012871728800959216     0.02769657460854088
-0.05876286296906574      0.055842833228646485     0.027769290893725103
-0.058717947936123095     0.05655731032078724      0.027862132140319018
-0.058674874873555924     0.01191315037528307      0.027950277558029177
-0.058601298819122266     0.058565396427893365     0.028103250391184564
-0.0585204270577529       0.05986259592268883      0.028270415543415008
-0.058448795765726994     0.01027868177823616      0.02843814177540356
-0.058436300585772025     0.06128432397534463      0.02844430824136706
-0.05836031134716354      0.009677658515956209     0.02861133110001304
-0.058315788561168466     0.06318271934245406      0.028693411417880545
-0.05830138148052963      0.00931553816408241      0.028728098139665537
-0.05826662500216707      0.06399830216283595      0.02879503442086534
-0.05810371413519252      0.06651834415144844      0.029131777729509686
-0.058092117457227845     0.06670716738767844      0.02915574851952624
-0.05803972876578847      0.06750286862353452      0.029264038059178963
-0.05798926066566276      0.007514593935136941     0.029342125713781662
-0.057903338119613915     0.06940991948835298      0.02952394662555268
-0.05786725188334916      0.0698824155783627       0.02959271326101424
-0.05770517247586779      0.0721068106217365       0.02990157483868832
-0.05761251165405526      0.07327397329690344      0.03007815214735035
-0.05749761259992964      0.07479443241101894      0.030297105192973357
-0.05748214014635806      0.00580841149738698      0.03034461433840747
-0.057421210886094        0.005605036646510412     0.03045534839306678
-0.05734424285863254      0.07669209855345496      0.03058937201654853
-0.057335670141652195     0.005363330802838495     0.03061058614938562
-0.05728391730976608      0.0774759655240568       0.030704329433514317
-0.05706544984992326      0.08013080043901684      0.031120649824835016
-0.05706385251629561      0.08015117764953648      0.031123693739878135
-0.05705799891375439      0.0802210279089485       0.031134848628654267
-0.05682186813662184      0.08281837816627785      0.03155117896074174
-0.05675298273099257      0.003806325348132686     0.03166861031702797
-0.05674464159389163      0.08361572342657757      0.03168734117075078
-0.05657208515376324      0.08547863391745561      0.0319915821819984
-0.05640953539256594      0.08712610792168346      0.03227818297286574
-0.0563730081749543       0.0029327718082691285    0.032357678361771836
-0.05631541768808257      0.0881324357395325       0.03244412694870921
-0.056064421845430416     0.09065469798360629      0.03288666931510507
-0.05605255370578243      0.09078041534689359      0.032907594646919704
-0.05601511042742354      0.0911530045940951       0.032973612553519556
-0.0560091865110536       0.0020979654922396295    0.032966466819454664
-0.05576818853454536      0.09342108474707327      0.03337768623726963
-0.055674622689432754     0.09423082272234767      0.033530800868858
-0.05547394251050568      0.09605497355939667      0.03385920227500951
-0.05526564558000442      0.09783591576283654      0.03420007619551057
-0.05519275036365149      4.7433273911631394E-4    0.034331038468157944
-0.05519029332144639      4.69437753810159E-4      0.034334840322592715
-0.05518386780487024      4.582737581509974E-4     0.034344772106380976
-0.055170949405220084     0.09868148868066745      0.03435503869280416
-0.054911424345889776     0.10090987778391755      0.034779752635841016
-0.05486177765763899      0.10130484696419076      0.03485536630710702
-0.05484124580442725      0.10146209436144002      0.03488663856770231
-0.05453305798765939      0.1039238822374694       0.03535602608105752
-0.054377246145943775     0.10512120943979486      0.035593347907565936
-0.05426972821436632      -0.001080849955777706    0.03575812401303069
-0.05420041929823371      0.10653963570472959      0.035862668954627704
-0.05394165405653695      -0.0015662237204696304   0.036264863887949375
-0.05390891341147274      0.108787481050138        0.03630667680337895
-0.053863674214198735     0.10915195061850175      0.036375580576053605
-0.05374705007439887      0.11005449069651899      0.03655321939179001
-0.05350950508994372      0.11175960147844896      0.036890774336982
-0.05340438525216697      0.11248525558672116      0.03704015789330689
-0.05326984175187968      -0.0025671284988413386   0.03722825466799645
-0.05314368027229992      0.11436285311631471      0.03741062852797082
-0.05287756383237466      0.11620465015835926      0.037788806058488084
-0.0527727606925095       0.11696205220143771      0.037937736887917226
-0.05261896580685514      -0.003422754296933859    0.038160769384218356
-0.05252157034515105      0.11870521611274859      0.03829470783259037
-0.05238775564454124      0.11955835484036666      0.03847185116591092
-0.052321350228760014     0.11996458731195606      0.038559946556543635
-0.052105218374209325     -0.003817774666729251    0.03884424645334864
-0.05197892367019459      0.12214772692128789      0.039013538231745346
-0.05171148296529716      0.12380182236106255      0.03936788739409613
-0.051565368688565504     0.12473520301385793      0.039561451450630454
-0.05130134015442172      -0.004286685262423178    0.03991297627932962
-0.05125619348788189      0.12665027964338985      0.03997112992395877
-0.051140487237143706     0.12731738062666964      0.04011466008469994
-0.05107836367198944      0.1276648938176877       0.04019174014107767
-0.05069257466217518      0.12989146875342603      0.040670337501754625
-0.05067944895470404      -0.004681227948438619    0.04068554542209086
-0.05039018472458978      0.13158398776769212      0.041045558517751664
-0.05023838740345657      0.13246102396416132      0.041233888147249986
-0.04994306169198679      0.13411498686386727      0.04160037233972497
-0.04993213040307535      -0.005038127998217315    0.041613334279139394
-0.049768545236658884     0.1350237545375656       0.041803216769189265
-0.049665901830535375     0.1355421702397123       0.04192254702403147
-0.04927504478497828      0.13757759236464945      0.04237688442247188
-0.04913203033700329      -0.005458414932123656    0.04254198852373508
-0.048881890572247226     0.13956242644742395      0.04283398973447845
-0.048773682377122145     0.14012595610177286      0.04295978217276832
-0.04858173827423187      0.14109455458730658      0.04318296559368603
-0.04850597859196773      -0.005876999034738916    0.04326796915473244
-0.04824664084526909      0.1426644539222593       0.04354805033732611
-0.04805094342590366      0.1436058867365241       0.04376087085973781
-0.04772428988549856      0.14522878720872726      0.04411697778547628
-0.047625403089140594     -0.0063715967437845775   0.044223037391626877
-0.04724783281037596      0.14753908698589024      0.04463439412687065
-0.04719763082243977      0.14779070474245407      0.044689047290680704
-0.0471004834804663       0.14826566865676366      0.04479439738244089
-0.04702182651372947      -0.006745175306377693    0.04487695229604723
-0.04664411412161689      0.15034463633234937      0.045259407048936454
-0.046377506855185185     0.15152981687996092      0.04553006129056539
-0.0460803589701165       0.15289443236030908      0.045832417178926194
-0.04603730252438566      -0.0072520042034093825   0.04587477087324428
-0.045547301126855795     0.15528201737943548      0.046372804842794275
-0.045509225955512544     0.15544067769208036      0.046409067814325404
-0.045485477447272965     -0.007567126535292939    0.04643343995644102
-0.04548506975878464      0.15553888967335625      0.046431993332286516
-0.04489575924778087      0.15796795546577563      0.04699236174092229
-0.04446673476886623      0.15967567936212645      0.047399145587096736
-0.04436115181688999      -0.008094766955577825    0.04749831360133545
-0.044268870586866065     0.16048723618934263      0.04758707427111143
-0.04395513179816948      0.1617293579577127       0.047884207519029984
-0.0438970136796534       -0.008338261105079486    0.04793743777399523
-0.04361208329133295      0.16299473299419848      0.04818915896807892
-0.04335737826349957      0.16390225586741763      0.04841497055499533
-0.04292427768096202      0.1654898020181636       0.04879952682098258
-0.04258900311656782      -0.008893999356419123    0.04909502465286088
-0.04237112619410424      0.16759518326690725      0.049290842611158694
-0.04226478916152227      0.1679717474672818       0.04937915784101575
-0.04225652876942639      -0.009053358449778693    0.04938895215908335
-0.042175582973607094     0.1682851037366429       0.04945349707404475
-0.04157285402506826      0.17044473599344132      0.049954819099377004
-0.04091412311385653      0.17278556548681245      0.05050459849835776
-0.0408782571334803       0.17291564889333869      0.05053447437230459
-0.04083350213639174      0.17307660068663802      0.050571883661679216
-0.04071116064694347      -0.009642521365196364    0.05066656199900523
-0.04056412954501283      -0.009706457545158989    0.050787990431293326
-0.040145076647050526     0.17537577732041046      0.05110980933824367
-0.03953944182415993      0.17738120878532698      0.05158462047401993
-0.03950709527382913      -0.010063875739456765    0.05160400372074043
-0.039405823707436526     0.17783273810215652      0.05168918391720026
-0.03924929990180377      0.17835705001315033      0.05181208421611103
-0.038819786338478386     -0.01030553412499976     0.05213467296380908
-0.03870275648538103      -0.010335942005145933    0.05221849598527108
-0.03861423127643451      0.18025196126259224      0.052274661898711695
-0.038093058929920744     0.1817979066722944       0.05265561289068912
-0.037808054145689815     0.18266041261785138      0.052863522530861344
-0.037450833996078875     0.1837349633617923       0.05312503881579661
-0.036974028624116514     0.18505812017838744      0.05344832122772606
-0.036880451925721584     -0.010778459272469813    0.053522476362597875
-0.03655062459825187      0.18622590090496943      0.0537363911424697
-0.03624350549950038      -0.010921247050511656    0.053944768506741826
-0.03611675794334411      0.1874465619869522       0.0540310210657511
-0.035614285561850215     0.1888257472844459       0.054373486665035484
-0.035220627720214503     0.18982366909384202      0.054621332706449324
-0.03490196003601011      -0.011200522027821999    0.05483334678361022
-0.03483345238858762      0.19080791671220831      0.05486593010576257
-0.03429681170136799      0.19219093327271677      0.05520435088480631
-0.033740054306445943     0.1936299057377392       0.055556672177921304
-0.03365067468657876      -0.011439188209558557    0.055598933221361745
-0.03335283170898492      0.1945509754979714       0.055782377055808324
-0.03294421715110334      0.19552568747852414      0.05602136892606676
-0.03288432557544334      -0.011573806670609721    0.05606735791444785
-0.03238286145472577      0.19690626136588119      0.05634941246971575
-0.03180232357418203      0.19833623282729035      0.056688661764900394
-0.0313946451788812       0.19925822337918947      0.05690813304218743
-0.030957391504760665     0.20024866025133503      0.05714352333457
-0.030917195112246196     -0.011887275631670437    0.05717419638272514
-0.030830947676878356     -0.011921518850882017    0.0572227546052262
-0.030370133244880557     0.20159656445978963      0.05745966854991586
-0.030132895368225047     -0.012169819773733135    0.0575833323487208
-0.029810416097252077     0.20288332345984533      0.0577609838046001
-0.02931521455427417      0.20392339642216406      0.05800561902134392
-0.02881312233287321      -0.012665978049511601    0.05826486861780514
-0.028731625689560693     0.20515111334466446      0.0582939153178707
-0.02865933614010756      -0.01271824364279353     0.05833740325492301
-0.028222681882071644     0.2062358381211716       0.05854533784525317
-0.02778096846998396      0.20717884476142906      0.05876354548957656
-0.027083892635600723     0.2085304167754533       0.059078128518276644
-0.026757946882824193     -0.013389967240416176    0.059236326133498225
-0.02632788891677655      -0.013526706380277205    0.05942108457939719
-0.026122797854300463     0.21035628109535925      0.059511549330040825
-0.025877672047486207     0.21082785014428113      0.059622159806599455
-0.025692862590082268     0.2111821546302991       0.059705433144742456
-0.024665055191650534     -0.014077254287891895    0.06013722622462346
-0.024588521533783395     0.21309230461673906      0.060157841107748175
-0.02390958102779406      -0.014301239020170053    0.060431121326501955
-0.02355765898614176      0.21486912835149996      0.060579543244988085
-0.02325379129024897      0.21533796022190035      0.06069183860500335
-0.022662607501134666     0.21624685132008525      0.060910001016202864
-0.022534386361751205     -0.01472663708244741     0.06096749624350359
-0.021826375220382454     0.21754625027359928      0.061218742617595565
-0.021399222363871352     -0.015039270440925186    0.06136458580006256
-0.021386123868499876     0.21822787337858335      0.061381052608093484
-0.02036587680672151      -0.015336860438011218    0.0617270603348582
-0.02036477955074265      0.21960563267098415      0.06171499561778501
-0.019049606697169697     0.22137447639858776      0.06214430727160629
-0.018868932075862703     0.22158734565088276      0.06219609034865988
-0.01846487463268147      0.22206193260967994      0.062311702102818015
-0.018281695994873053     -0.015527788582080723    0.0623726855027829
-0.01815850069688392      -0.015542819981662421    0.062410789320190556
-0.018065423923105978     -0.01554814071435387     0.06243604340371337
-0.017254323009809912     0.22349963134145118      0.06265825459730515
-0.016700107089415266     0.22415577057565367      0.06281664479566992
-0.015939353972451102     -0.015796638659049008    0.06301421186886516
-0.015528073835300084     0.22534637071704655      0.06310549204206482
-0.014337832353302217     0.22655147823111957      0.06339831024815643
-0.014121897304486502     -0.015882188769598685    0.06344023685355027
-0.013704630696854644     -0.015928503542065438    0.06353829855955827
-0.013670870732592069     0.22711609477944755      0.0635364612657889
-0.013184867252576938     -0.01594685448561836     0.06364116192807931
-0.011979786974571268     0.22861178049838995      0.06388642074764321
-0.011721552520922348     0.228797985660579        0.06392992591965894
-0.011457275833516179     -0.016070870324045243    0.06398219518421301
-0.009909989240824313     -0.01607295793890756     0.06423093643683886
-0.009613470683045931     0.23033304782797293      0.06428507784336288
-0.009566641326755112     0.23035955102898117      0.06429118805394768
-0.009194850070946642     -0.01611726661914028     0.06434629308786038
-0.008424339415299967     -0.016106025501998595    0.06444266978254959
-0.0072323338398261276    0.2316953624528175       0.06459576431645837
-0.0071113040412048465    0.23174512463266073      0.06460701462274075
-0.006919071983294652     -0.016144312961925096    0.06463015972737626
-0.005344972658509032     -0.016072395627709783    0.06476990152726467
-0.004836376444911868     0.23269294654348804      0.06481848016692973
-0.004628259753771921     -0.016080494299587498    0.06483388013704221
-0.004191545080680443     0.23285844241796286      0.06485452162367969
-0.0039653061640411375    -0.016036616924822788    0.06486961096793613
-0.0024255984983031524    0.23331989759898777      0.06495322539477695
-0.0023241077783601903    -0.01600000755837528     0.06495715915905444
-4.970962777304881E-4     0.23351737953210305      0.06499041412576531
-3.0051190748176703E-4    -0.015809421022238392    0.06499439830977416
6.222313197527602E-18     -0.015822702979471012    0.06500000000000002
2.0964382806354233E-17    0.23357018506588212      0.06500000000000004
3.0595713457599936E-4     -0.01580375507034866     0.06499453540569858
4.6984637628107254E-4     0.2335096960475933       0.06499096971491881
0.0022564081359099926     -0.015988574213625043    0.0649596955721475
0.0024180140742363285     0.23327057171698395      0.06495352660460296
0.0035186623919235133     -0.016022475688437288    0.0648940499879217
0.004020406792495276      0.23282964743845386      0.06486424359602214
0.004500895711959463      -0.016093903548366532    0.06484297234545695
0.0048213439192699385     0.23261497747097237      0.06481961653578423
0.005835687369101515      -0.01609412878932242     0.06472749728679922
0.006733424381788687      -0.0161348726574086      0.06464982921625106
0.006894689905400545      0.23174196118479584      0.06462748741603297
0.007209989535100853      0.23161180496520972      0.0645982697935438
0.0074176104727795        -0.01611976139495991     0.06456677071924759
0.008953986334865618      -0.016151006533259477    0.06438026598771983
0.009347921932336588      0.2304006914854649       0.06432018689304188
0.009583950921729069      0.23026919445169644      0.06428948637788169
0.010748847759596588      -0.016058259166891957    0.06409909611622885
0.011162597544305125      -0.01605701798312258     0.06403427937577899
0.011521110909216857      0.22889095059981246      0.06396415719796902
0.011530159356863459      -0.016031256575600176    0.06396359681219801
0.01194322807915459       0.22859503395947361      0.06389326628879792
0.013359234708543225      -0.015974755051178194    0.06361187204582346
0.013498510914161623      0.22726359417519154      0.06357243317030431
0.014311579998516243      0.22657130793971425      0.06340424027663132
0.015210690434482095      -0.01578514264424153     0.06318912695442232
0.015350981915388737      0.22551897828809847      0.06314914299813845
0.015543923099604187      -0.01576831814341361     0.06311303800628353
0.015886366597361947      -0.01572817209823101     0.06302237007207785
0.016718830805006506      0.22412419444256035      0.06281165357454646
0.017078516446031686      0.22369887728372154      0.06270889854651687
0.01771663599968345       -0.01557979075376275     0.06253778227533326
0.017792966541060586      0.2228482856125218       0.06250375532062732
0.018681136944931884      0.22180355298747714      0.06224914917808081
0.01911746638537817       0.22128685942784687      0.062123436797501624
0.01933137157090594       -0.01533410376886293     0.0620507807581122
0.019877396874989215      -0.01528104807811548     0.06188609768775688
0.020185716391826786      0.21984925969302793      0.06177360767983884
0.020486770295281575      -0.01513743661249904     0.06167801167122568
0.021507259664267198      0.21805924689454076      0.061338711093030275
0.021616615917851304      0.21788305678500428      0.06129838365980315
0.021744996206182407      0.21767447920173136      0.061250802897897555
0.02205972916920078       -0.014841284952021146    0.06114089230898209
0.022760858203910606      0.21605263544510991      0.06087513437708196
0.023495959596391107      -0.014478120389472205    0.06059393575524842
0.02360443645827724       0.2146947046083126       0.06056162226337036
0.02388352237194032       0.214206130150988        0.06044778712286804
0.024182156522811707      0.21367908586200463      0.06032538337876718
0.024205552297768496      -0.01432838311585966     0.060323699369504866
0.024961119443694446      0.21232840531592684      0.060006825949285754
0.025003854285520013      -0.014109959249940685    0.059987172596898994
0.025670998526814568      0.2110876545678721       0.05971511355608011
0.02601632275812339       0.21043458143635718      0.05956028324984233
0.026314853244776205      -0.013813578133299044    0.05943452300961452
0.026359394796495274      0.20977460985824298      0.059406229541972826
0.027003235058284523      0.20856266552470235      0.059116889276478825
0.027411485636066258      -0.013490523400267709    0.058926010964132136
0.02758797528267737       0.20744749038443763      0.05885453653528885
0.027963058759005562      0.20666946421851787      0.058671211650652255
0.028328280209728343      0.20590212996217805      0.05849299906010502
0.028387640466448302      -0.013247687450526863    0.05847335908139886
0.028888510346440535      0.20475067533192043      0.05821940349994821
0.029447733428028595      0.20358673766453467      0.057946744213010784
0.0295896797216844        -0.012868828891424475    0.05786347301743555
0.029790782571184702      0.20281383804112296      0.05776525310990949
0.030097881298788005      0.2021133273935664       0.05760304785086512
0.030423911045827545      -0.012645582798193162    0.05744020796374819
0.030676464580121472      0.20086321074787852      0.057297314023668305
0.031061077842570402      -0.012428663957009891    0.057088088502320826
0.03128781941750182       0.19953834429160516      0.0569742631159808
0.03155672782803453       0.1989083168712571       0.056820857862367846
0.03179020259704948       0.19835970478479817      0.05668766657957379
0.03241003220284227       0.19693559677488065      0.056334069911901374
0.032423660365889236      -0.012033224811560564    0.056335071472916345
0.033103630595383904      0.19533742646490887      0.05593839007019391
0.03325638280302535       0.19495828706551982      0.055844597614751704
0.033382411748250455      0.1946445936077838       0.05576721369728192
0.03407350837763159       0.1929621155372644       0.05534286860388963
0.034267183235162875      -0.011368034176618936    0.05522972197820925
0.034386901524954744      -0.011330520676201935    0.05515794121888624
0.034470065770204436      -0.011298007841777142    0.0551040253508956
0.03483470864910349       0.19098970024488748      0.05487570055521601
0.03485397540533448       0.190941123467687        0.05486386985412769
0.03487739107504831       0.19088095236198843      0.05484950503513234
0.0355960394465038        0.18889216071421605      0.054375984552261857
0.03612210290325208       0.18740862920078694      0.05402969158155699
0.03631361091938962       -0.010678911056940046    0.05390883086905671
0.036331009301785185      0.18683554158531904      0.0538920984004955
0.036606881982755954      0.18606461354860898      0.05371057207134569
0.03704169076697923       0.18476061549200787      0.05340398313864957
0.037336885558032745      0.18385890708752128      0.05319604046065814
0.0376772327305574        -0.01011837046075903     0.05295576632119592
0.037736144128785634      0.1826727554480885       0.052914629963670884
0.038202032357834786      -0.010135982625766758    0.052589016737955685
0.038304789440632335      0.1809526237296264       0.052514217926634785
0.03842151453954935       0.18057716978020927      0.052426033537538275
0.03849626914484794       0.18033104124634897      0.052369613028031274
0.038592675956850765      -0.009979613855014332    0.05229490581031229
0.039080952145405495      0.1784648781079873       0.05192806341622397
0.0395828520756837        0.17682583659643966      0.051549402757812286
0.03973447977543696       0.1763454939099094       0.051434938683409766
0.03995135873890387       -0.00978286034066702     0.05127142326252827
0.03996056790388166       0.1756129845897451       0.051264430689576146
0.0403670037793659        0.1742153277784998       0.050936882328399616
0.04061208913419033       0.1733498445010655       0.05073904232014939
0.040999693481197856      0.17202866108501189      0.05042692373099413
0.04154045217501646       -0.009389544600303381    0.04998981947760669
0.041598032560163686      0.16991506334730588      0.04994321008882305
0.04162305966105534       0.16983303243329384      0.04992300484936402
0.04164993609727293       -0.009361499787987275    0.04990156905482534
0.041662210068989014      0.16970133891440592      0.049891396412702446
0.0417622316488639        -0.009320312051484935    0.049804701891479744
0.04223055244474096       0.16766771846771866      0.04940090836335036
0.04255918398473547       0.16646078492813796      0.04911728541801137
0.042831732363888014      0.16549621633546807      0.04888206927189162
0.04328269817914108       0.1638590204513774       0.048492862165198054
0.04329639220779563       -0.008849268241749104    0.04848059652947416
0.04342288920894878       0.16331797951027713      0.04836357568982612
0.04349981812938314       0.16301338008251987      0.04829262826936338
0.04399321681911397       0.16113099625160043      0.047837602527167365
0.04438870775634699       0.15958383554487676      0.047472858249381786
0.044559584489528924      0.15893910889061316      0.047315269209455287
0.04457434116385437       -0.00829871086254301     0.04730063701694125
0.04485367877547369       0.15780190625677387      0.047044035589381396
0.0448900160705449        -0.00815896184144976     0.047009356495682844
0.04511210181519461       0.15674047493819618      0.046789415698077125
0.04524910100362717       0.1561637066627124       0.0466544282299116
0.045380292768375664      -0.00787622047514224     0.04652545346720814
0.045650187331095604      0.1545352300666039       0.04625923996488501
0.04607509044269631       0.1527403229156073       0.045841417100562734
0.04617121387953714       0.15235028673074452      0.04574665353845041
0.04633315838124383       0.151670895231383        0.04558762830610688
0.04643130595676899       -0.00732775991285362     0.04548765638176531
0.04667172430034523       0.15015357695205328      0.045231519393710486
0.04685080696181128       0.14932355279607834      0.04504393958926234
0.047011515240190496      -0.0069370832147496245   0.04487484279191674
0.047160131598836225      0.14794723445724872      0.044719045556419854
0.04760132303340152       0.14591849552236147      0.04425756124427763
0.04764330926762624       0.14573297888759276      0.04421352380798146
0.04771856870461173       0.14538955140251922      0.0441349119574139
0.047920010683460905      -0.006310350720667057    0.043916041401464975
0.04810485482433699       0.14350804543394738      0.04370262850115796
0.04829803359947656       0.1425360117771989       0.04348738451313737
0.04855887483198511       0.1412754949779481       0.043195896758277674
0.04898301456924111       0.1391595081435466       0.042723968016576006
0.04900896466826217       0.1390348163003828       0.0426950534774323
0.04902023203977364       -0.005369870958367247    0.04267380614561798
0.04906085547850547       0.13877717859913524      0.04263722141072633
0.04935605892013577       -0.005076334659961451    0.04229496209170855
0.049442931620196556      0.13676051420635132      0.04218296993410625
0.04961456694523224       0.1358240425498575       0.04197886238937207
0.04987140838072994       0.13448084724212025      0.04167347906785358
0.0502339884876024        0.1325079153343573       0.041241436284710144
0.05030014556366018       0.13216552799404307      0.041162818523385894
0.050447944022341616      0.1313603403186421       0.04098648385333604
0.05071091078402319       0.1298379977473807       0.04065256612529748
0.05071333326021568       -0.0036455778917207178   0.04065635271958228
0.05073959128828331       -0.0036173127590607874   0.040624682745473664
0.050812229002284354      0.12921974793971547      0.04052336270518474
0.051001097098847245      -0.0032842699416488906   0.04028697362980359
0.051109109791168804      0.1274997836755894       0.04014590347827754
0.051363984338366184      0.12594468587829685      0.039820470138718915
0.05150063499626116       0.12515241244802208      0.0396465102427875
0.05183484381951628       0.1231134150820378       0.039219239899139925
0.051884615393495766      0.12278831747588737      0.039151113133017626
0.05190121725778538       0.12267410551727702      0.039128279444870295
0.052070869043216284      -0.0019394345363118362   0.038905327470238754
0.052175508462386395      -0.0018120556059119687   0.038759514911139596
0.052255143017364086      0.12036466374081851      0.03864320309008637
0.05239576404059901       0.11939903185070147      0.03844954839833556
0.05262039728173888       0.11793464013032265      0.038141276672074426
0.05288388627582945       0.11612843021271736      0.03777794843659013
0.052980597107119845      0.11549853034535872      0.03764505708023678
0.053252120940329155      0.11364032329915905      0.03727016707596346
0.05333196457252227       0.11305666709672102      0.037152067239157205
0.05335732665865506       0.1128612023469642       0.03711467697569295
0.05344671238840792       -3.0615589637415054E-4   0.03699009570948537
0.05364131534142959       -5.160740376244742E-5    0.036697523608024134
0.053648791510390204      0.11070499402055248      0.03668156332294577
0.05379734243999036       0.10955108436023969      0.03646317551274493
0.0539670084472971        0.10833635883608772      0.03621218817773647
0.05424483622213094       0.10624986427357624      0.035803234008723595
0.05428620766282585       0.1059525723155928       0.035742113907276135
0.054389804923754864      0.10517213980711854      0.03558982541590267
0.05458850500820406       0.1035604399691196       0.03527428763491101
0.054658367912338315      0.10296559794226035      0.035163947774482514
0.054747414156594704      0.0013570964234169444    0.03503651390869153
0.05488034724145828       0.10116017828162271      0.03481192302547146
0.05500615756311478       0.00172171269279116      0.03461558434090849
0.05505231335432827       0.09969289078069071      0.034540697450782185
0.0551676938334113        0.09875200161065943      0.03435797133709514
0.05543962593379171       0.09642703277566048      0.03392966881955391
0.055450733249982016      0.09633622601433191      0.03391210231705145
0.0554810072813707        0.0960768800754364       0.03386448518785708
0.05571502073632967       0.09391343409099587      0.0334656530996177
0.055790869008369166      0.09317770069452304      0.03333715965262518
0.05597301824922732       0.003048944857693003     0.03304458885324865
0.055973811055008815      0.09148364857606807      0.03302580955999433
0.05612040309333145       0.08997871737346157      0.03277524098133112
0.056229295086879405      0.08893253716658062      0.03259111324584278
0.05627380043522581       0.003506976323314876     0.032513324952438374
0.05643130973854203       0.08683273080392429      0.032244721496471736
0.05647855935196576       0.08637304712015831      0.03216458517010286
0.05667423964802465       0.08431409245058213      0.03182799422748071
0.05671956907833434       0.08380556403578647      0.031744587479109625
0.05672861216674724       0.08369531538936015      0.03172768221213634
0.056945730841030315      0.08123053477772324      0.03132691643202347
0.05697204871460386       0.0054274189067232675    0.031284501203614166
0.056999260833056085      0.08057037597846736      0.031226514277136887
0.05704821746743901       0.005635837121787707     0.031150215366234375
0.05707869875879686       0.005735211510339141     0.03109681414893875
0.05717164345573261       0.07868144030594132      0.030906196024428796
0.0572795904084286        0.07741155659574112      0.030704178639713777
0.05739308609944599       0.07613337863548769      0.030492987718263753
0.05754752864594151       0.07426452116526049      0.030203501549546312
0.057607229961166746      0.07357348160354359      0.030092254926520377
0.0577010659505522        0.007836832323446504     0.029903996419366412
0.057803626011555836      0.07112875824113728      0.02972355100391126
0.057814275529174126      0.07100205759991512      0.029703679108525526
0.05786095606173989       0.07040425594074058      0.029615904955887347
0.058004919256544205      0.06841856739894915      0.0293230507104324
0.0580306527048343        0.06800509296173901      0.02927077642956772
0.05808889232812326       0.009429303900708116     0.029166225011418818
0.05816829057865757       0.06586972403665835      0.0289885691994594
0.05822863987112947       0.06487039502873178      0.02886622636399476
0.05825182312795613       0.010126123196318518     0.028825294930376413
0.05832630503117396       0.06330996993173081      0.028666323365709342
0.05840047864139376       0.010921253937146144     0.02851706199860863
0.05841791891041852       0.061746017474802024     0.028480977901400216
0.058479069300660894      0.060739552619470165     0.028356029162299505
0.05859880688046166       0.05863156336181204      0.028114280904772318
0.05862668687066816       0.05815871220350433      0.028057411070198716
0.058698652774804946      0.012496604054061822     0.02789546597836296
0.05875784590375865       0.0557765500882703       0.027793145300657383
0.05876831807007066       0.05556760175604323      0.027769811450113625
0.05877020753435566       0.05552708008163578      0.027765660636253846
0.05889458116400579       0.052965649350563804     0.02748902476601734
0.058918456723208876      0.05243639283809384      0.02743668977490992
0.05900939639009721       0.014621746460561035     0.02725480365124445
0.05903241573581711       0.05034197450961027      0.02718608436232335
0.05905623499166868       0.01495843340130252      0.02714764156079114
0.05907724499210415       0.015166584502735359     0.027100282172189197
0.059080793964936235      0.049369473246054896     0.027078853856945848
0.05916182867157849       0.04769098066865486      0.026900519512964766
0.059221389578450925      0.046327865705889246     0.02676827972714993
0.059276986476730575      0.04501126218901438      0.026645851031320444
0.05931834967218885       0.017500248319546732     0.02655024179636096
0.05932852063492222       0.043334349177126155     0.026529791139175765
0.059361638130733016      0.0422192947269575       0.026457598798611454
0.059407017477457316      0.018803469400868713     0.026352064362701842
0.05940781160830727       0.04038077682880884      0.026352891212824327
0.05943149591714944       0.03939764380994307      0.026301303002478578
0.059469689235071815      0.03744719311307804      0.026213920924279314
0.05947732779786659       0.02018881785339313      0.026193688290737233
0.059486424254336784      0.03654578400959307      0.026177584545225577
0.05951487037173536       0.03453292168241209      0.02611165269903442
0.05952626554819721       0.02192136715762199      0.02608276775502084
0.059526284341742314      0.033663177423079144     0.026087079070299377
0.05954403989419886       0.031637316362708494     0.026044913727506457
0.05955093406380625       0.030749273300709763     0.026030437402372916
0.059552628899531335      0.023002237814690064     0.026023487640536483
0.059556934164025056      0.025899660351365573     0.026013588207782583
0.05955785246148463       0.028759759489211188     0.026012582944734443
0.05955805066621552       0.024865435414599388     0.026010796020134133
0.05956022789040076       0.027803507660095553     0.02600832600328861
-0.05588164371340196      0.028096091176181864     0.033185060408771734
-0.055880280999309265     0.02734655378794676      0.0331876118547911
-0.05587107418574598      0.03020499256208479      0.03320336510444204
-0.05586045589402657      0.03095130904256345      0.033220601602915
-0.055858073073754864     0.025311263416771167     0.033223529611523445
-0.055842506737136435     0.024443027985673715     0.03324964255561969
-0.055817262742642704     0.033020739163078856     0.03329269736634334
-0.055792725570028574     0.02259231857219136      0.03333134147064886
-0.05579124970416296      0.033881844931214496     0.033335256643997044
-0.05575519382099234      0.02149183776512266      0.033393982644327636
-0.0557210577402865       0.03579602178895043      0.033451696322180424
-0.05568833356170187      0.01993512621245438      0.03350421842823019
-0.05567045366562307      0.03689309774397226      0.03353461674537053
-0.05561558594808966      0.018490205472207512     0.03362550918608068
-0.055611855846113736     0.038515597193041734     0.03363242110061113
-0.05555653345642418      0.03976867804717021      0.03372236742127101
-0.05549573296274969      0.01741122622577959      0.033823152209012795
-0.05549530853898463      0.041201274500367105     0.0338240820095258
-0.055420128029420854     0.042678789531271286     0.03394619329594529
-0.05536110172869459      0.043871708338894075     0.034043854766828426
-0.05523254616206335      0.04580846353605747      0.03425422488288922
-0.0552014220996499       0.01510244414438673      0.03431599991687244
-0.05519487304401412      0.01505568561960105      0.034326858372237354
-0.055181380595826356     0.014969890262634695     0.034349516958972176
-0.05518052495638191      0.0466059062233444       0.03433935289983445
-0.05500179317680711      0.049103126662498345     0.03463183217787101
-0.05498597065480112      0.04932777097567192      0.03465772432473424
-0.0549107471631501       0.05030664738587045      0.034780821185858235
-0.054820210185561075     0.012783296563374126     0.034906181567774114
-0.054768389378769766     0.05203590957904627      0.03499763219975097
-0.05473139061678967      0.0524503513376712       0.03505398147236485
-0.054536247286678066     0.011551477192220518     0.03534622691658544
-0.05453056853872945      0.05473061004832988      0.03535983381220793
-0.05442410534962858      0.05585001936294941      0.035521977768072505
-0.05430022167661209      0.010630264895726785     0.035712364778611914
-0.05427738102583012      0.057412463162757464     0.03574543926007024
-0.05408676192754104      0.05929919563201383      0.03603575319205785
-0.05400867536581286      0.060081342270503046     0.036154679271497035
-0.053988941557578704     0.009623811543708942     0.03619446741187169
-0.05374549198358976      0.06253984687190142      0.036555509168629576
-0.05372293864314536      0.06273692266082341      0.03658755525400829
-0.05371489465023707      0.06280272273600876      0.03659898499909889
-0.053675294124950985     0.008609745753898682     0.036645665711160395
-0.05340346566229584      0.06537667535372298      0.03704149527047401
-0.05331716586416735      0.007635599243064981     0.03716012020131026
-0.0532731590979368       0.06638756390000393      0.03722664851858206
-0.05308321297881004      0.06801580437874698      0.037496543712946744
-0.052951854996582434     0.006704007641952419     0.037685204088457824
-0.052834888232817824     0.06996706692029304      0.03784939089779322
-0.05275169744493716      0.07064603625315809      0.037967596814107794
-0.05266125269059867      0.006068289458735069     0.038102392996073486
-0.052519138890771186     0.07244130928738725      0.03829804237963132
-0.05240221759515899      0.07326801721150027      0.03845291390604203
-0.05235060153550074      0.07361432350423404      0.03852128397617274
-0.052066131371613714     0.005061848659036402     0.03889592448294046
-0.05202410120473502      0.07588069798332502      0.03895376053706146
-0.05180027658625903      0.07735507328039323      0.03925023682692831
-0.05163445707503328      0.07848481431649071      0.03946987891780248
-0.051340391433415414     0.004110800414397656     0.03986270849964421
-0.051251298467516755     0.0809622797578211       0.0399774088230954
-0.05123182501816581      0.08107981049582866      0.04000156235757566
-0.05122176373062755      0.08113755086045575      0.04001404177245679
-0.05101357117662846      0.0036639858696890302    0.040269612870653046
-0.050795487582757155     0.08366109235967148      0.04054276673489329
-0.05055376649577308      0.08502183087681481      0.040842583648020785
-0.05034523408366215      0.08623241349960298      0.04110123414975477
-0.04996888685385893      0.0025481647114346064    0.04156917049359375
-0.04993532682624652      0.08849533177965058      0.0416096605870478
-0.04987755813457857      0.08879272304106514      0.04167678938457187
-0.049842274068562904     0.0889657468663207       0.04171779067272204
-0.04983483111151052      0.0023979428952308154    0.04172510347513472
-0.049372117076194454     0.09133730697650164      0.042264127153449904
-0.049052105572601125     0.0929623477054764       0.04263532847253557
-0.04887314654955008      0.09389998160387983      0.04284337753256553
-0.04854638751239596      0.0012648282473341824    0.043222627728674495
-0.04852999381488504      0.0012496117320656111    0.043240450316751125
-0.048525809838946145     0.0956566491555016       0.0432457783297603
-0.048356936416932776     0.09645495247543362      0.0434295352987267
-0.04825635574066194      0.09691428440632381      0.043538624438937495
-0.04798295959577551      8.504853088256598E-4     0.043834724623612265
-0.047813139544471056     0.0989996907394747       0.044020304253490475
-0.047385823568862256     0.1009412728650252       0.04448319834081402
-0.04725647281692269      0.101534434625624        0.04462345697552623
-0.047098573546522804     2.0639307839852658E-4    0.04479550267307136
-0.04707269526923702      1.917592814955689E-4     0.04482359723625437
-0.04704788503567648      0.10246020947263562      0.04484964204991915
-0.04666363282894339      0.10404755415771999      0.045239738713847136
-0.046387191048523534     0.10515350755808617      0.045520393894400685
-0.04604790836258519      0.10655072491389936      0.04586484149102802
-0.04580098494672605      -5.832825940218529E-4    0.046115164518665014
-0.04555576241404872      0.10851255574627687      0.0463644948967903
-0.045547572511565625     -7.375210027250672E-4    0.04637253733743784
-0.04554230304580494      -7.409515034093695E-4    0.04637754441234169
-0.04541228753342973      0.10904421028388395      0.04650087810903669
-0.045296540663589485     0.10945961860520742      0.04661090705019641
-0.04473707139341454      0.11152347916183736      0.04714272974806697
-0.04407149672768915      0.11390032096180558      0.04777543290088889
-0.04404621797266082      0.11399314110893585      0.047799462797497076
-0.04401513133500622      0.11410856219260891      0.04782905551264452
-0.04396229406909001      -0.0013783241161946312   0.04787759435123739
-0.043735836939034343     -0.0014520517693236694   0.04807869416689976
-0.04333649194398763      0.11645085981640207      0.048432964726306
-0.04272565739620554      0.11851800404788046      0.048978012003471905
-0.04261470724859153      0.11890155004796778      0.049076867635571446
-0.04248732450816019      0.11933316277083056      0.04919067301737029
-0.042324990671127015     -0.001967285838112602    0.04933032205883525
-0.041849928072783954     0.1213381475543503       0.049722976373680484
-0.04181984118988526      -0.002113403841365137    0.04974938706131659
-0.04121587138030675      0.12329325382852352      0.050253862317000075
-0.04106582227119554      0.12376549854320543      0.05037932883185859
-0.040909931103507574     0.12424627523693127      0.050510017854082497
-0.040635768332494396     -0.0025018078231651792   0.050730714724155426
-0.04023445008209481      0.1261769944779127       0.05103924687195255
-0.039784025867772396     -0.0027179288055113387   0.05139053756504318
-0.039483650553166674     0.12828008827296244      0.051628939026390805
-0.03937951813746468      0.1285775378307968       0.05171062853962605
-0.039282686701453        0.12884850504779985      0.05178677788187998
-0.03889471989892197      -0.0029773218750241285   0.05207879057297393
-0.03848320376373068      0.1309361321286388       0.05237054095563891
-0.0376628975678332       0.1330661720608794       0.052971064378525265
-0.03760892534867919      -0.003416964822567837    0.05300197641272689
-0.0375788327068843       0.13328737167242782      0.05303252510916864
-0.03749520799099706      0.13350616351766137      0.05309382370683951
-0.036955308233418534     -0.003630440808553802    0.053470785914740186
-0.0366196806533599       0.13561675407222915      0.05368936863134561
-0.03565691176407713      0.1378854519491488       0.054343358955396034
-0.03561345902965042      0.13798973630083564      0.05437294637377375
-0.03556837381179796      0.13809726730262598      0.05440349424068756
-0.03528133316673289      -0.004146826142487614    0.05458340410939672
-0.034976609727471075     -0.004236402666967374    0.054785730681039084
-0.03454662369244195      0.1403394447588085       0.055046522269592724
-0.03351366720155994      0.14259218252803205      0.05569344794391964
-0.033494487318685005     -0.004646877544416049    0.05569491276525439
-0.03346770725733519      0.14268397149997228      0.05572009485310284
-0.03340986131735502      0.14279878343785857      0.05575347249766907
-0.03295853659608309      -0.004806360352637025    0.05602375194009049
-0.03285331934455915      -0.004836003026814661    0.056083195094352514
-0.03233100486903462      0.1449933224896549       0.05637702846401398
-0.03144592336074394      0.14675644470605093      0.05688712048559445
-0.03115627938496703      0.14728502539473562      0.05704075007520257
-0.03090087566594252      -0.00536161211705548     0.057185019724194666
-0.030721330946621467     0.1480623218551652       0.05727080593036824
-0.030339754686421316     -0.00550430308112859     0.057475433272544195
-0.02990550080678988      0.14954610998500273      0.05770279848542262
-0.029343075982323476     0.15054743218140337      0.05799977909601624
-0.028803932808979076     -0.005876548154685993    0.05826940860184039
-0.0285834316915337       0.15177764330516727      0.05836728239522443
-0.02771484060393234      -0.006125223913107585    0.058783385768795646
-0.027204395519059472     0.1539635546375515       0.05903262251939358
-0.02719288903853185      0.15398003282683936      0.0590376825504804
-0.027165519317880974     0.1540183892218795       0.059049686518041794
-0.026667723252525196     -0.006352425940370891    0.059276972973227135
-0.025677192877110826     0.15613251942117293      0.059702955154134145
-0.025063755311213888     0.15704974527100984      0.059972166596823424
-0.024974062635207905     -0.006697500059108068    0.06000181796071613
-0.02451038144862467      -0.006856931712650665    0.060200383190871586
-0.024183997645971515     0.15824083700214586      0.060321427704740825
-0.022962701243611446     0.15989922843898022      0.06080749410201383
-0.0226173147741364       0.16032114259172509      0.06093101531866482
-0.022539340224183756     -0.0074781396125303354   0.06096247955598122
-0.022377955587928076     -0.007530660783033674    0.061025044406640465
-0.021403196898588585     0.16180871635503363      0.06136632261166773
-0.021346084553935427     -0.007837538516147956    0.06138362595739331
-0.020952507592147934     0.1623642228180931       0.06152781881762367
-0.020821937174717454     0.16252565052432877      0.06157472542512975
-0.020208361643113272     -0.008195115633166869    0.06177881384519276
-0.019926070264555163     -0.008203531673327536    0.061865319928108745
-0.019264866494439953     0.1641730124472595       0.062068746269853384
-0.018589634751452647     0.1648941505763783       0.06228359724952097
-0.017998281848839948     -0.008342057672985386    0.062457220310964845
-0.017492178598948065     0.16591395384920282      0.06258939463927411
-0.01634031054168787      0.16699494241739402      0.06291131345131057
-0.015778343570375622     -0.008388213152423078    0.06305468046841997
-0.015773086828641314     -0.008388457727310181    0.06305609243912186
-0.015768143401442353     -0.008388447923175163    0.06305723518263344
-0.0156014717782542       0.16758678221063375      0.06308897996211799
-0.014073801136082247     0.16882341572459147      0.0634574892323676
-0.013557492481773374     0.1691710789814065       0.06356216793940742
-0.013535872115149328     -0.008474030350519437    0.06357448485838767
-0.011789939351437387     0.17037485370207256      0.06392173090783962
-0.011361848160686139     -0.008446114502740899    0.06399778077969646
-0.011309332001153208     0.17063735828003943      0.06400125545283505
-0.011283236387658829     -0.008448409279070708    0.06401312899004921
-0.011203818782257851     -0.008446422413849212    0.06402572904312066
-0.00948855412112052      0.17164442998929708      0.06430363564811972
-0.009050351738649437     -0.00873177223561861     0.06436678744693573
-0.008780651189776877     0.17194140513619852      0.06439469144371351
-0.00749762826163749      -0.008839912824671291    0.06455733740470701
-0.007145607667566257     0.17262860147098708      0.0646054448125377
-0.006806307401735546     -0.008923526554925043    0.0646421761816116
-0.0059036640976349135    -0.00897232259585182     0.06472111589942953
-0.005790676153951261     0.1730260210732118       0.06472987445167658
-0.004778034529581032     0.173333065060456        0.06482287002424335
-0.004549900666322675     -0.009034951329300829    0.06483950785201427
-0.0032462275676588197    -0.009007926382188794    0.06490804505707427
-0.00268824338513653      0.17370155982880423      0.06493826090142459
-0.0023961653070589404    0.1737547794757468       0.06495438842006412
-0.002281131532410823     -0.009034651136168213    0.06495878245814374
-0.002202760720805141     0.17376608856554915      0.06495806992263821
-0.001333258795535477     -0.00899290318527108     0.06497590947763011
8.316087349615537E-18     -0.008921041539888508    0.06500000000000002
1.9140892739930018E-17    0.1739107665698911       0.06500000000000003
0.0012131543546206273     -0.008957882253333532    0.06497832643854733
0.0021462494031823614     0.17375024204179262      0.0649576559549401
0.0022567977458948607     -0.008983944350747071    0.06495968126854954
0.002478222044146554      0.17372808399995288      0.06495110635988988
0.0030695578154625136     0.17361544055355554      0.06491733991825016
0.0035553760581771452     -0.00892753063476824     0.06489213838149979
0.004501618925905499      -0.008924607959897229    0.06484292149982844
0.00494065497509244       0.17326786910916647      0.06481049657119156
0.0053013740646963466     -0.008870696571205483    0.06477372128032689
0.00571243059758291       0.17302659101066073      0.06473721107962574
0.006734463540031915      -0.008767778490173218    0.06464972069383673
0.0073872987928376745     0.172521344588876        0.06457817063390513
0.008084472643347017      -0.008583601627199369    0.06448581228724456
0.008692675256689384      0.17196184790840674      0.06440415903567703
0.008955331588274117      -0.008502902251300286    0.0643800788505744
0.009818153497382257      0.17146437436490908      0.06425412854803055
0.00993128294382313       -0.008352882749548388    0.06422716954783766
0.011164049733669464      -0.00835802157622592     0.06403402619083141
0.011238859145042213      0.17064215836645777      0.06400955131009572
0.012233219088726186      0.1700753462119927       0.06383837031356784
0.012579712853304042      -0.008288587424276057    0.06376176679892391
0.013360674571108752      -0.008278787188252182    0.06361156944388086
0.013517728096956904      0.169166533874899        0.06356668198485152
0.014057866711193474      -0.008234767998753854    0.06345235944707539
0.01463249556686947       0.16838852541401406      0.063330895930517
0.01554533037580107       -0.008184606075207768    0.06311269102386197
0.015602196424022788      0.16757767339310276      0.06308712053624616
0.0170159829318121        0.16641031126557804      0.062731705398878
0.017080167934841774      -0.008051252809072793    0.06270628709505782
0.017540783985304516      0.16590399037579118      0.06257856571843882
0.01771802722738793       -0.008020336755310123    0.0625373877645598
0.018352530763592688      -0.007957485844380389    0.06234600450839271
0.019304472213709328      0.1642224410433002       0.0620639123085517
0.019365757478277193      0.1641643915869668       0.06204602894919276
0.01938368118355408       0.16414761076210005      0.06204079871865088
0.01987875335330579       -0.007848722892645122    0.061885661991260124
0.02105995981300929       0.16234922243493108      0.06148299914154627
0.021319168571395156      -0.007499439811587367    0.06139376790624581
0.021735590322095415      0.16163233701958774      0.061258175889835606
0.02206107852960715       -0.007342396695792567    0.06114040586116139
0.02251781710900475       0.16066862385707711      0.06096599639436017
0.02288769520967164       -0.0071282733357846545   0.06082558254232559
0.023697682650267685      0.15920194980277091      0.06052528978044182
0.023801013170476414      0.15906099914360441      0.060482912048601324
0.023974135241751418      0.15882279306292973      0.06041191152816125
0.02420688176924582       -0.006833004717907976    0.06032316632201912
0.025021263835786515      0.15740840069415984      0.05998246498447894
0.025328965246442597      -0.006524739657079693    0.059850125374963585
0.025628820428492412      0.15655024534210948      0.05973329142418707
0.026180550968825635      0.1557021808516344       0.05948616335350922
0.026316169024799857      -0.006286358698611645    0.05943394067142154
0.026965551433158496      0.15447770885251969      0.059134541157334436
0.027300376554686957      0.15396530283159163      0.058984565844671544
0.02749216585689706       -0.005943522712417605    0.05888858964116766
0.027529224677825488      0.1536099901112246       0.05888205722646013
0.028372191763169092      0.15219331965617744      0.058471546994878436
0.02838893802739841       -0.005713964679445916    0.05847272917317621
0.029101789128612207      -0.005493084747412309    0.05811102987805854
0.029398501262112433      0.15044399435402708      0.057971739248360035
0.029421389473548082      0.15040192375751166      0.05795966874775437
0.0294479318821144        0.15035245521813173      0.057945670778352734
0.030413899841158717      0.14859881402077646      0.05743598681402339
0.03041996353371485       -0.005428225050050518    0.05744229797717505
0.031214090471465127      0.14713685612631275      0.057014688678520484
0.03125644923710471       -0.005398640287836471    0.05698030751712487
0.03139249876440736       0.14678504928194006      0.05691309276890595
0.03158798054701011       0.1463971701711467       0.05680201495548256
0.03233412912809079       0.1449468247823762       0.05637759437982216
0.03241215527473759       -0.005363964425784797    0.056341693370330195
0.03299684161329995       0.14365078095556796      0.05600144170741558
0.033260181919765236      0.14309686089251578      0.05584025584379651
0.03353132054210635       0.14252312198643263      0.055674652391009286
0.03415640929717371       0.1412272947204902       0.05529246166343749
0.034292256923057         -0.005334878056635555    0.0552150935077586
0.034368336787897164      -0.005329475438517867    0.05516951844390699
0.0344192329709132        -0.005326653966332973    0.05513656569959813
0.0347666109277938        0.13994434145426068      0.05491975252620807
0.03505483404548572       0.13929265875147137      0.054730636873992135
0.03532068902649848       0.13867700263424523      0.05455616775673903
0.035917326428150265      0.13733075197365807      0.054164655323085675
0.03628792577105462       -0.005234343616265784    0.05392613342720641
0.03654242101813517       0.13588674636172332      0.053754398507843484
0.036759033857288244      0.1353506219456437       0.053602049681488836
0.036941107879869345      0.1348893429039243       0.05347397023567127
0.037543036261575326      -0.005192927703756214    0.05305005215953787
0.03756684546145912       0.1333454806781823       0.05303383867376682
0.03817154918914134       -0.0051761806184073885   0.05261114664872377
0.038286307825871176      0.13152917866728958      0.052527693957613655
0.03835994788639712       0.13132813488782333      0.05247212907684044
0.03841623593165915       0.13116993249124867      0.052429649404241344
0.03876930462065134       -0.004910277916993874    0.052161416464701765
0.039104482187681436      0.12929377775600134      0.05191029397137652
0.03973146046392777       0.12753512986793478      0.05143708610133748
0.03983759924723376       0.12724621533929098      0.05135698665840198
0.039913168331309104      -0.004318779659526295    0.05130119081197515
0.03997097855646525       0.126872815564799        0.051256311481337566
0.040540167908758515      0.12518226611108907      0.05079754010911694
0.0409465760792625        0.12394072769728631      0.05046991062667616
0.041228385309975725      0.12310568325148444      0.0502427521386236
0.0414490658156202        -0.0035353729382495195   0.050064589560652094
0.04160405263964472       -0.0034432739912569925   0.04993986157606705
0.04162470418876715       0.12194573893589532      0.04992276045654368
0.04191299333449253       -0.003261749876704668    0.049673817975130236
0.04192484109504681       0.12101278410579613      0.049664542703870704
0.042120478151359525      0.12037757753193677      0.04949572236372999
0.04259262704025683       0.1188990630020103       0.04908901609521499
0.04321856436724389       0.11685293631590925      0.04854820479410182
0.04324367508481776       -0.002455160635627669    0.04852764392081779
0.0432454785728332        0.11676891505887205      0.048524973155355554
0.04328353697274152       0.11664593033886159      0.048492121097234116
0.04386504692491916       0.11464407391696756      0.04795588386899201
0.04386750981729924       -0.002080576226400989    0.047952881231100274
0.04422839191693803       0.11334898834193854      0.047620815554087814
0.04447251594276541       0.11250562515408871      0.047395694604265924
0.044832376455362         -0.0014062634911604758   0.04706433314349863
0.0448487353371778        0.11116053347694854      0.04704874932941804
0.04506111406868781       0.11035226143413178      0.04683956606442197
0.04518340162866101       0.10987045646500375      0.04671911427722193
0.045625636700650965      0.10818313933207287      0.04628352753292324
0.04606468544299139       -5.510985341649465E-4    0.04585068760604319
0.046071874389065154      0.10642133381372347      0.04584398308363051
0.046181330702621516      0.10600268263618595      0.04573617089838941
0.046364822212516824      0.10527676663922766      0.045555429303194825
0.04637022258183932       -3.0330763142986266E-4   0.04554992824301783
0.0467140047190043        0.10380767567588359      0.04518809508086102
0.04689755549644421       0.10299567941545024      0.0449953444443598
0.04721725563422732       0.10162374411433872      0.0446588412208468
0.04727110095623545       4.2388493962454497E-4    0.04460159060048728
0.047677387512853615      0.09957858111163205      0.044176249739875675
0.04771230185609316       0.09942800664724274      0.044139545649776186
0.047773430814958606      0.09915505386712758      0.04407551289657836
0.04785800585368158       8.973966518092317E-4     0.04398362324256844
0.048034283762096584      0.0010664344965297034    0.04378504277314606
0.04818115247191513       0.09721642279965279      0.04361823728073142
0.0483890389773739        0.09619261440200451      0.04338596444369616
0.04864020908950898       0.09499345872416591      0.043104616405279385
0.049080090286836374      0.09281904138051943      0.04261374974227927
0.04909237457278245       0.09276015855807113      0.04260000655247472
0.049115754876452464      0.09264416579657732      0.0425739489514437
0.04929498276671064       0.002297978392332626     0.04236616320610977
0.049519369741900104      0.09051249099384417      0.04209213024474602
0.049709416291018195      0.08947319400856256      0.04186617203238769
0.049739944420145926      0.0028063962100091317    0.04183019910686148
0.049939310664975256      0.08825514769230472      0.04159207589178487
0.05032568742732598       0.08613622953075542      0.04113326639738774
0.05035505877950339       0.08598914620796148      0.04109833889278205
0.0504141010297658        0.08568396011268285      0.04102812721507105
0.05067974027896508       0.0038993802206477965    0.04069935373606068
0.05077240287220136       0.08371779048444106      0.04057338335217169
0.05092058008126808       0.08281955458691957      0.04038490318609632
0.05116572170807001       0.08137186719028022      0.040074020420270653
0.05123556398371676       0.004646435095704425     0.039983223878249
0.05145790519411386       0.07955535330144389      0.03970187974173561
0.05154795724262215       0.079010163498999        0.03958753830974185
0.0517801943340398        0.07752943642535925      0.039291361605898675
0.05191491893720552       0.07660993390644151      0.039107434410519226
0.051956975671433814      0.0763050137344993       0.03904973090721812
0.052012417962271566      0.005708499547382163     0.03898343288364392
0.05226365191223682       0.07415713957804534      0.038630538074908655
0.052410129763952776      0.07306676724371106      0.03842929512877734
0.052601643124393034      0.07169039912679614      0.03816719503646242
0.05267474392079206       0.00647284195947137      0.03806380758762293
0.05284326032536465       0.06984378818736249      0.037834796195446066
0.05292919217380164       0.069210087711677        0.0377170474442919
0.05321044563139865       0.0670031699195707       0.03732959949145321
0.0532447515691783        0.06671640263655175      0.03727899933295604
0.05325371667444879       0.06663644269480258      0.03726569851874495
0.05335013459369251       0.008153745717508074     0.03712952604163348
0.05353667079455408       0.06420863706782386      0.03684782277041079
0.0535404817969306        0.008639853438763721     0.03684456953331941
0.05361938658950351       0.06345087289700238      0.03672493251892718
0.05381950126785692       0.06168841633075725      0.03642902348480649
0.053832144327380135      0.00952116293465713      0.03641056121297838
0.05395938648382021       0.06026686422854549      0.03622243351751127
0.05406795209926224       0.05919674522971953      0.03606110248416403
0.05420822567089233       0.010959153060003812     0.035850291351992025
0.0542703738306954        0.05708222060163851      0.03576265631157504
0.05431354022736703       0.05669221777226778      0.03569889717525061
0.05447223135543938       0.05515914601655522      0.03546345111632649
0.054568630985879656      0.05416850261967167      0.035310231966103514
0.05459091840342377       0.05392277304329922      0.03527463262984081
0.05460488954186322       0.012770275423435215     0.03525863100942514
0.05473499987569079       0.01340339078561926      0.03504951794530635
0.05479557569845521       0.051613030167245354     0.03494908464805231
0.05480518834109987       0.013821248818704697     0.03493654111153478
0.05486246484760904       0.050798467296162886     0.03484211098948737
0.055004080755004         0.049028767097530346     0.03461667018815024
0.055101695511755144      0.047703419887818205     0.03446035635162147
0.055149632606555796      0.015929691879543788     0.03438271243216049
0.055193875458419674      0.046415220702278236     0.03431350890465005
0.055310039857552486      0.04463638367441963      0.03412723789920114
0.055355529094094275      0.017541756821939654     0.03405103051964608
0.055364682899391574      0.04377188696612191      0.034040133056542785
0.055477470771621885      0.018534502166379967     0.03385489496649084
0.055488847243294906      0.041596181398889875     0.03384074422075057
0.055516219777172214      0.041098250240346273     0.03379708718806805
0.0556393924573476        0.038581700863207294     0.03359897506193507
0.055648196214103454      0.03839378290529877      0.03358492848522108
0.055691043005861696      0.02093496573242918      0.033510508274822916
0.05571502708274784       0.021221087992291505     0.033471926384302644
0.055733232609384         0.035634244076138334     0.03344598998267538
0.05573517232666736       0.03556763501074789      0.03344293026160241
0.05580181146209927       0.03271058030251859      0.03333312704419601
0.0558018359578152        0.032709448163636225     0.03333308854296374
0.05580592535119262       0.03245291723147044      0.03332625840266068
0.05582405783599658       0.023332507591591008     0.03329584095180621
0.0558476142892957        0.029818500487206093     0.03325605302513594
0.055847734394639095      0.029807090276639386     0.03325583268901207
0.05585609582426874       0.023993515201093277     0.03324011588506968
0.05585769515594942       0.02407366305546536      0.03323731039992709
0.055896920954433986      0.02701776493987062      0.033169407968700305
0.05589892800733108       0.02685492106837045      0.03316593909849461
-0.050891916431748375     0.028903102267230987     0.04042163028215861
-0.05088176365135215      0.02975074459905557      0.04043395755617535
-0.05088111340790298      0.026931682332178304     0.040434387498203384
-0.050872504545267996     0.02602438099628252      0.040445383587428024
-0.05085015115914236      0.03173935772227178      0.04047383900253629
-0.050823776744307825     0.024190975664693727     0.040505353016227624
-0.050819198488502235     0.032657012962695325     0.04051192343058726
-0.05079037560915714      0.02310203985945563      0.04054726731417302
-0.050748694771723786     0.034534261057022675     0.040599917176321665
-0.05071542805975955      0.021520932551626827     0.04064002270626234
-0.05068586717173429      0.03566072298959659      0.04067737545957473
-0.05064393342543168      0.020134882607936378     0.04072952914750573
-0.05058898180069286      0.03728888736133081      0.04079784476937505
-0.05056102255849633      0.01891483586706429      0.0408324310024683
-0.050472989176327615     0.03877377729513068      0.040940884508798646
-0.05037239747709643      0.04000427477771565      0.041065671169534426
-0.05032867651866097      0.01702213471559573      0.04112242348162869
-0.05024874569386248      0.016467523320220286     0.04122201564005309
-0.05018180388978913      0.04206874471755764      0.041301910299533034
-0.0501207584530418       0.0427072223022639       0.04137727921806691
-0.05001867573252772      0.015261384645148077     0.04150920574262369
-0.04988006801120057      0.04496405926607438      0.041675785965027946
-0.049832131668854474     0.04538564336139219      0.04173117826789395
-0.04981608926028452      0.04551332623664453      0.041749789722010384
-0.04980458994157073      0.014191804099898108     0.04175846677436941
-0.04966680346194831      0.013650985334838255     0.04191912997182753
-0.049513383141541814     0.04806192277090341      0.04210044332921737
-0.04939143774435137      0.04900050040030986      0.042241704662815134
-0.049172674032816874     0.050723875589395624     0.04249511982940672
-0.04910287874043867      0.012226583231224282     0.04257659883829826
-0.04891965487340172      0.05255356047504108      0.04278821688946399
-0.04880914331094995      0.053370316667530664     0.0429162331822041
-0.048596641916861985     0.01124887637990463      0.04316610170102702
-0.048490384520985544     0.055540918923812535     0.043285483084770905
-0.048418529933914524     0.0560000373760817       0.04336339765391178
-0.04838696846984566      0.05618676357194611      0.043397620958322836
-0.048214755581393355     0.010489388773888591     0.0435822040292778
-0.04798504090962556      0.05860910909588547      0.04383344598219349
-0.047746368088172855     0.059944874229782376     0.04409224816530239
-0.047525759154907664     0.0612012553552498       0.0443314627580784
-0.047361046290856        0.009165717583831695     0.044511415599449815
-0.047191078012683824     0.008907136166182153     0.04469647084842306
-0.047117805814858915     0.008819305481416954     0.044776173409232414
-0.04704783677218792      0.0637354886806444       0.044849692708768985
-0.047039689089696565     0.0637760014102963       0.044857964433055744
-0.04703522946906252      0.0637979781892378       0.04486249984861648
-0.0465299239082474       0.06633317094028333      0.04537522136221815
-0.04621999594292985      0.06782076029267245      0.04569079343127757
-0.04602854423711511      0.007459773358727242     0.04588483601246506
-0.04600329619441086      0.06887924438750441      0.0459109546703473
-0.04563208118011046      0.07061476969331705      0.046289381930874
-0.04558967178612965      0.007024930159792915     0.04633114604146786
-0.04544936357473492      0.07141151118038798      0.046463432220105697
-0.04532269461194696      0.07194083644473402      0.04658447571931756
-0.04485501670830838      0.07392655009842586      0.0470305378663607
-0.04473566352697371      0.006139681676601271     0.047143793153706634
-0.04429542660163702      0.07620448456451984      0.04756591922333466
-0.04424109454736484      0.0764291164343378       0.04761780618959257
-0.044163813339700445     0.0767355736357895       0.04769183306738919
-0.04401078694555546      0.0055405297806579165    0.04783301604177297
-0.04357499628028352      0.07891100001960669      0.04821902827866037
-0.04331293353862751      0.0049340377517256544    0.04845381120288572
-0.04307919793263243      0.08066971174134721      0.04866419870911872
-0.04288173700904115      0.08137983809338786      0.048841359812506806
-0.04263290536530235      0.08223676380841907      0.04906461156827713
-0.04238087169724032      0.004286839523539701     0.049282333025740435
-0.042136800360579936     0.08383166656985563      0.04948179495266409
-0.04176078724484991      0.003831684951533399     0.04979789766925714
-0.04165728099135585      0.08530939871136335      0.04988503297689953
-0.04135326672353916      0.08626535563273202      0.05014068445639581
-0.041014406177865385     0.08734739777778608      0.05042525581477187
-0.04069571387789908      0.003532792864963252     0.05068266165016819
-0.04055698296980342      0.0887127044745753       0.05078566649878556
-0.04012169908569454      0.08997407184355025      0.05112775192445625
-0.03972563407390896      0.09114610770795657      0.051439420532050625
-0.039652382187810226     0.0033071107603938558    0.05149278448577479
-0.039294765744070106     0.09238359694947888      0.05177761080580004
-0.038957155845291934     0.0031345655787530513    0.052032102657581084
-0.038852337549813126     0.09353954767500361      0.052101795241936394
-0.0383960629268013       0.09470346280428876      0.05243528462113363
-0.037938034131611856     0.09589242068517415      0.05277046595201137
-0.03750512057684793      0.002551556320712377     0.05307716124380025
-0.03748080136757738      0.0970509398831903       0.05310422702578854
-0.03701801198256763      0.0023627329042963364    0.053427368011117825
-0.03698292859940836      0.0982265287529402       0.05344360495653683
-0.036391153216716945     0.09959060594110436      0.05384601335445302
-0.03598551449490545      0.10054099762090826      0.05412215077293824
-0.03563428782114601      0.10134412772678258      0.05436067032751194
-0.03528282185288996      0.001720901678328106     0.054583549443086035
-0.035039479790044965     0.0016341063384856965    0.05474551553238375
-0.0349337380505894       0.10283111987438251      0.05480382146396463
-0.03395464180890076      0.10485954933562948      0.055421724705321355
-0.03383987202281976      0.10510092090486893      0.05549422529567154
-0.03375538488736268      0.10527430107177227      0.05554747206936427
-0.03337922164064265      0.0010696568717521804    0.05576660921002232
-0.03302153115816243      9.432153849023708E-4     0.05598663139137143
-0.0329707383970628       9.260545724550653E-4     0.0560154044159159
-0.032667631674658776     0.10733676046623203      0.05618422397374657
-0.031815305423571485     0.10893751326707346      0.05668137300082241
-0.03145318833607258      0.10956748945629427      0.05687712927063113
-0.03096398125829085      2.7116292861592323E-4    0.05715087332834249
-0.030816124421908047     0.11066348888419827      0.057219867761527446
-0.030579605489828812     1.5139510033969895E-4    0.057350372445995806
-0.030178223834224353     0.11177323438944223      0.05756363732337895
-0.02980658761218563      0.11241248620622954      0.05776295271659922
-0.028867059263119693     -3.633686999173813E-4    0.05823815947372631
-0.028836081802144798     0.11395116249590398      0.05824343703357508
-0.028092581599421303     -5.853753678062212E-4    0.05860474745561023
-0.02776712757709876      0.11562670983073162      0.0587701316387508
-0.02743517419361657      0.11610400516461739      0.05892044819660767
-0.02673078101860472      -9.61407481930475E-4     0.05924853971864728
-0.026584616922934512     0.11731296899682397      0.05930376462758642
-0.02595073132560854      0.11822211272601671      0.0595898072604756
-0.025697213982682522     0.11858149289032646      0.05970366168522964
-0.02550625647353729      -0.001283415416653906    0.05977425912881584
-0.024555161797084994     -0.001523944186187096    0.060182062148192925
-0.02436706804492295      0.12029906710472427      0.06024971256332114
-0.023597033727438755     0.12128167940178167      0.060564319159588945
-0.022817118129817855     -0.0019418585309051671   0.060854509763352625
-0.02268493997592567      0.12233454536482671      0.06090287817876089
-0.02234021632300603      -0.0020519340377236645   0.06103877312240326
-0.021467008865277755     0.12372360558292507      0.06135279948643852
-0.020888743288051796     0.12426399865265281      0.06154293965056686
-0.020348304198363483     -0.0024882400912537082   0.061727921008537974
-0.020087328352444436     -0.002554370788600317    0.06181827384047611
-0.020018533698259885     -0.002568163961480464    0.061839304796713325
-0.019051584158592896     0.12595327129815978      0.06214369873252656
-0.018979367636160295     0.1260113055095683       0.06216443609274903
-0.018489289736209665     0.126404715475039        0.06230475717788319
-0.017902905101315196     -0.002924203664593404    0.06248466186550027
-0.016942529901780416     0.12765070700556239      0.06274763170544487
-0.016720034225362043     0.12783204512073634      0.06281133756681065
-0.01644323721562764      -0.003095325835466057    0.06287549741941606
-0.015708310358397225     -0.0032133231877867594   0.06307227885726893
-0.014763034852649431     0.1292099646896717       0.06329417623660627
-0.014608487948889085     -0.003331059863774832    0.06332621465725781
-0.014376346325572657     0.1294856442074561       0.06338958156817784
-0.013501353216980276     -0.003443333178912201    0.06358183878476442
-0.012625940303686559     -0.0034853459595018755   0.06375204554039109
-0.012409259979377285     0.13067110926339862      0.06379800051349918
-0.012017695619743439     0.13091028635047947      0.06387929958971737
-0.011282033677064344     -0.003606030553931096    0.06401334164798667
-0.00983149379684739      0.13200596679041998      0.06424881500093998
-0.00965844493121204      -0.003660593955931779    0.06427047982326359
-0.009644082107874399     0.13210130195816236      0.06428049163142922
-0.009050351738649438     -0.0036769104679943206   0.06436678744693573
-0.008657809031124565     0.13249547702308917      0.06440959536428367
-0.008437080675332966     -0.003658931321834311    0.06444204796624094
-0.007255505789965533     0.13306069190138387      0.06459315769331342
-0.006929025753611249     0.13315767514810792      0.06462360332301387
-0.006806307401735547     -0.0036756323381834082   0.0646421761816116
-0.0052571025346340545    -0.003599586382822665    0.06477766025876099
-0.004851966666016842     0.13378717947588656      0.06481729777536996
-0.004549900666322675     -0.003559077804453782    0.06483950785201427
-0.0036032152955547364    -0.0034486779788692945   0.06488927736052844
-0.0035554181456351405    0.13404344491421843      0.0648899999144121
-0.0024334647360283257    0.1342712143416421       0.06495291187759883
-0.0022811315324108255    -0.0033424292103445413   0.06495878245814375
-0.0013324127176621663    -0.0032064024179979823   0.06497592476532821
-6.535875280214836E-4     0.1344459172229664       0.06498735292561933
6.745953012737546E-18     -0.00300203893776597     0.06500000000000002
1.531261548307747E-17     0.1345153288848414       0.06500000000000003
6.803509627161849E-4      0.13446035806990017      0.06498676127695488
0.0012596074286436315     -0.003137145914806203    0.06497749653297871
0.0022567977458948616     -0.003238855988190338    0.06495968126854955
0.0024462812274352107     0.13433304863162188      0.06495239862742125
0.0034894393911705695     0.1341392378110987       0.06489359779012556
0.003850235657866097      -0.0033055136586922734   0.0648768018642879
0.004501618925905498      -0.0033529047972943177   0.06484292149982845
0.004877365977192889      0.1338867571115091       0.06481536301403865
0.004925070846950668      -0.0033595765667087775   0.0648062815778531
0.006734463540031917      -0.003380076141218727    0.06464972069383673
0.00676995224696861       0.13332564766587338      0.06463794846159233
0.0072932542492730465     0.13317280471510692      0.06458889315985218
0.008936998401278892      -0.003278832068707118    0.0643823047344301
0.008955331588274116      -0.0032786177148436094   0.06438007885057438
0.00897101377100902       -0.0032775796690308052   0.06437762181046296
0.009592610576440508      0.13223576436476928      0.06428632367496968
0.009693946043675688      0.1321949668012676       0.0642729890648619
0.0111642230706321        -0.0031241929022580205   0.06403399597004143
0.011797712560431254      0.13110321738433153      0.06391552149289795
0.012079441360400806      0.1309572749829851       0.06386765072906778
0.012090644082884188      0.1309501279588119       0.06386531228980573
0.012322286310705288      0.13080376618900727      0.06381695964328712
0.013277574701445537      -0.0028605550315884175   0.0636275434469819
0.013361137987105866      -0.0028532032117086865   0.06361147205223786
0.013451676259525125      -0.0028405005840388977   0.06359079621714256
0.014353286075589972      0.12952265105007302      0.06339301183966518
0.014449740199448412      0.12946238415408173      0.06337287815246982
0.015546076337695412      -0.0025399865312247982   0.06311250709716365
0.016435729448034238      0.12798672051783908      0.06288023355351677
0.016804842560818493      0.1277148433276045       0.062788671335068
0.017184778429592974      -0.0022185903228461373   0.06267857447580662
0.017719038122400742      -0.002134444226410529    0.06253710110481883
0.01837944126431616       0.12636739305805011      0.062335356377288806
0.018434038558119665      -0.001985786649399616    0.06232142590901559
0.019144307829997716      0.12574130756883928      0.06211516619933026
0.0198798376473425        -0.001907731592624157    0.06188531371948351
0.020249385639511053      0.12470815655399894      0.06175243792543602
0.021270005932729256      -0.0015643119356862618   0.06141055188945646
0.02146758639181159       0.12356541446375088      0.06135260970245104
0.021925677327507494      0.12306176350371177      0.06118362269475608
0.022058587647022322      -0.0014716569775830857   0.061141312441348995
0.022681105980195616      -0.001405633221675475    0.06090440461632703
0.02297577733832786       0.12188727728218812      0.060796277947165606
0.023318651091647324      0.12150880978844579      0.06066980090940821
0.023464759666263105      0.12134479220808102      0.060615909633484545
0.0241950646198718        -0.0012518074413460463   0.06032791965194998
0.02463704047373374       0.11990257139470611      0.06014002654275055
0.025429825203499255      0.11891118821930191      0.05981822380204035
0.025907750369449804      0.1182597994392126       0.059605906558024224
0.02616058507760062       -0.0010756551732315274   0.05949990570405185
0.026295549663317448      -0.0010557658031774418   0.059443073170388494
0.026410008316223917      -0.0010403587210218107   0.059390078297354085
0.026718634529058302      0.11713692395450605      0.059245701013920106
0.027127440206191192      0.1165792166391762       0.059064098884178136
0.02736278213561603       0.11625309455329079      0.05895956200782592
0.028291227471031643      0.11485868388628523      0.058510363670417335
0.02835937444539452       -7.875708332692475E-4    0.05848707294035638
0.02926363596352996       0.1133757636921046       0.05803993152618964
0.02942332217207249       0.1131128572114712       0.057956133524350716
0.02963802503171013       0.11275403882646264      0.05784347328569974
0.030122031214483792      -5.826126645594191E-4    0.057594044570911315
0.030387281103072875      -5.531457454825531E-4    0.057459595124775435
0.030503625220408736      0.11133069304303156      0.057389255294584336
0.03072825554374576       -5.200672987975913E-4    0.05727142405119855
0.031133217772109797      0.11026463200191902      0.057058888831304416
0.031545754707270626      0.10951329678892142      0.05682492981273763
0.032032544954184956      0.10860632120434159      0.05654885248276087
0.03237855849684674       -2.465893761864511E-4    0.056361014003460955
0.03254701513132205       0.10766449831230876      0.05625708046421103
0.03297237872024733       0.10686809345089898      0.05601583691471958
0.03351125006303497       0.10578702953584881      0.05568656288818501
0.03381279722737751       -3.0619324737746906E-5   0.05550288606822291
0.03408193141354501       0.10461641801008431      0.05533784184124841
0.03433379910373424       4.4816002330622605E-5    0.05519103152497304
0.034445020055968306      0.10388507301777596      0.05511597556207715
0.03477947499238321       0.10319643863430283      0.05491160027953528
0.03495272809674113       1.2456378699897595E-4    0.05479059759977331
0.035343396250930845      0.10195633545485924      0.05454135569557895
0.03588464481718732       0.10073988715532614      0.054185986901996074
0.03621687216466099       0.10000708484278409      0.05396785877388793
0.03625248979376054       4.014807553913622E-4     0.053949975826134464
0.03655450495863474       0.09924614958698091      0.053746175349390024
0.037059335178106535      0.0980343352467442       0.053390906196246306
0.03750202723530369       0.09694870250934073      0.053079357186820275
0.03750449547441198       6.465581564509232E-4     0.05307728957892115
0.03787861938703153       0.09604277296504611      0.05281433069430931
0.038135012370387106      7.65886745395519E-4      0.05263763635630346
0.03829746696121145       0.09501364810715898      0.052519558486685755
0.03858065269087395       0.0010177538605310012    0.05230281594863708
0.03866429778663948       0.09402715457028171      0.0522424322428809
0.0389395773648304        0.0932500922311629       0.05203480656146908
0.039405674610853994      0.09200404433518325      0.051682930648174336
0.03987605759399075       0.00188135546522368      0.05133002859033487
0.03997722932735159       0.09042945806897147      0.05125143842012655
0.040136213326077294      0.08996463007107894      0.051123261540231335
0.04025188430040997       0.08961608631892998      0.05103000422538908
0.040830727663104235      0.08790132504978845      0.05056332520482318
0.04094010623839881       0.0025818819511904834    0.05047449581650768
0.04144178745436354       0.08603590426040797      0.05007066987970161
0.04151271528460906       0.08582304448341051      0.050013485839690265
0.04156612757527983       0.003070632239046871     0.04997141638890415
0.041609715450829095      0.08552308849479315      0.04993528112899222
0.04215917227943872       0.08372181830448397      0.04946243896451283
0.04251935724279972       0.08250493237060348      0.0491524754662022
0.04279040577562783       0.0816052994241021       0.048919220653021504
0.04306831194966254       0.004231529343598889     0.048679552906507995
0.04319506230510242       0.08022126779341182      0.04857098560296745
0.043205121959085095      0.004357814510631973     0.04856196368069804
0.04340177167365476       0.07947212082810674      0.04838117889436973
0.043526281459441325      0.079007023090569        0.048266849646647625
0.04389688113842978       0.004991337401425638     0.047925892397649744
0.043986270024510374      0.07732011920841061      0.04784447352437868
0.04445620509762627       0.07554396299447172      0.047412961734438284
0.044560880544519385      0.07515557232865129      0.047316845206986965
0.04474288327290602       0.07441658075456659      0.04714942528236393
0.044792644472373064      0.0058236029618184285    0.0471021482422831
0.04495774725767705       0.005976072359522069     0.04693976108676349
0.04509398864347318       0.07291036184170474      0.04680569157701193
0.04525936808465758       0.07216612427013085      0.04664319355525395
0.04560536961636834       0.07064447387884983      0.04630404973113025
0.04599993850090754       0.06882372185991789      0.04591586295866518
0.04610260834954352       0.06836088713293081      0.045815107222090645
0.04632129131790699       0.06732620685653763      0.04559968794870099
0.04632865166114961       0.007492571707493999     0.045592206911422156
0.04657550187876626       0.06605643470874469      0.04533328306321644
0.04662449613780164       0.007818601125369286     0.04528118467894498
0.04667926905657717       0.06551180651187317      0.04522410170241751
0.047026849679726306      0.06373243879779386      0.04485941071879149
0.04730674171010705       0.0622263542505372       0.044564538662130226
0.04747204880913261       0.06141138264571428      0.04439063710499716
0.04781303031816551       0.009405874458315915     0.04403248847664386
0.047830889683450575      0.059555755495066885     0.044013139272668145
0.0479129198769439        0.05910709014090354      0.043920968430742335
0.047945922311853094      0.05891753192952267      0.043883886151060564
0.04808131394280353       0.009763634978865425     0.04373098674488355
0.048315062398822384      0.056766095948156785     0.04346911246656923
0.04834705867340766       0.010649685422906872     0.043432285912595195
0.048495943600431746      0.055656547457775034     0.04326587017845641
0.048697854526669804      0.05439851404586224      0.043038998664488
0.04878857265666525       0.012183428349223546     0.04293629214321397
0.04898184548339815       0.052451242609339886     0.04271930968673552
0.04905114105563486       0.05196706974805775      0.042641523385423555
0.049278536239396376      0.014124649825945499     0.04238523230249153
0.049280458624705106      0.050244498014951934     0.0423831062532097
0.04937459108224331       0.04949944117711647      0.04227013052345307
0.049398269175176784      0.04929723585710007      0.042241592283550664
0.04940881735928419       0.014659101518362947     0.0422285715255788
0.04948669017848389       0.015028392294867608     0.042134807784346
0.04966233298761536       0.04699204401227175      0.04192443219961446
0.04974784510384369       0.04618165962899475      0.04182125163524317
0.04991590816638759       0.017202522056535805     0.041618471144145325
0.0499260793981246        0.04445084447959377      0.04160702708795352
0.05005367146006098       0.04309567156351148      0.0414528912899505
0.05016547505937938       0.04187528136857484      0.041318422593855236
0.050190092942122         0.01886139716061306      0.041288105542952314
0.050317963648947396      0.04003780749142531      0.04113398305997337
0.05033287293199486       0.019809506379975857     0.04111628897519801
0.05038015680898142       0.039264780976091984     0.041059137417611066
0.050542793275277026      0.03700669828167718      0.04086216286044829
0.05056975335525289       0.03661875675685285      0.04082970187046034
0.05063515414290775       0.02234472489594699      0.04075176777783693
0.05064985740469414       0.0224870886368638       0.040734071843337674
0.050712472841908385      0.02334823774973944      0.040658471640661165
0.050730099624641416      0.034001062253432475     0.04063521760721444
0.050733697475932794      0.03393845314063971      0.040630847951356165
0.050758783842842464      0.033419429473809485     0.040600705916590304
0.05084579206192647       0.02524684945612062      0.04048672341675176
0.050855535130493124      0.031290072038800555     0.040474826586433324
0.050857826554448066      0.02553402039353918      0.04047114296424445
0.05086768231063956       0.031035053310885113     0.040459174082800684
0.05092051317321365       0.02850197809700517      0.040390534025550366
0.0509215911539262        0.028093262261457523     0.0403892098753788
-0.04417307546971782      0.02744288096323271      0.04767751412659178
-0.04417216090941712      0.02706189164242919      0.04767827207833941
-0.04412241540529761      0.02994054711144207      0.04772487826480791
-0.04411396093913243      0.030272960549606685     0.04773298951236026
-0.04407885147099331      0.024486595361309007     0.04776722378888054
-0.04406713953730004      0.024308291409775966     0.04777832287652272
-0.043984932829838945     0.03292426804128892      0.04785452953774889
-0.043977825554394605     0.033056679593422525     0.04786129854933217
-0.04397720371080148      0.02355911326949844      0.04786386971226402
-0.043899368956253314     0.03406941737299098      0.04793528950089412
-0.043758884628703004     0.035792994380169314     0.04806009299650607
-0.04375552357699186      0.021793759357209876     0.04806046438404046
-0.04373214964882734      0.03604927561753074      0.04808380638631724
-0.043668159753575034     0.021333514320710765     0.048138120951678076
-0.043465467604931966     0.03849950940405952      0.04831936927729856
-0.04334949837280839      0.039433175084482075     0.048422285831725906
-0.04326107420703623      0.019488155514985128     0.04849951399780775
-0.04312503548104657      0.04117845187714965      0.04862080941362255
-0.04287203273652563      0.04293321787065149      0.048845478060819736
-0.042794173478969924     0.017901441829031667     0.04891463873541413
-0.042738816902170615     0.043830505913398515     0.048963438493077556
-0.042617443139939565     0.017356147410325932     0.049071648331223794
-0.042373601007519066     0.01675948464254707      0.04928853318191174
-0.04235176418264624      0.04618720707727239      0.04930738555599206
-0.04230491377186178      0.04645541106794797      0.04934622514494689
-0.04228357374678419      0.04656669391376541      0.049363972595004746
-0.04179752075855473      0.04904579527811337      0.04976735415518212
-0.04179647025000636      0.015409297724675402     0.04976780992778261
-0.04150807862725718      0.05040232897486864      0.050008256881797594
-0.04124525628946674      0.05161053488303982      0.050226606332588034
-0.04102335976485414      0.013950674582714699     0.05041047746919332
-0.04083434441243276      0.013612815288426268     0.05056754080559173
-0.040752124605389295     0.053708353467217744     0.05063737075144907
-0.04070359018239751      0.013420123359628822     0.05067628389551554
-0.0406422067111891       0.054148172174651295     0.05072282746425728
-0.040566787316163866     0.05442859211392852      0.05078160443330389
-0.039960010214509616     0.05665066503658273      0.05125383044719615
-0.03968755328999854      0.011989718296764845     0.051465141988923456
-0.039346238303213044     0.05875001943087649      0.051732568686094
-0.03924052056656039      0.05913378530244599      0.0518149750221981
-0.03909391398672626      0.05964875943678285      0.051929429274301574
-0.03897695491389071      0.011162023889006339     0.052017275161228095
-0.038505633813164936     0.01035025911949132      0.05235727100167387
-0.03849576904141264      0.06158661746777462      0.05236268439662296
-0.038028043170316835     0.06303736236350682      0.05270251249358629
-0.03776405399609272      0.00916455471491606      0.0528927124156304
-0.03771724532050367      0.06401698281483346      0.05292793177901625
-0.03737663996383467      0.008582676501961048     0.05317234330170411
-0.03730974202935956      0.06524711700711183      0.05322437629132977
-0.037140843563218166     0.008494027470062955     0.05334230285859473
-0.03688953789855137      0.06642361372792195      0.053507845823318655
-0.036493378699891915     0.0674868220157594       0.05377585451635866
-0.03600922400156574      0.06880497771824834      0.05410291000000504
-0.03548338205354268      0.0701777135420225       0.05445911211920365
-0.03529089721376143      0.007623328636591052     0.05458108598776812
-0.03516616531231464      0.007579350991613842     0.05466432590478755
-0.03507590466787683      0.07116060281263216      0.054714482237700424
-0.034602863383856444     0.07225542095142415      0.05501172511525859
-0.034077870320270084     0.07348592486186918      0.05534120550500027
-0.03361534280520675      0.07452635790219186      0.05563223181546523
-0.033439536665930594     0.00682410377333022      0.05573172370575367
-0.03315296039874503      0.0067024443504580125    0.055908930155827576
-0.03313142998809474      0.006691278286572687     0.05592122785222072
-0.0330100490367833       0.07577870705199466      0.05598364512377352
-0.03211809139291074      0.07755068121827013      0.05650276020265403
-0.03187476110012831      0.07803936584585806      0.05664423496689066
-0.03170604944390291      0.07836476064973023      0.05674256126811022
-0.031102209708408605     0.005889654002590276     0.0570757536690672
-0.03089158501445275      0.005788738710719193     0.057186023630547866
-0.030635112683690065     0.08025397854015903      0.05731666837709181
-0.029785808277874543     0.08178847806013217      0.05777366166875428
-0.029387596112788433     0.08244679056219252      0.05796981884550686
-0.02901233300716189      0.005093301366272773     0.05816590974422916
-0.028585851683072677     0.004903171313893544     0.05836963302226443
-0.028518942291974977     0.08386938298432821      0.05839989857814451
-0.028068866113586        0.08461030161765237      0.05862236493617726
-0.027860161002416152     0.08495063579992941      0.05872604876305936
-0.026883223717520523     0.0043096574046732885    0.05917952547639023
-0.02665717761059711      0.08673622117081195      0.05927103323809545
-0.02621666211788632      0.00403150003808941      0.05946849199511872
-0.025893149789450003     0.08785937480069418      0.05961889844750789
-0.02516477465235202      0.0888287434835866       0.05991986662272159
-0.02471480523297255      0.003536041734535184     0.060116692219841436
-0.02388450287411706      0.09051588870875554      0.060451519810692245
-0.02378589419243022      0.003171349820156668     0.06047984871489655
-0.02357589005263963      0.09088171094333476      0.06056717021297767
-0.022507021074709005     0.0027704782202784425    0.06097747732631849
-0.0220355319760021       0.09268923487890858      0.06114727406269709
-0.021868017672492145     0.09288638122352824      0.0612103062440103
-0.021834068060850084     0.09292593093218023      0.06122314367670048
-0.02129502090312441      0.0023208576701498475    0.06140154465395095
-0.020259828688595653     0.0020114779364059517    0.061761931542196113
-0.020103352310272604     0.09466920189752817      0.06180231669911515
-0.019552520548481934     0.09522203466718372      0.061987720107138634
-0.01824215283515916      0.0015694242290013427    0.062382640707041935
-0.018224517622393334     0.09638407716178993      0.06237886941100324
-0.018005627638588415     0.0015301862643971242    0.062455103602446105
-0.017567979649117774     0.001443819878517218     0.0625725655004609
-0.017248294160186688     0.09723503150190077      0.06266812704474464
-0.01619973852993117      0.09801719372882844      0.06293544486984444
-0.015741722235627927     0.001152032254499955     0.06306391682989178
-0.014869838511060666     0.09896818223208256      0.06327554245447134
-0.014693328194905025     9.487728318011928E-4     0.0633066260622655
-0.013909448986747635     0.09954555724210964      0.06348214194539281
-0.013501353216980278     8.830127029638598E-4     0.0635818387847644
-0.012432987146313502     0.1004453388223632       0.06379975917972994
-0.012191537125359007     8.773331405783184E-4     0.06383650666095972
-0.011404245153487995     0.10095586359737786      0.06397984900151744
-0.011282033677064346     8.792388851805214E-4     0.06401334164798665
-0.010284430615912072     9.319410748337957E-4     0.06417133845071807
-0.009979553760061162     0.1016736115925016       0.0642292530512537
-0.009050351738649438     9.548369651911482E-4     0.06436678744693573
-0.008612578086639995     0.10220858218392889      0.06441452470423473
-0.00796445450019031      0.0010328252916542802    0.06450004856908385
-0.007509538352303639     0.1026477866229918       0.06456402406904259
-0.006806307401735546     0.001124811848015979     0.06464217618161158
-0.005426941994590552     0.10324431632323619      0.06476507126158426
-0.005159415792340037     0.0013432395148258805    0.06478620334974301
-0.005022940923040936     0.10336250333352302      0.0648040722330966
-0.004549900666322675     0.0014049325692451057    0.06483950785201427
-0.004135396677389709     0.0014701362580005226    0.06486129931562336
-0.004132013367629996     0.10352418745976225      0.06485579618098306
-0.0025197614722730515    0.10382023053345737      0.06494939754341575
-0.0022811315324108247    0.0017786271096497325    0.06495878245814374
-0.001539751357385021     0.10389333085006909      0.06496907834250584
-6.422445528652568E-4     0.002143185147213843     0.06498839534618521
5.642151096041836E-18     0.002292392427098088     0.06500000000000003
1.2538927733232255E-17    0.10401521890471603      0.06500000000000003
6.224271018417405E-4      0.0021876497660193155    0.06498888005306977
0.0013852774008045509     0.10388020615478274      0.06497305849506763
0.0022567977458948603     0.0019209031330234077    0.06495968126854954
0.0024450745901423688     0.10377994157763325      0.06495244707732031
0.003974621009344408      0.0017326231488905594    0.06487033221539105
0.004501618925905496      0.0016773562433797713    0.06484292149982845
0.004548849617683976      0.10337228691269378      0.06483391961744946
0.004874974802574252      0.10331011190752981      0.06481554560442102
0.005004056140073762      0.1032724342588634       0.06480345120630196
0.005360772517209491      0.0016335626756756691    0.06476858172478972
0.006734463540031916      0.0015258458357626612    0.06464972069383673
0.007289700637295667      0.10261365859644489      0.06458929558130215
0.0076049144378656855     0.0015023271341307863    0.06454403679931314
0.008045939237272386      0.10231847911457638      0.0644898320659194
0.008955331588274117      0.0014713205405402626    0.0643800788505744
0.00968925209430661       0.10168371737505599      0.0642736970079637
0.010673354903602593      0.0015206915371012613    0.06411090380845917
0.010752752298793654      0.10116340098549541      0.06409307903757258
0.011164223070632098      0.0015199445123793       0.06403399597004143
0.011563541130085914      0.0015390862116672862    0.06395719671410986
0.012073629173607086      0.10052303337969203      0.06386874988440569
0.01320617067915384       0.09985633050263425      0.06363246348890664
0.013361137987105864      0.0016315432517303972    0.06361147205223786
0.014442831875197088      0.09913430888161676      0.0633744542106281
0.015205496582363         0.0018181985854824815    0.06319028382815138
0.015463270411763229      0.09843160093033951      0.06312145255734747
0.015557702059545514      0.0019330686920796278    0.06310962949811925
0.016262659154509956      0.002148453448127455     0.0629220796589124
0.016796842856797983      0.09750970894764036      0.06279081463179652
0.017550269036663922      0.09690420842185901      0.06257402041074041
0.017804361339066564      0.0026655792583648325    0.0625128227374431
0.01852332954483049       0.002892998886902168     0.062295038830369284
0.019135664059911885      0.09561149472586802      0.06211783265883141
0.01948667596287861       0.09528499303522125      0.06200267464532285
0.02003981737752896       0.003453777690021801     0.06183366811766006
0.020702881365309473      0.09413804775279117      0.061603669574416195
0.021291650565531235      0.09358563160524325      0.06141050977033563
0.021459308805462093      0.09342616667930125      0.06135550558488109
0.021745210934195774      0.003557237650973622     0.06124732188150632
0.022135742085610224      0.003588743304743101     0.061113481969187616
0.022673306783886713      0.0036254984338223864    0.06090874601414749
0.02269845315487032       0.09199271180636232      0.06089858645575513
0.023458556735122656      0.09109893148292371      0.06061830823948007
0.02402158154307741       0.09037832010557731      0.06038981347728293
0.024201770149481328      0.0038369987644267843    0.06032524975607288
0.025050079631574497      0.08904087927145274      0.05997241452936601
0.025294070714086552      0.08872642230274394      0.0598733947128308
0.025425716952468407      0.08855406272936492      0.05981996833175935
0.02546719582113717       0.003995468663031141     0.059792338420721874
0.02625904114863155       0.004171496426283019     0.0594592221859145
0.026501771379729845      0.0870287194691115       0.05934202734256694
0.02698836684659149       0.00432414930711853      0.05912183430602355
0.027360789548202553      0.08579216357222019      0.058960486055320595
0.027675044236318554      0.08530425376030022      0.058808455951781344
0.028124008656703788      0.08459661503114924      0.05859125640659856
0.028321681002548747      0.004718732838004704     0.05850533628576503
0.028798520724840987      0.08354392965952595      0.05826494139343375
0.029263811311657617      0.08280826075768202      0.058039843098822826
0.029881334022917053      0.0817530629636364       0.05771579324018436
0.03001423907824684       0.0051959594109781656    0.05764923220963607
0.030348102810169898      0.005288410698279684     0.0574802984548734
0.03061830230109599       0.00535925080290373      0.05733141950161426
0.030646481214592205      0.08039965935643095      0.057314274413790965
0.03091932030925724       0.07992425787155345      0.05717109960203777
0.031134863105189703      0.07953558230009997      0.05705799101400537
0.031900468842454816      0.0780508490459576       0.056623762869254204
0.032337544503373894      0.005997744900214458     0.056384563972689566
0.03271634928656085       0.07641394893463863      0.05616101823005781
0.03285058765735592       0.07614891111075087      0.056084882145827186
0.0329738313498201        0.07589722259541277      0.05601498158293077
0.03374724308998945       0.07420550541217089      0.0555423593268942
0.033862603435553196      0.006539650449277362     0.0554734622658727
0.03429066819079499       0.006753032733782148     0.055217855523070125
0.03446613938538695       0.0725793303431283       0.055103048604484645
0.034619438468263215      0.07223840065679497      0.05500936922607018
0.0347807161108038        0.0718675392073139       0.054910813744674686
0.03519712669173902       0.007188838796827913     0.05463265834829886
0.03544571265936476       0.0702352854199089       0.05447418108979524
0.03599085374569705       0.06885184917439947      0.05411624296493764
0.03620676989116454       0.007669025515877747     0.05398068771274284
0.03624642880646436       0.06820765197809993      0.05394843333836613
0.03655549587969795       0.06740092304202588      0.053745501023151926
0.03669854466591163       0.007893685470652393     0.053638379987653424
0.03700739607260875       0.06614608459457991      0.053427463980337375
0.03736277695239309       0.06519706195436882      0.05317735487340465
0.03777135878598473       0.06409394685387053      0.052889804289774994
0.03808558653947401       0.008799325429848796     0.05267340864109696
0.03829815618559399       0.062608120122945        0.05251905590146792
0.03849112128515836       0.06200010447005127      0.052373273619312204
0.03861005226935416       0.06160810098965277      0.052283422916962745
0.03892150236470665       0.009558529592779827     0.05204664546851359
0.03913917419589672       0.059843735684163846     0.051883678953876924
0.03962272367507267       0.05815447701714913      0.0515183638884282
0.039762688339891133      0.05765945357796841      0.05141262256527382
0.03982400919802931       0.010571518139849322     0.05137040137455791
0.040009709841440616      0.05674259438152261      0.05122600108895531
0.0403427850831532        0.05543697269584953      0.05095694905332514
0.040506162642195344      0.05476422023953478      0.05082497550602129
0.04064661751366344       0.011484809421390879     0.050710316245631784
0.04088577403891221       0.0531793328047549       0.05051833230083727
0.04128436960230164       0.05142756338434634      0.050196353596166365
0.04140422984046104       0.05089296173521643      0.0500995326302735
0.04151007004135576       0.012692053237484346     0.05001796946700554
0.04167216901133712       0.049632040411173334     0.04988309583203504
0.04188576182702377       0.048570960762168165     0.049698709504309345
0.041967916797304695      0.04813968274431449      0.04962778822377116
0.04211674252647411       0.013532946621778496     0.04949725550536249
0.04232897999996          0.046212273377117995     0.049316096356967265
0.042543135295867694      0.04491725817799957      0.049130867700723314
0.04255978689040903       0.015108690456658642     0.04911688495784551
0.04272787053461583       0.0437762998165781       0.048971535219216565
0.04280195202961269       0.016025724490357187     0.048909133706783715
0.04302947128625313       0.041759210444771745     0.048710391404391304
0.04309601951154549       0.041303618906947184     0.04865295136391665
0.04317780892374637       0.01772915697989118      0.04858622903464416
0.043346170232964186      0.03943681577800626      0.048436114915264956
0.04336204508949168       0.018589625618325528     0.04841705589424311
0.043428522530486194      0.03879116696759541      0.04836012841159025
0.04343284099696614       0.01899690362498818      0.048351938432286246
0.04344618894377439       0.03863937066159204      0.0483437513789197
0.04372554563595591       0.03631917130925266      0.048084695966156325
0.04377909760290644       0.021234567601332216     0.04803390729794236
0.0438075927474642        0.03555850538310487      0.04800907342994875
0.04391973588030297       0.02245181857531675      0.04790442710388514
0.04395426849409401       0.0337706495082169       0.04787304469270482
0.04403145337773001       0.023963390330279895     0.047802071773009755
0.04403931215829389       0.03255504877916708      0.04779486682522652
0.044100228117456355      0.02548473087289432      0.04773834575611775
0.04410140623969081       0.031125300326450264     0.04773715396319163
0.044144337028317965      0.026761697705599705     0.04769807960321297
0.044149164042405015      0.029624239204685206     0.04769353185725174
0.04415490062944684       0.028368998502868906     0.047687891221600304
-0.034614438589425756     0.028531276716036        0.05500603958794544
-0.03459267039347925      0.027658006410799525     0.055019638096967416
-0.034592535993839615     0.030560398278527287     0.05501985321587763
-0.03452302780359978      0.031528173743121043     0.05506348977447022
-0.03440489668950644      0.025848920363552998     0.055135850183677074
-0.03435149126330373      0.03328487854718479      0.05516910508014988
-0.03421847310124915      0.024544564919743314     0.05525163799696975
-0.03415041475348111      0.03486489374281147      0.055294991249738044
-0.033987790041111965     0.03593996439801458      0.05539570017388052
-0.03396790595775941      0.02338220202411896      0.05540695152499048
-0.03353348887978633      0.03844490737733254      0.05568028767221488
-0.03351707804322497      0.038534767271795556     0.0556905110681805
-0.03347223957546283      0.03874833231540527      0.055718546729941316
-0.033400047900701973     0.021180556215928875     0.05575964151254789
-0.03336507603551385      0.021072825816107883     0.055781337824524484
-0.0333079096707152       0.020918338737093943     0.05581685576268716
-0.032946410115087546     0.0410893313722662       0.05602238971961594
-0.03265991026663933      0.04221367716902612      0.056188476388961656
-0.03254604944528207      0.018954788437422286     0.05625386114852275
-0.032302411968801695     0.04360293778913642      0.05639530832857648
-0.03187842155859227      0.01743495914916721      0.05663733726681536
-0.03164993848233074      0.04586539971168459      0.05677389062765567
-0.031625118304302854     0.016930772963327217     0.05678273769006486
-0.03158489545400565      0.046075635968411854     0.056808684237105514
-0.03153272084844131      0.04622731969746435      0.05683666718766037
-0.03138320710307768      0.016496430527422577     0.05692175819683528
-0.030749011967917822     0.048489582205569794     0.057256408715321123
-0.030536675163149264     0.015048172146001685     0.05736948510325238
-0.02990193862327267      0.05070657701412807      0.05771116984220867
-0.029841543333196854     0.050863679156472934     0.05774355521202209
-0.02977766934271224      0.05101532732661646      0.05777788107634217
-0.029322893647843584     0.013847644685458039     0.058009975810768284
-0.02899843991610839      0.013468299948419632     0.058167264116070386
-0.028798819973913165     0.053172590834643735     0.05826146966819949
-0.027799700931610796     0.055339723870486274     0.05875474581025715
-0.02775347273748794      0.01242567180360619      0.058767104022674155
-0.027718410896862774     0.055501868235575645     0.05879157985957288
-0.027607225029998152     0.05571298155270009      0.05884178791813447
-0.02726107050141409      0.01204590280635761      0.059004583410294915
-0.02715995226384377      0.01198718814003685      0.05905310347725189
-0.026523026380430286     0.05777933028775019      0.05933206112435199
-0.02572637372106832      0.059226161122836324     0.059691114605888496
-0.0253541614282437       0.010745744128949797     0.059843909309926065
-0.02524830134424133      0.06001914310654057      0.05988777985252551
-0.02497136469051083      0.010543901330875627     0.06001067266906823
-0.024326052397836265     0.061477360304967706     0.06026594992264271
-0.023864494789237342     0.0622092985997912       0.06045541284462942
-0.02362405477541161      0.06257307576512397      0.06055380345986407
-0.023327545771554666     0.009522867316040498     0.0606602803268054
-0.02274761654068904      0.009242259902151087     0.06088821713467549
-0.022337498134624205     0.0643360010812012       0.06103124528307448
-0.021492166362999277     0.0654410888531434       0.06134399895520816
-0.021194940192784714     0.008361506622486544     0.06143780541278397
-0.020721312748868185     0.06633705006865573      0.061597615728175334
-0.020487532508737347     0.008044728807194335     0.06168677499170758
-0.019117463153191374     0.06811967066971931      0.062123442330849085
-0.019032542317871336     0.06820332788196677      0.062147902749888816
-0.018722937356374446     0.06849455958179497      0.06223676260572676
-0.01831863931290184      0.007436994851456158     0.062362424857268534
-0.018229914220503816     0.007419170684118479     0.062389944965239905
-0.018037534367838472     0.007372064846358495     0.062442311975707696
-0.017162178181623283     0.06996361484917202      0.06268505051180794
-0.016733763370488798     0.07034880038791434      0.06280767345721566
-0.015965092033965275     0.006964603137271611     0.06300767467498432
-0.015108828213841007     0.07161713932109763      0.06320874053162003
-0.014932320823811183     0.006710582044127181     0.06325065203318579
-0.014357058026405729     0.0721940961286049       0.06339395644910084
-0.013686283579983072     0.006500985631844457     0.06354223493968977
-0.012894107309569552     0.07315166281466502      0.06369727617514617
-0.012001469533280237     0.07373018056767776      0.06388235052019815
-0.011454738518293678     0.0060255136413988695    0.0639815966861076
-0.011393022528766356     0.00601659414717919      0.06399367362594782
-0.01128362502321065      0.005996288951249752     0.0640110651569793
-0.010457831653840195     0.07455940140029238      0.0641428952681095
-0.009630979235644557     0.0749987797791965       0.0642824565329165
-0.00909275152333625      0.005701222251159044     0.06436078409563162
-0.007757258951759493     0.005460187924478497     0.06452547557111506
-0.007731373997959772     0.07580123602192536      0.06453077253041409
-0.007245587133498697     0.07600393548675363      0.06459427448725587
-0.006806307401735547     0.0055725508576157145    0.0646421761816116
-0.006187264834523811     0.005676994407386152     0.0646963138962005
-0.0055591943751712395    0.07652708864102617      0.06475132158751802
-0.004845293226842646     0.07674791880423484      0.06481780438321624
-0.004581965966035922     0.07680145348456513      0.06483254971522893
-0.004549900666322676     0.005966824350011798     0.06483950785201427
-0.002752325019953827     0.006375763894464077     0.06493401069234464
-0.0024300975156764104    0.07723027193492664      0.06495304622079763
-0.002281131532410825     0.006487175351168542     0.06495878245814374
-0.0010972928082005646    0.0068267761923046285    0.06498017312390454
-7.170438382572415E-4     0.07739317413103687      0.06498614544566927
5.865611700238858E-18     0.007118636080644734     0.06500000000000002
1.1308617621855552E-17    0.07745889160510537      0.06500000000000003
6.780479817185512E-4      0.07739390773447256      0.06498681318442048
0.0011162421176353703     0.006901751382149846     0.0649800578203091
0.0022567977458948594     0.006658779946245619     0.06495968126854954
0.0024450449736606464     0.07722012416932961      0.06495244826616897
0.0026951941505654786     0.006586550297019475     0.0649368789788735
0.004376566137662854      0.07683337516510162      0.0648436269668412
0.004501618925905496      0.006297193431162733     0.06484292149982844
0.0048749161117837905     0.07673214754972055      0.06481555008489213
0.006024606175406283      0.0061271919328076945    0.0647111423503717
0.006508347473873114      0.07623124110653352      0.0646625060277078
0.006734463540031915      0.006051009315622209     0.06464972069383673
0.007289613414369447      0.07599075081962099      0.06458930545616952
0.0074779659673711975     0.0759131114307608       0.06456453287706489
0.00791081166433772       0.005982229689196213     0.06450689695570107
0.008990024480106443      0.006295823006324356     0.06437521941181226
0.009689136881417612      0.07499357743927164      0.06427371438000111
0.010166863871511275      0.07474422814545155      0.06419258131890318
0.010909381161102457      0.006802021669862909     0.06407217515655562
0.011269856138250179      0.006911629303737923     0.0640154787980841
0.011455650272577821      0.006963588071003022     0.06397952030983169
0.012073486512928291      0.07374131675033148      0.06386877685638694
0.01258904749892845       0.07341452670080373      0.0637612147531792
0.013542356474963794      0.007682676469040736     0.06357308706059946
0.014442662308901483      0.07223129292030261      0.06337449288532698
0.014752930700406664      0.008067988878115526     0.06329294980874611
0.014804915249584527      0.07196034073966286      0.06328467909632884
0.015802554025548178      0.008479604621959751     0.06304868319143443
0.01679666641818801       0.07040642046098028      0.06279086189125038
0.016821630886341383      0.07038395183709442      0.0627836785885563
0.016907839726860278      0.07030307641737145      0.06275887276070484
0.017902394675185         0.009243145894711691     0.0624822913778733
0.01805069193844914       0.009309678738855846     0.06244208347538234
0.01850158557930256       0.009497922493878153     0.06230297623646355
0.018635368988508347      0.0686825861101905       0.062261791584406534
0.01913549731797881       0.06819343677382024      0.06211788408238631
0.020291512884791477      0.010303314537778815     0.06175153922446919
0.020309956896383166      0.0668947990228705       0.06173257798789196
0.021070141773116082      0.010439674937640954     0.06148088306638706
0.021459154629170484      0.06557184976448562      0.06135555950850139
0.02181472098411          0.06510289798996095      0.061224449577839166
0.022397039451189347      0.06430456879548287      0.061009728061809564
0.022398199093532883      0.010831057309788627     0.06101784051896472
0.02305529488471926       0.06340027722267227      0.06076700590304255
0.023458511614493995      0.06282427755641248      0.06061832554719843
0.024112107523846023      0.011306418819611096     0.06035508592710269
0.02422261877947445       0.0616393040614272       0.060308225014171275
0.024472558646060263      0.011414880967955423     0.060216003695283044
0.02473856095581641       0.011490492041409887     0.06010291769192355
0.025229435031669134      0.06001684045385338      0.05989962485327613
0.025340900639835788      0.059836798311899315     0.0598543883348142
0.025425779624672327      0.05969426876208149      0.05981994156230664
0.02637707496682089       0.05796957668206775      0.05939741184228915
0.026522704267090774      0.012288219271990863     0.059342098931476614
0.027360958694687687      0.05611592621813312      0.05896040750536831
0.027382067366789664      0.056073155088222075     0.05895019547367077
0.02740220203739632       0.05603075333591204      0.0589404546417453
0.02777911487644664       0.012826435525617495     0.05875550279809207
0.028304229848644783      0.054109627109554956     0.058504068246128756
0.028544313981275833      0.01333875107059625      0.05839701786425243
0.029135550166262025      0.052249888721923765     0.05810188853462247
0.02919525684983463       0.05211469857867686      0.05807300339665111
0.029264070177672626      0.05195078594894239      0.05803971257085702
0.030011961410916797      0.05005775059471955      0.057647245808874426
0.03024841210024519       0.014442680850380658     0.05752782265080022
0.030543400806127125      0.014750523288876138     0.057376746551069974
0.03055162178284264       0.04862013958646184      0.057364050869082
0.03079375739788575       0.047966183219385214     0.05723698663493629
0.03113509502921738       0.04699410628174511      0.05705786445474714
0.031521915894838264      0.045826517962078143     0.056838469142083695
0.03175111922496025       0.04509643470735534      0.05670847046348901
0.03212965466561581       0.01636408069064018      0.05649687750566178
0.03219433871186704       0.04371832059301857      0.056456510493792786
0.03253871526154961       0.017097453352802792     0.056268768229861446
0.032780311663064714      0.041762546096704295     0.05612581299548168
0.03282170619879484       0.04160854008052833      0.05610232865358393
0.032902550557413986      0.041281966435961215     0.0560568486929475
0.033342012548577445      0.03940633494435319      0.05578809740874434
0.03340399830094243       0.018618515248067267     0.05574904770846881
0.033520466663096         0.038575900665581975     0.055679934461313585
0.033713750222592015      0.020134236513166804     0.05556201214649477
0.03378661639041075       0.03713304168029924      0.05551741116726516
0.033911841975815024      0.021191769272905697     0.055442797917906406
0.03406674670488778       0.035439045329543915     0.05534775731141918
0.034164861003075114      0.03467149815578663      0.055288035330792296
0.0342307333692595        0.023447261235569162     0.055249840863693986
0.03427982873066339       0.023845898838514505     0.055220291432434836
0.03440620688928475       0.03237467051619647      0.055142250779833354
0.03442451806535937       0.03209686768621741      0.055131085778853034
0.034490673788460394      0.02651618371619286      0.05509227202552127
0.03449498230963051       0.026588508363851158     0.05508968467854705
0.03454264700896688       0.029428186467439804     0.05506018972570692
0.03454278710985697       0.02938757498588881      0.0550600950849434
-0.017628675695861677     0.02982237697463393      0.06255032980693748
-0.01762765415041688      0.028496681204896426     0.0625513353174603
-0.01753776343285588      0.026914841159936993     0.0625759385650533
-0.017504344937318225     0.03152222227020723      0.06258656797638734
-0.01738669108623286      0.02570188189427153      0.06261924168290939
-0.01737908901945226      0.03252268909116881      0.0626217195129109
-0.017003088263034365     0.023705372634668116     0.06272740389118167
-0.01690025012672058      0.03485257771087109      0.06275970176821194
-0.016849594104735997     0.03505247017315726      0.06277409539889936
-0.01684709038654138      0.023150075738649002     0.06277138968530742
-0.016726364411730792     0.035414509734836314     0.06280964367618863
-0.016483729510391256     0.02242059898637057      0.06287384439207014
-0.015983377768918904     0.03738021438747728      0.06299231188802845
-0.015722133124694615     0.020965969290081543     0.06305891870929836
-0.01528523584045096      0.03881825236499679      0.06316613566415265
-0.014887321575630998     0.03956905923844332      0.06326464372735469
-0.01450490043458562      0.040160294380277003     0.06336025438562481
-0.014171885301089237     0.01906854013273037      0.06343564194863707
-0.014160398037725133     0.019055276493782816     0.06343799146759761
-0.01406972312068223      0.018984911485684448     0.06345653743717158
-0.013477547788830216     0.04157186274408019      0.06357525755683488
-0.012219314667194737     0.043002655325220296     0.06384102431760753
-0.0121038744386225       0.01744076262529528      0.06385885306566141
-0.011835545479046253     0.01734883406289208      0.06391329498585606
-0.01180094119363907      0.04341692450418963      0.06391273061365568
-0.010335684097127689     0.044819051818883675     0.06416506979373147
-0.009934933569003115     0.04519518775182509      0.06423408502656855
-0.009821654818102323     0.045293846585542065     0.0642535933211814
-0.009579847818211992     0.01621681789042824      0.06428874885868412
-0.009505222590302745     0.016180468001716776     0.06430117602062256
-0.009496263373858378     0.01617648546936888      0.06430233162611063
-0.007727534178068452     0.046777546981034576     0.06453284876118122
-0.007389950172477452     0.04699818733762831      0.06457786630611917
-0.007150404088818278     0.015505593530555466     0.06460491253604111
-0.006256392726856259     0.015281412933948128     0.06468706912447353
-0.005121932777184511     0.04813259723964156      0.0647933081216461
-0.004942439487585438     0.0482144576234971       0.06481035841423485
-0.0047812608232729965    0.015077169417834126     0.06482262870441022
-0.004266036652840268     0.04842475414390412      0.06484899635096221
-0.0025381269729483607    0.014833456383838546     0.0649465705198988
-0.002479122763426286     0.04895686390736716      0.06495106964552848
-0.0023977927936668997    0.014824197674604741     0.06495432452572984
-0.0022801138770291965    0.014820161949714231     0.06495656618745442
-0.0017678395600419562    0.0490620449960771       0.06496510821585855
8.25637593887113E-18      0.014922647178041617     0.06500000000000002
9.912238955624475E-18     0.049270975008761084     0.06500000000000003
0.0017580600959655518     0.04913776512707786      0.06496580885403491
0.002316700309033481      0.014946291901116375     0.06495637291856786
0.0023719952742914645     0.014949382815064652     0.06495533162809852
0.0024327406510342158     0.01495395738763561      0.06495201122578283
0.002445047278347437      0.04907087874228025      0.06495244817365607
0.004081801169511883      0.048656150309005344     0.06486023388377267
0.004730115999262203      0.015313204565144688     0.06482643441919589
0.004874920678967163      0.04844193515258612      0.06481554973623412
0.005091216909096331      0.04835117570821175      0.06479528388095399
0.006658008666535783      0.015658527472313846     0.0646511609579994
0.007074362174912231      0.01577927187636007      0.06461330837329216
0.007289620201859192      0.047359440989574626     0.06458930468773412
0.007692076327866565      0.04711508620175121      0.06453637264386539
0.007913687261987653      0.016045476424271385     0.06450621068545274
0.009389016653500877      0.016706859935865043     0.06431823742586917
0.00968914584702352       0.04582592374203419      0.06427371302815613
0.009825346076614816      0.016877670110436345     0.06424704415532288
0.009912711103324704      0.04564516216753964      0.06423574458344015
0.010861863414063894      0.04483397495869827      0.06407454852984229
0.011689434338413117      0.01795480967148761      0.06394017041425305
0.011830716063616752      0.04398826229713828      0.06391000673622421
0.012063637035662449      0.043758832857964766     0.06387063320967094
0.012479680936112387      0.018357817444574        0.06378162129689505
0.013355700172466511      0.04226656154529464      0.06360140863961328
0.013988255621356362      0.019521495835567684     0.0634763960121883
0.014324089356967893      0.04099702417430327      0.06340141081559393
0.014701460337687764      0.04043073722713785      0.06330833059268921
0.014753169961293992      0.02004719715901304      0.06329395546982655
0.015104206606237357      0.039743891817729624     0.0632098888856219
0.015804099253362004      0.038440024920792314     0.06303795159048374
0.016297283437349493      0.02173199926816558      0.06292247790698445
0.016536672119831917      0.03685242360176772      0.06285991585229306
0.016566187261622158      0.021995718518108866     0.06284805290234226
0.01674477302435555       0.03634419552519428      0.06280071037162879
0.01685944523601231       0.03601493104355873      0.06276846474123336
0.016906064081626457      0.02257977806322138      0.06275304915358249
0.0174336992317827        0.0340860919790143       0.06260551117156993
0.01771596016027498       0.024284684830368455     0.0625272374814877
0.017756421491978674      0.03274159150920919      0.06251535640996869
0.01794760143634405       0.031712877429948105     0.06246114319290408
0.018211974405852503      0.029705008764542906     0.062388059777917525
0.01824153970321632       0.026456705894568767     0.06238069769874366
0.01824924484209936       0.02920022385040849      0.06237738563067213
0.018303405830762835      0.026863583193347522     0.06236344845643269
% Elements (lines)
717        716
716        713
713        711
711        709
709        708
708        705
705        704
704        701
701        699
699        697
697        694
694        693
693        692
692        689
689        687
687        685
685        683
683        682
682        679
679        678
678        675
675        674
674        672
672        670
670        667
667        665
665        662
662        661
661        659
659        656
656        654
654        652
652        650
650        648
648        645
645        644
644        640
640        639
639        637
637        634
634        632
632        630
630        626
626        625
625        622
622        620
620        618
618        616
616        612
612        610
610        608
608        606
606        602
602        600
600        596
596        594
594        592
592        590
590        588
588        586
586        584
584        582
582        580
580        579
579        576
576        574
574        573
573        572
572        570
570        568
568        567
567        565
565        564
564        562
562        561
561        560
560        558
558        557
557        555
555        554
554        553
553        551
551        550
550        549
549        547
547        546
546        544
544        543
543        542
542        541
541        540
540        538
538        537
537        536
536        535
535        534
534        532
532        531
531        530
530        529
529        528
528        527
527        525
525        524
524        523
523        522
522        521
521        520
520        519
519        517
517        516
516        515
515        514
514        513
513        512
512        511
511        509
509        508
508        507
507        506
506        505
505        503
503        502
502        501
501        500
500        499
499        498
498        497
497        496
496        495
495        494
494        493
493        492
492        491
491        490
490        488
488        487
487        486
486        485
485        484
484        483
483        482
482        481
481        480
480        479
479        478
478        477
477        476
476        475
475        474
474        473
473        472
472        471
471        470
470        469
469        468
468        467
467        466
466        464
464        462
462        460
460        459
459        458
458        457
457        456
456        455
455        454
454        453
453        452
452        451
451        450
450        449
449        448
448        447
447        446
446        445
445        444
444        443
443        442
442        441
441        440
440        439
439        438
438        437
437        436
436        435
435        434
434        432
432        431
431        430
430        429
429        428
428        427
427        426
426        425
425        424
424        423
423        422
422        421
421        420
420        419
419        418
418        417
417        416
416        415
415        414
414        412
412        411
411        410
410        409
409        408
408        407
407        406
406        405
405        404
404        403
403        401
401        400
400        399
399        398
398        397
397        396
396        395
395        394
394        393
393        392
392        391
391        390
390        389
389        388
388        386
386        385
385        384
384        383
383        382
382        381
381        380
380        379
379        378
378        377
377        376
376        375
375        374
374        373
373        372
372        371
371        369
369        368
368        367
367        366
366        365
365        364
364        363
363        362
362        360
360        359
359        358
358        357
357        356
356        355
355        354
354        353
353        352
352        351
351        350
350        349
349        348
348        347
347        346
346        345
345        344
344        342
342        341
341        340
340        339
339        338
338        337
337        336
336        335
335        334
334        333
333        332
332        331
331        330
330        329
329        328
328        327
327        326
326        325
325        324
324        323
323        322
322        321
321        320
320        319
319        317
317        316
316        315
315        314
314        312
312        311
311        310
310        309
309        307
307        306
306        305
305        304
304        303
303        302
302        301
301        300
300        299
299        298
298        297
297        296
296        295
295        294
294        293
293        292
292        291
291        290
290        288
288        287
287        286
286        285
285        284
284        283
283        282
282        281
281        280
280        279
279        278
278        276
276        275
275        274
274        273
273        272
272        271
271        270
270        269
269        268
268        267
267        266
266        265
265        263
263        262
262        261
261        260
260        259
259        258
258        257
257        256
256        255
255        254
254        253
253        252
252        251
251        250
250        249
249        248
248        246
246        245
245        243
243        241
241        240
240        239
239        238
238        237
237        236
236        235
235        234
234        233
233        232
232        231
231        230
230        229
229        228
228        226
226        225
225        224
224        223
223        222
222        221
221        219
219        218
218        217
217        216
216        215
215        214
214        213
213        211
211        210
210        209
209        208
208        207
207        206
206        205
205        204
204        203
203        202
202        200
200        199
199        197
197        196
196        195
195        194
194        192
192        191
191        190
190        189
189        188
188        187
187        186
186        185
185        184
184        182
182        181
181        180
180        179
179        177
177        176
176        175
175        174
174        173
173        172
172        171
171        170
170        169
169        168
168        166
166        165
165        164
164        163
163        162
162        161
161        160
160        159
159        158
158        157
157        156
156        155
155        154
154        153
153        152
152        150
150        149
149        147
147        145
145        144
144        143
143        142
142        141
141        140
140        139
139        138
138        137
137        136
136        135
135        134
134        133
133        132
132        130
130        129
129        128
128        127
127        126
126        124
124        123
123        122
122        121
121        120
120        119
119        117
117        116
116        115
115        114
114        113
113        112
112        111
111        110
110        109
109        108
108        107
107        106
106        104
104        103
103        101
101        100
100        99
99         98
98         96
96         95
95         94
94         93
93         92
92         91
91         90
90         88
88         87
87         85
85         84
84         83
83         82
82         81
81         80
80         79
79         77
77         76
76         75
75         73
73         72
72         71
71         70
70         69
69         68
68         66
66         65
65         64
64         63
63         61
61         60
60         59
59         58
58         56
56         55
55         54
54         53
53         52
52         51
51         49
49         48
48         47
47         45
45         44
44         43
43         42
42         41
41         40
40         39
39         38
38         37
37         36
36         34
34         33
33         32
32         31
31         29
29         28
28         26
26         25
25         24
24         23
23         22
22         21
21         18
18         17
17         8
8          7
7          1
1          2
2          3
3          4
4          5
5          6
6          9
9          10
10         11
11         12
12         13
13         14
14         15
15         16
16         19
19         20
20         27
27         30
30         35
35         46
46         50
50         57
57         62
62         67
67         74
74         78
78         86
86         89
89         97
97         102
102        105
105        118
118        125
125        131
131        146
146        148
148        151
151        167
167        178
178        183
183        193
193        198
198        201
201        212
212        220
220        227
227        242
242        244
244        247
247        264
264        277
277        289
289        308
308        313
313        318
318        343
343        361
361        370
370        387
387        402
402        413
413        433
433        461
461        463
463        465
465        489
489        504
504        510
510        518
518        526
526        533
533        539
539        545
545        548
548        552
552        556
556        559
559        563
563        566
566        569
569        571
571        575
575        577
577        578
578        581
581        583
583        585
585        587
587        589
589        591
591        593
593        595
595        597
597        598
598        599
599        601
601        603
603        604
604        605
605        607
607        609
609        611
611        613
613        614
614        615
615        617
617        619
619        621
621        623
623        624
624        627
627        628
628        629
629        631
631        633
633        635
635        636
636        638
638        641
641        642
642        643
643        646
646        647
647        649
649        651
651        653
653        655
655        657
657        658
658        660
660        663
663        664
664        666
666        668
668        669
669        671
671        673
673        676
676        677
677        680
680        681
681        684
684        686
686        688
688        690
690        691
691        695
695        696
696        698
698        700
700        702
702        703
703        706
706        707
707        710
710        712
712        714
714        715
715        718
718        719
719        721
721        724
724        725
725        727
727        729
729        731
731        733
733        735
735        737
737        739
739        740
740        744
744        745
745        746
746        748
748        751
751        752
752        754
754        757
757        758
758        760
760        763
763        764
764        767
767        768
768        769
769        772
772        774
774        776
776        780
780        781
781        784
784        785
785        788
788        789
789        792
792        793
793        796
796        797
797        798
798        801
801        802
802        805
805        806
806        809
809        810
810        813
813        814
814        816
816        818
818        819
819        822
822        823
823        826
826        827
827        830
830        831
831        835
835        837
837        838
838        840
840        842
842        843
843        847
847        849
849        850
850        854
854        856
856        857
857        861
861        864
864        866
866        870
870        873
873        875
875        880
880        888
888        890
890        891
891        902
902        914
914        916
916        919
919        936
936        963
963        965
965        968
968        993
993        1014
1014       1022
1022       1035
1035       1053
1053       1064
1064       1084
1084       1111
1111       1112
1112       1113
1113       1140
1140       1153
1153       1164
1164       1180
1180       1188
1188       1191
1191       1204
1204       1214
1214       1220
1220       1231
1231       1234
1234       1236
1236       1251
1251       1256
1256       1267
1267       1282
1282       1286
1286       1291
1291       1303
1303       1310
1310       1319
1319       1334
1334       1336
1336       1340
1340       1350
1350       1354
1354       1362
1362       1367
1367       1374
1374       1380
1380       1384
1384       1396
1396       1399
1399       1404
1404       1414
1414       1416
1416       1419
1419       1420
1420       1421
1421       1423
1423       1425
1425       1426
1426       1427
1427       1428
1428       1429
1429       1430
1430       1433
1433       1434
1434       1435
1435       1436
1436       1437
1437       1438
1438       1432
1432       1431
1431       1424
1424       1422
1422       1418
1418       1417
1417       1415
1415       1413
1413       1412
1412       1411
1411       1410
1410       1409
1409       1408
1408       1407
1407       1406
1406       1405
1405       1403
1403       1402
1402       1401
1401       1400
1400       1398
1398       1397
1397       1395
1395       1394
1394       1393
1393       1392
1392       1391
1391       1390
1390       1389
1389       1388
1388       1387
1387       1386
1386       1385
1385       1383
1383       1382
1382       1381
1381       1379
1379       1378
1378       1377
1377       1376
1376       1375
1375       1373
1373       1372
1372       1371
1371       1370
1370       1369
1369       1368
1368       1366
1366       1365
1365       1364
1364       1363
1363       1361
1361       1360
1360       1359
1359       1358
1358       1357
1357       1356
1356       1355
1355       1353
1353       1352
1352       1351
1351       1349
1349       1348
1348       1347
1347       1346
1346       1345
1345       1344
1344       1343
1343       1342
1342       1341
1341       1339
1339       1338
1338       1337
1337       1335
1335       1333
1333       1332
1332       1331
1331       1330
1330       1329
1329       1328
1328       1327
1327       1326
1326       1325
1325       1324
1324       1323
1323       1322
1322       1321
1321       1320
1320       1318
1318       1317
1317       1316
1316       1315
1315       1314
1314       1313
1313       1312
1312       1311
1311       1309
1309       1308
1308       1307
1307       1306
1306       1305
1305       1304
1304       1302
1302       1301
1301       1300
1300       1299
1299       1298
1298       1297
1297       1296
1296       1295
1295       1294
1294       1293
1293       1292
1292       1290
1290       1289
1289       1288
1288       1287
1287       1285
1285       1284
1284       1283
1283       1281
1281       1280
1280       1279
1279       1278
1278       1277
1277       1276
1276       1275
1275       1274
1274       1273
1273       1272
1272       1271
1271       1270
1270       1269
1269       1268
1268       1266
1266       1265
1265       1264
1264       1263
1263       1262
1262       1261
1261       1260
1260       1259
1259       1258
1258       1257
1257       1255
1255       1254
1254       1253
1253       1252
1252       1250
1250       1249
1249       1248
1248       1247
1247       1246
1246       1245
1245       1244
1244       1243
1243       1242
1242       1241
1241       1240
1240       1239
1239       1238
1238       1237
1237       1235
1235       1233
1233       1232
1232       1230
1230       1229
1229       1228
1228       1227
1227       1226
1226       1225
1225       1224
1224       1223
1223       1222
1222       1221
1221       1219
1219       1218
1218       1217
1217       1216
1216       1215
1215       1213
1213       1212
1212       1211
1211       1210
1210       1209
1209       1208
1208       1207
1207       1206
1206       1205
1205       1203
1203       1202
1202       1201
1201       1200
1200       1199
1199       1198
1198       1197
1197       1196
1196       1195
1195       1194
1194       1193
1193       1192
1192       1190
1190       1189
1189       1187
1187       1186
1186       1185
1185       1184
1184       1183
1183       1182
1182       1181
1181       1179
1179       1178
1178       1177
1177       1176
1176       1175
1175       1174
1174       1173
1173       1172
1172       1171
1171       1170
1170       1169
1169       1168
1168       1167
1167       1166
1166       1165
1165       1163
1163       1162
1162       1161
1161       1160
1160       1159
1159       1158
1158       1157
1157       1156
1156       1155
1155       1154
1154       1152
1152       1151
1151       1150
1150       1149
1149       1148
1148       1147
1147       1146
1146       1145
1145       1144
1144       1143
1143       1142
1142       1141
1141       1139
1139       1138
1138       1137
1137       1136
1136       1135
1135       1134
1134       1133
1133       1132
1132       1131
1131       1130
1130       1129
1129       1128
1128       1127
1127       1126
1126       1125
1125       1124
1124       1123
1123       1122
1122       1121
1121       1120
1120       1119
1119       1118
1118       1117
1117       1116
1116       1115
1115       1114
1114       1110
1110       1109
1109       1108
1108       1107
1107       1106
1106       1105
1105       1104
1104       1103
1103       1102
1102       1101
1101       1100
1100       1099
1099       1098
1098       1097
1097       1096
1096       1095
1095       1094
1094       1093
1093       1092
1092       1091
1091       1090
1090       1089
1089       1088
1088       1087
1087       1086
1086       1085
1085       1083
1083       1082
1082       1081
1081       1080
1080       1079
1079       1078
1078       1077
1077       1076
1076       1075
1075       1074
1074       1073
1073       1072
1072       1071
1071       1070
1070       1069
1069       1068
1068       1067
1067       1066
1066       1065
1065       1063
1063       1062
1062       1061
1061       1060
1060       1059
1059       1058
1058       1057
1057       1056
1056       1055
1055       1054
1054       1052
1052       1051
1051       1050
1050       1049
1049       1048
1048       1047
1047       1046
1046       1045
1045       1044
1044       1043
1043       1042
1042       1041
1041       1040
1040       1039
1039       1038
1038       1037
1037       1036
1036       1034
1034       1033
1033       1032
1032       1031
1031       1030
1030       1029
1029       1028
1028       1027
1027       1026
1026       1025
1025       1024
1024       1023
1023       1021
1021       1020
1020       1019
1019       1018
1018       1017
1017       1016
1016       1015
1015       1013
1013       1012
1012       1011
1011       1010
1010       1009
1009       1008
1008       1007
1007       1006
1006       1005
1005       1004
1004       1003
1003       1002
1002       1001
1001       1000
1000       999
999        998
998        997
997        996
996        995
995        994
994        992
992        991
991        990
990        989
989        988
988        987
987        986
986        985
985        984
984        983
983        982
982        981
981        980
980        979
979        978
978        977
977        976
976        975
975        974
974        973
973        972
972        971
971        970
970        969
969        967
967        966
966        964
964        962
962        961
961        960
960        959
959        958
958        957
957        956
956        955
955        954
954        953
953        952
952        951
951        950
950        949
949        948
948        947
947        946
946        945
945        944
944        943
943        942
942        941
941        940
940        939
939        938
938        937
937        935
935        934
934        933
933        932
932        931
931        930
930        929
929        928
928        927
927        926
926        925
925        924
924        923
923        922
922        921
921        920
920        918
918        917
917        915
915        913
913        912
912        911
911        910
910        909
909        908
908        907
907        906
906        905
905        904
904        903
903        901
901        900
900        899
899        898
898        897
897        896
896        895
895        894
894        893
893        892
892        889
889        887
887        886
886        885
885        884
884        883
883        882
882        881
881        879
879        878
878        877
877        876
876        874
874        872
872        871
871        869
869        868
868        867
867        865
865        863
863        862
862        860
860        859
859        858
858        855
855        853
853        852
852        851
851        848
848        846
846        845
845        844
844        841
841        839
839        836
836        834
834        833
833        832
832        829
829        828
828        825
825        824
824        821
821        820
820        817
817        815
815        812
812        811
811        808
808        807
807        804
804        803
803        800
800        799
799        795
795        794
794        791
791        790
790        787
787        786
786        783
783        782
782        779
779        778
778        777
777        775
775        773
773        771
771        770
770        766
766        765
765        762
762        761
761        759
759        756
756        755
755        753
753        750
750        749
749        747
747        743
743        742
742        741
741        738
738        736
736        734
734        732
732        730
730        728
728        726
726        723
723        722
722        720
720        717
2008       2006
2006       2005
2005       2004
2004       2002
2002       2001
2001       2000
2000       1998
1998       1997
1997       1996
1996       1993
1993       1992
1992       1991
1991       1989
1989       1988
1988       1987
1987       1985
1985       1984
1984       1982
1982       1981
1981       1980
1980       1979
1979       1978
1978       1977
1977       1975
1975       1974
1974       1973
1973       1971
1971       1970
1970       1969
1969       1968
1968       1967
1967       1965
1965       1964
1964       1963
1963       1961
1961       1960
1960       1959
1959       1958
1958       1957
1957       1955
1955       1954
1954       1953
1953       1952
1952       1951
1951       1950
1950       1948
1948       1947
1947       1946
1946       1945
1945       1944
1944       1942
1942       1941
1941       1940
1940       1939
1939       1938
1938       1937
1937       1936
1936       1934
1934       1933
1933       1932
1932       1931
1931       1929
1929       1928
1928       1927
1927       1926
1926       1925
1925       1924
1924       1923
1923       1922
1922       1920
1920       1919
1919       1918
1918       1917
1917       1915
1915       1914
1914       1913
1913       1912
1912       1911
1911       1910
1910       1909
1909       1908
1908       1907
1907       1905
1905       1904
1904       1903
1903       1902
1902       1901
1901       1899
1899       1898
1898       1897
1897       1896
1896       1895
1895       1894
1894       1893
1893       1892
1892       1891
1891       1889
1889       1888
1888       1887
1887       1886
1886       1885
1885       1883
1883       1882
1882       1881
1881       1880
1880       1879
1879       1878
1878       1877
1877       1876
1876       1875
1875       1873
1873       1872
1872       1871
1871       1870
1870       1869
1869       1868
1868       1866
1866       1865
1865       1864
1864       1863
1863       1862
1862       1861
1861       1860
1860       1859
1859       1857
1857       1856
1856       1855
1855       1854
1854       1853
1853       1852
1852       1851
1851       1849
1849       1848
1848       1847
1847       1846
1846       1845
1845       1844
1844       1843
1843       1841
1841       1840
1840       1839
1839       1838
1838       1837
1837       1836
1836       1835
1835       1834
1834       1833
1833       1831
1831       1830
1830       1829
1829       1828
1828       1827
1827       1826
1826       1824
1824       1823
1823       1822
1822       1821
1821       1820
1820       1819
1819       1818
1818       1817
1817       1816
1816       1815
1815       1814
1814       1813
1813       1812
1812       1810
1810       1809
1809       1807
1807       1806
1806       1805
1805       1804
1804       1803
1803       1802
1802       1801
1801       1800
1800       1799
1799       1798
1798       1797
1797       1796
1796       1795
1795       1794
1794       1791
1791       1790
1790       1788
1788       1787
1787       1786
1786       1785
1785       1784
1784       1783
1783       1782
1782       1781
1781       1780
1780       1779
1779       1778
1778       1776
1776       1775
1775       1774
1774       1772
1772       1771
1771       1770
1770       1769
1769       1768
1768       1767
1767       1766
1766       1765
1765       1764
1764       1763
1763       1762
1762       1760
1760       1759
1759       1758
1758       1757
1757       1756
1756       1754
1754       1753
1753       1752
1752       1751
1751       1750
1750       1749
1749       1748
1748       1747
1747       1745
1745       1744
1744       1743
1743       1742
1742       1741
1741       1740
1740       1739
1739       1738
1738       1737
1737       1735
1735       1734
1734       1733
1733       1731
1731       1730
1730       1729
1729       1728
1728       1727
1727       1726
1726       1725
1725       1724
1724       1723
1723       1722
1722       1721
1721       1720
1720       1718
1718       1715
1715       1714
1714       1713
1713       1712
1712       1711
1711       1710
1710       1709
1709       1708
1708       1707
1707       1706
1706       1705
1705       1704
1704       1702
1702       1701
1701       1700
1700       1699
1699       1697
1697       1696
1696       1695
1695       1694
1694       1693
1693       1692
1692       1691
1691       1690
1690       1688
1688       1687
1687       1686
1686       1685
1685       1684
1684       1683
1683       1682
1682       1680
1680       1679
1679       1678
1678       1677
1677       1675
1675       1674
1674       1673
1673       1672
1672       1671
1671       1670
1670       1669
1669       1668
1668       1666
1666       1665
1665       1664
1664       1662
1662       1660
1660       1659
1659       1658
1658       1657
1657       1656
1656       1655
1655       1654
1654       1653
1653       1652
1652       1651
1651       1649
1649       1648
1648       1647
1647       1646
1646       1645
1645       1643
1643       1642
1642       1641
1641       1640
1640       1638
1638       1637
1637       1636
1636       1635
1635       1634
1634       1633
1633       1632
1632       1631
1631       1630
1630       1629
1629       1626
1626       1624
1624       1623
1623       1622
1622       1621
1621       1620
1620       1619
1619       1618
1618       1617
1617       1616
1616       1615
1615       1613
1613       1612
1612       1611
1611       1610
1610       1608
1608       1607
1607       1606
1606       1605
1605       1604
1604       1603
1603       1601
1601       1600
1600       1599
1599       1598
1598       1597
1597       1596
1596       1595
1595       1593
1593       1590
1590       1589
1589       1588
1588       1587
1587       1586
1586       1585
1585       1584
1584       1583
1583       1582
1582       1581
1581       1579
1579       1578
1578       1577
1577       1576
1576       1575
1575       1573
1573       1572
1572       1571
1571       1569
1569       1568
1568       1567
1567       1566
1566       1565
1565       1564
1564       1562
1562       1561
1561       1560
1560       1559
1559       1557
1557       1556
1556       1554
1554       1553
1553       1552
1552       1551
1551       1550
1550       1549
1549       1548
1548       1547
1547       1545
1545       1544
1544       1543
1543       1542
1542       1541
1541       1540
1540       1539
1539       1538
1538       1537
1537       1535
1535       1534
1534       1531
1531       1530
1530       1529
1529       1528
1528       1527
1527       1526
1526       1525
1525       1524
1524       1522
1522       1521
1521       1520
1520       1519
1519       1518
1518       1517
1517       1516
1516       1514
1514       1511
1511       1510
1510       1509
1509       1508
1508       1507
1507       1506
1506       1505
1505       1504
1504       1502
1502       1501
1501       1500
1500       1499
1499       1498
1498       1497
1497       1496
1496       1494
1494       1493
1493       1491
1491       1490
1490       1488
1488       1487
1487       1486
1486       1485
1485       1483
1483       1482
1482       1480
1480       1479
1479       1478
1478       1477
1477       1475
1475       1474
1474       1473
1473       1471
1471       1470
1470       1468
1468       1467
1467       1466
1466       1465
1465       1464
1464       1463
1463       1462
1462       1460
1460       1458
1458       1456
1456       1455
1455       1450
1450       1449
1449       1446
1446       1445
1445       1442
1442       1441
1441       1439
1439       1440
1440       1443
1443       1444
1444       1447
1447       1448
1448       1451
1451       1452
1452       1453
1453       1454
1454       1457
1457       1459
1459       1461
1461       1469
1469       1472
1472       1476
1476       1481
1481       1484
1484       1489
1489       1492
1492       1495
1495       1503
1503       1512
1512       1513
1513       1515
1515       1523
1523       1532
1532       1533
1533       1536
1536       1546
1546       1555
1555       1558
1558       1563
1563       1570
1570       1574
1574       1580
1580       1591
1591       1592
1592       1594
1594       1602
1602       1609
1609       1614
1614       1625
1625       1627
1627       1628
1628       1639
1639       1644
1644       1650
1650       1661
1661       1663
1663       1667
1667       1676
1676       1681
1681       1689
1689       1698
1698       1703
1703       1716
1716       1717
1717       1719
1719       1732
1732       1736
1736       1746
1746       1755
1755       1761
1761       1773
1773       1777
1777       1789
1789       1792
1792       1793
1793       1808
1808       1811
1811       1825
1825       1832
1832       1842
1842       1850
1850       1858
1858       1867
1867       1874
1874       1884
1884       1890
1890       1900
1900       1906
1906       1916
1916       1921
1921       1930
1930       1935
1935       1943
1943       1949
1949       1956
1956       1962
1962       1966
1966       1972
1972       1976
1976       1983
1983       1986
1986       1990
1990       1994
1994       1995
1995       1999
1999       2003
2003       2007
2007       2012
2012       2013
2013       2014
2014       2018
2018       2021
2021       2023
2023       2026
2026       2027
2027       2029
2029       2031
2031       2034
2034       2035
2035       2037
2037       2039
2039       2042
2042       2043
2043       2045
2045       2047
2047       2050
2050       2051
2051       2053
2053       2055
2055       2059
2059       2061
2061       2063
2063       2065
2065       2069
2069       2072
2072       2077
2077       2079
2079       2080
2080       2085
2085       2090
2090       2093
2093       2098
2098       2103
2103       2107
2107       2113
2113       2122
2122       2125
2125       2126
2126       2137
2137       2147
2147       2151
2151       2159
2159       2165
2165       2171
2171       2181
2181       2193
2193       2197
2197       2208
2208       2215
2215       2219
2219       2233
2233       2241
2241       2252
2252       2264
2264       2272
2272       2286
2286       2290
2290       2309
2309       2310
2310       2313
2313       2329
2329       2331
2331       2348
2348       2351
2351       2365
2365       2371
2371       2385
2385       2388
2388       2405
2405       2406
2406       2410
2410       2421
2421       2424
2424       2435
2435       2441
2441       2450
2450       2460
2460       2465
2465       2477
2477       2480
2480       2488
2488       2494
2494       2496
2496       2509
2509       2514
2514       2522
2522       2532
2532       2537
2537       2546
2546       2550
2550       2553
2553       2560
2560       2572
2572       2573
2573       2575
2575       2585
2585       2594
2594       2595
2595       2598
2598       2606
2606       2609
2609       2614
2614       2622
2622       2624
2624       2630
2630       2631
2631       2632
2632       2633
2633       2634
2634       2637
2637       2638
2638       2639
2639       2641
2641       2643
2643       2644
2644       2647
2647       2650
2650       2649
2649       2648
2648       2646
2646       2645
2645       2642
2642       2640
2640       2636
2636       2635
2635       2629
2629       2628
2628       2627
2627       2626
2626       2625
2625       2623
2623       2621
2621       2620
2620       2619
2619       2618
2618       2617
2617       2616
2616       2615
2615       2613
2613       2612
2612       2611
2611       2610
2610       2608
2608       2607
2607       2605
2605       2604
2604       2603
2603       2602
2602       2601
2601       2600
2600       2599
2599       2597
2597       2596
2596       2593
2593       2592
2592       2591
2591       2590
2590       2589
2589       2588
2588       2587
2587       2586
2586       2584
2584       2583
2583       2582
2582       2581
2581       2580
2580       2579
2579       2578
2578       2577
2577       2576
2576       2574
2574       2571
2571       2570
2570       2569
2569       2568
2568       2567
2567       2566
2566       2565
2565       2564
2564       2563
2563       2562
2562       2561
2561       2559
2559       2558
2558       2557
2557       2556
2556       2555
2555       2554
2554       2552
2552       2551
2551       2549
2549       2548
2548       2547
2547       2545
2545       2544
2544       2543
2543       2542
2542       2541
2541       2540
2540       2539
2539       2538
2538       2536
2536       2535
2535       2534
2534       2533
2533       2531
2531       2530
2530       2529
2529       2528
2528       2527
2527       2526
2526       2525
2525       2524
2524       2523
2523       2521
2521       2520
2520       2519
2519       2518
2518       2517
2517       2516
2516       2515
2515       2513
2513       2512
2512       2511
2511       2510
2510       2508
2508       2507
2507       2506
2506       2505
2505       2504
2504       2503
2503       2502
2502       2501
2501       2500
2500       2499
2499       2498
2498       2497
2497       2495
2495       2493
2493       2492
2492       2491
2491       2490
2490       2489
2489       2487
2487       2486
2486       2485
2485       2484
2484       2483
2483       2482
2482       2481
2481       2479
2479       2478
2478       2476
2476       2475
2475       2474
2474       2473
2473       2472
2472       2471
2471       2470
2470       2469
2469       2468
2468       2467
2467       2466
2466       2464
2464       2463
2463       2462
2462       2461
2461       2459
2459       2458
2458       2457
2457       2456
2456       2455
2455       2454
2454       2453
2453       2452
2452       2451
2451       2449
2449       2448
2448       2447
2447       2446
2446       2445
2445       2444
2444       2443
2443       2442
2442       2440
2440       2439
2439       2438
2438       2437
2437       2436
2436       2434
2434       2433
2433       2432
2432       2431
2431       2430
2430       2429
2429       2428
2428       2427
2427       2426
2426       2425
2425       2423
2423       2422
2422       2420
2420       2419
2419       2418
2418       2417
2417       2416
2416       2415
2415       2414
2414       2413
2413       2412
2412       2411
2411       2409
2409       2408
2408       2407
2407       2404
2404       2403
2403       2402
2402       2401
2401       2400
2400       2399
2399       2398
2398       2397
2397       2396
2396       2395
2395       2394
2394       2393
2393       2392
2392       2391
2391       2390
2390       2389
2389       2387
2387       2386
2386       2384
2384       2383
2383       2382
2382       2381
2381       2380
2380       2379
2379       2378
2378       2377
2377       2376
2376       2375
2375       2374
2374       2373
2373       2372
2372       2370
2370       2369
2369       2368
2368       2367
2367       2366
2366       2364
2364       2363
2363       2362
2362       2361
2361       2360
2360       2359
2359       2358
2358       2357
2357       2356
2356       2355
2355       2354
2354       2353
2353       2352
2352       2350
2350       2349
2349       2347
2347       2346
2346       2345
2345       2344
2344       2343
2343       2342
2342       2341
2341       2340
2340       2339
2339       2338
2338       2337
2337       2336
2336       2335
2335       2334
2334       2333
2333       2332
2332       2330
2330       2328
2328       2327
2327       2326
2326       2325
2325       2324
2324       2323
2323       2322
2322       2321
2321       2320
2320       2319
2319       2318
2318       2317
2317       2316
2316       2315
2315       2314
2314       2312
2312       2311
2311       2308
2308       2307
2307       2306
2306       2305
2305       2304
2304       2303
2303       2302
2302       2301
2301       2300
2300       2299
2299       2298
2298       2297
2297       2296
2296       2295
2295       2294
2294       2293
2293       2292
2292       2291
2291       2289
2289       2288
2288       2287
2287       2285
2285       2284
2284       2283
2283       2282
2282       2281
2281       2280
2280       2279
2279       2278
2278       2277
2277       2276
2276       2275
2275       2274
2274       2273
2273       2271
2271       2270
2270       2269
2269       2268
2268       2267
2267       2266
2266       2265
2265       2263
2263       2262
2262       2261
2261       2260
2260       2259
2259       2258
2258       2257
2257       2256
2256       2255
2255       2254
2254       2253
2253       2251
2251       2250
2250       2249
2249       2248
2248       2247
2247       2246
2246       2245
2245       2244
2244       2243
2243       2242
2242       2240
2240       2239
2239       2238
2238       2237
2237       2236
2236       2235
2235       2234
2234       2232
2232       2231
2231       2230
2230       2229
2229       2228
2228       2227
2227       2226
2226       2225
2225       2224
2224       2223
2223       2222
2222       2221
2221       2220
2220       2218
2218       2217
2217       2216
2216       2214
2214       2213
2213       2212
2212       2211
2211       2210
2210       2209
2209       2207
2207       2206
2206       2205
2205       2204
2204       2203
2203       2202
2202       2201
2201       2200
2200       2199
2199       2198
2198       2196
2196       2195
2195       2194
2194       2192
2192       2191
2191       2190
2190       2189
2189       2188
2188       2187
2187       2186
2186       2185
2185       2184
2184       2183
2183       2182
2182       2180
2180       2179
2179       2178
2178       2177
2177       2176
2176       2175
2175       2174
2174       2173
2173       2172
2172       2170
2170       2169
2169       2168
2168       2167
2167       2166
2166       2164
2164       2163
2163       2162
2162       2161
2161       2160
2160       2158
2158       2157
2157       2156
2156       2155
2155       2154
2154       2153
2153       2152
2152       2150
2150       2149
2149       2148
2148       2146
2146       2145
2145       2144
2144       2143
2143       2142
2142       2141
2141       2140
2140       2139
2139       2138
2138       2136
2136       2135
2135       2134
2134       2133
2133       2132
2132       2131
2131       2130
2130       2129
2129       2128
2128       2127
2127       2124
2124       2123
2123       2121
2121       2120
2120       2119
2119       2118
2118       2117
2117       2116
2116       2115
2115       2114
2114       2112
2112       2111
2111       2110
2110       2109
2109       2108
2108       2106
2106       2105
2105       2104
2104       2102
2102       2101
2101       2100
2100       2099
2099       2097
2097       2096
2096       2095
2095       2094
2094       2092
2092       2091
2091       2089
2089       2088
2088       2087
2087       2086
2086       2084
2084       2083
2083       2082
2082       2081
2081       2078
2078       2076
2076       2075
2075       2074
2074       2073
2073       2071
2071       2070
2070       2068
2068       2067
2067       2066
2066       2064
2064       2062
2062       2060
2060       2058
2058       2057
2057       2056
2056       2054
2054       2052
2052       2049
2049       2048
2048       2046
2046       2044
2044       2041
2041       2040
2040       2038
2038       2036
2036       2033
2033       2032
2032       2030
2030       2028
2028       2025
2025       2024
2024       2022
2022       2020
2020       2019
2019       2017
2017       2016
2016       2015
2015       2011
2011       2010
2010       2009
2009       2008
2965       2963
2963       2961
2961       2960
2960       2959
2959       2958
2958       2956
2956       2955
2955       2953
2953       2952
2952       2951
2951       2949
2949       2948
2948       2947
2947       2945
2945       2943
2943       2942
2942       2941
2941       2940
2940       2939
2939       2938
2938       2934
2934       2933
2933       2932
2932       2931
2931       2930
2930       2928
2928       2926
2926       2925
2925       2924
2924       2923
2923       2921
2921       2920
2920       2919
2919       2917
2917       2916
2916       2915
2915       2914
2914       2912
2912       2911
2911       2909
2909       2908
2908       2907
2907       2906
2906       2904
2904       2903
2903       2902
2902       2900
2900       2899
2899       2898
2898       2897
2897       2895
2895       2894
2894       2893
2893       2891
2891       2890
2890       2889
2889       2887
2887       2886
2886       2885
2885       2883
2883       2882
2882       2881
2881       2879
2879       2878
2878       2877
2877       2876
2876       2874
2874       2873
2873       2872
2872       2870
2870       2869
2869       2868
2868       2867
2867       2865
2865       2864
2864       2863
2863       2861
2861       2860
2860       2859
2859       2857
2857       2856
2856       2855
2855       2853
2853       2852
2852       2851
2851       2850
2850       2848
2848       2847
2847       2846
2846       2845
2845       2843
2843       2842
2842       2841
2841       2839
2839       2838
2838       2837
2837       2835
2835       2834
2834       2833
2833       2831
2831       2830
2830       2829
2829       2828
2828       2827
2827       2825
2825       2824
2824       2822
2822       2821
2821       2820
2820       2819
2819       2818
2818       2817
2817       2816
2816       2813
2813       2812
2812       2810
2810       2809
2809       2808
2808       2807
2807       2805
2805       2803
2803       2802
2802       2801
2801       2800
2800       2799
2799       2798
2798       2797
2797       2795
2795       2793
2793       2792
2792       2791
2791       2790
2790       2789
2789       2788
2788       2787
2787       2785
2785       2784
2784       2782
2782       2781
2781       2780
2780       2779
2779       2778
2778       2776
2776       2775
2775       2774
2774       2772
2772       2771
2771       2770
2770       2769
2769       2768
2768       2766
2766       2765
2765       2764
2764       2763
2763       2762
2762       2760
2760       2759
2759       2757
2757       2756
2756       2755
2755       2754
2754       2753
2753       2752
2752       2751
2751       2750
2750       2747
2747       2746
2746       2745
2745       2743
2743       2742
2742       2741
2741       2740
2740       2739
2739       2737
2737       2736
2736       2734
2734       2733
2733       2732
2732       2731
2731       2730
2730       2729
2729       2727
2727       2726
2726       2725
2725       2724
2724       2723
2723       2721
2721       2720
2720       2718
2718       2717
2717       2716
2716       2714
2714       2713
2713       2712
2712       2710
2710       2709
2709       2708
2708       2707
2707       2705
2705       2703
2703       2701
2701       2700
2700       2699
2699       2698
2698       2697
2697       2695
2695       2694
2694       2693
2693       2691
2691       2689
2689       2688
2688       2686
2686       2685
2685       2684
2684       2681
2681       2680
2680       2679
2679       2678
2678       2676
2676       2675
2675       2673
2673       2672
2672       2670
2670       2669
2669       2667
2667       2666
2666       2665
2665       2663
2663       2662
2662       2659
2659       2658
2658       2657
2657       2656
2656       2653
2653       2652
2652       2651
2651       2654
2654       2655
2655       2660
2660       2661
2661       2664
2664       2668
2668       2671
2671       2674
2674       2677
2677       2682
2682       2683
2683       2687
2687       2690
2690       2692
2692       2696
2696       2702
2702       2704
2704       2706
2706       2711
2711       2715
2715       2719
2719       2722
2722       2728
2728       2735
2735       2738
2738       2744
2744       2748
2748       2749
2749       2758
2758       2761
2761       2767
2767       2773
2773       2777
2777       2783
2783       2786
2786       2794
2794       2796
2796       2804
2804       2806
2806       2811
2811       2814
2814       2815
2815       2823
2823       2826
2826       2832
2832       2836
2836       2840
2840       2844
2844       2849
2849       2854
2854       2858
2858       2862
2862       2866
2866       2871
2871       2875
2875       2880
2880       2884
2884       2888
2888       2892
2892       2896
2896       2901
2901       2905
2905       2910
2910       2913
2913       2918
2918       2922
2922       2927
2927       2929
2929       2935
2935       2936
2936       2937
2937       2944
2944       2946
2946       2950
2950       2954
2954       2957
2957       2962
2962       2964
2964       2966
2966       2970
2970       2972
2972       2976
2976       2980
2980       2982
2982       2983
2983       2986
2986       2989
2989       2991
2991       2992
2992       2995
2995       2996
2996       2998
2998       3000
3000       3001
3001       3003
3003       3005
3005       3007
3007       3008
3008       3011
3011       3012
3012       3015
3015       3017
3017       3020
3020       3022
3022       3024
3024       3027
3027       3031
3031       3033
3033       3034
3034       3039
3039       3042
3042       3045
3045       3047
3047       3052
3052       3056
3056       3059
3059       3062
3062       3067
3067       3070
3070       3075
3075       3081
3081       3083
3083       3086
3086       3092
3092       3100
3100       3101
3101       3102
3102       3109
3109       3116
3116       3119
3119       3125
3125       3129
3129       3131
3131       3137
3137       3143
3143       3147
3147       3154
3154       3157
3157       3159
3159       3166
3166       3169
3169       3176
3176       3185
3185       3186
3186       3189
3189       3196
3196       3199
3199       3206
3206       3211
3211       3218
3218       3222
3222       3229
3229       3233
3233       3240
3240       3245
3245       3252
3252       3257
3257       3265
3265       3270
3270       3278
3278       3282
3282       3291
3291       3294
3294       3298
3298       3304
3304       3308
3308       3314
3314       3321
3321       3323
3323       3326
3326       3331
3331       3334
3334       3338
3338       3344
3344       3345
3345       3350
3350       3351
3351       3352
3352       3353
3353       3356
3356       3358
3358       3359
3359       3361
3361       3364
3364       3363
3363       3362
3362       3360
3360       3357
3357       3355
3355       3354
3354       3349
3349       3348
3348       3347
3347       3346
3346       3343
3343       3342
3342       3341
3341       3340
3340       3339
3339       3337
3337       3336
3336       3335
3335       3333
3333       3332
3332       3330
3330       3329
3329       3328
3328       3327
3327       3325
3325       3324
3324       3322
3322       3320
3320       3319
3319       3318
3318       3317
3317       3316
3316       3315
3315       3313
3313       3312
3312       3311
3311       3310
3310       3309
3309       3307
3307       3306
3306       3305
3305       3303
3303       3302
3302       3301
3301       3300
3300       3299
3299       3297
3297       3296
3296       3295
3295       3293
3293       3292
3292       3290
3290       3289
3289       3288
3288       3287
3287       3286
3286       3285
3285       3284
3284       3283
3283       3281
3281       3280
3280       3279
3279       3277
3277       3276
3276       3275
3275       3274
3274       3273
3273       3272
3272       3271
3271       3269
3269       3268
3268       3267
3267       3266
3266       3264
3264       3263
3263       3262
3262       3261
3261       3260
3260       3259
3259       3258
3258       3256
3256       3255
3255       3254
3254       3253
3253       3251
3251       3250
3250       3249
3249       3248
3248       3247
3247       3246
3246       3244
3244       3243
3243       3242
3242       3241
3241       3239
3239       3238
3238       3237
3237       3236
3236       3235
3235       3234
3234       3232
3232       3231
3231       3230
3230       3228
3228       3227
3227       3226
3226       3225
3225       3224
3224       3223
3223       3221
3221       3220
3220       3219
3219       3217
3217       3216
3216       3215
3215       3214
3214       3213
3213       3212
3212       3210
3210       3209
3209       3208
3208       3207
3207       3205
3205       3204
3204       3203
3203       3202
3202       3201
3201       3200
3200       3198
3198       3197
3197       3195
3195       3194
3194       3193
3193       3192
3192       3191
3191       3190
3190       3188
3188       3187
3187       3184
3184       3183
3183       3182
3182       3181
3181       3180
3180       3179
3179       3178
3178       3177
3177       3175
3175       3174
3174       3173
3173       3172
3172       3171
3171       3170
3170       3168
3168       3167
3167       3165
3165       3164
3164       3163
3163       3162
3162       3161
3161       3160
3160       3158
3158       3156
3156       3155
3155       3153
3153       3152
3152       3151
3151       3150
3150       3149
3149       3148
3148       3146
3146       3145
3145       3144
3144       3142
3142       3141
3141       3140
3140       3139
3139       3138
3138       3136
3136       3135
3135       3134
3134       3133
3133       3132
3132       3130
3130       3128
3128       3127
3127       3126
3126       3124
3124       3123
3123       3122
3122       3121
3121       3120
3120       3118
3118       3117
3117       3115
3115       3114
3114       3113
3113       3112
3112       3111
3111       3110
3110       3108
3108       3107
3107       3106
3106       3105
3105       3104
3104       3103
3103       3099
3099       3098
3098       3097
3097       3096
3096       3095
3095       3094
3094       3093
3093       3091
3091       3090
3090       3089
3089       3088
3088       3087
3087       3085
3085       3084
3084       3082
3082       3080
3080       3079
3079       3078
3078       3077
3077       3076
3076       3074
3074       3073
3073       3072
3072       3071
3071       3069
3069       3068
3068       3066
3066       3065
3065       3064
3064       3063
3063       3061
3061       3060
3060       3058
3058       3057
3057       3055
3055       3054
3054       3053
3053       3051
3051       3050
3050       3049
3049       3048
3048       3046
3046       3044
3044       3043
3043       3041
3041       3040
3040       3038
3038       3037
3037       3036
3036       3035
3035       3032
3032       3030
3030       3029
3029       3028
3028       3026
3026       3025
3025       3023
3023       3021
3021       3019
3019       3018
3018       3016
3016       3014
3014       3013
3013       3010
3010       3009
3009       3006
3006       3004
3004       3002
3002       2999
2999       2997
2997       2994
2994       2993
2993       2990
2990       2988
2988       2987
2987       2985
2985       2984
2984       2981
2981       2979
2979       2978
2978       2977
2977       2975
2975       2974
2974       2973
2973       2971
2971       2969
2969       2968
2968       2967
2967       2965
3597       3595
3595       3592
3592       3591
3591       3589
3589       3588
3588       3584
3584       3583
3583       3582
3582       3581
3581       3579
3579       3577
3577       3575
3575       3574
3574       3573
3573       3571
3571       3569
3569       3568
3568       3567
3567       3564
3564       3563
3563       3562
3562       3560
3560       3558
3558       3557
3557       3555
3555       3552
3552       3551
3551       3550
3550       3549
3549       3547
3547       3546
3546       3544
3544       3543
3543       3542
3542       3540
3540       3539
3539       3538
3538       3536
3536       3534
3534       3533
3533       3532
3532       3531
3531       3530
3530       3527
3527       3526
3526       3524
3524       3523
3523       3520
3520       3519
3519       3518
3518       3517
3517       3516
3516       3514
3514       3513
3513       3511
3511       3510
3510       3509
3509       3507
3507       3506
3506       3504
3504       3503
3503       3502
3502       3500
3500       3499
3499       3497
3497       3496
3496       3495
3495       3493
3493       3492
3492       3491
3491       3489
3489       3488
3488       3487
3487       3485
3485       3484
3484       3483
3483       3481
3481       3480
3480       3479
3479       3477
3477       3476
3476       3475
3475       3473
3473       3472
3472       3471
3471       3470
3470       3468
3468       3467
3467       3466
3466       3464
3464       3463
3463       3462
3462       3460
3460       3459
3459       3458
3458       3456
3456       3455
3455       3454
3454       3453
3453       3452
3452       3450
3450       3448
3448       3447
3447       3446
3446       3445
3445       3444
3444       3443
3443       3439
3439       3438
3438       3437
3437       3436
3436       3434
3434       3433
3433       3432
3432       3431
3431       3429
3429       3428
3428       3427
3427       3425
3425       3424
3424       3423
3423       3422
3422       3421
3421       3419
3419       3416
3416       3415
3415       3414
3414       3413
3413       3412
3412       3410
3410       3409
3409       3408
3408       3407
3407       3405
3405       3403
3403       3401
3401       3400
3400       3398
3398       3397
3397       3395
3395       3394
3394       3392
3392       3391
3391       3390
3390       3388
3388       3386
3386       3384
3384       3383
3383       3382
3382       3380
3380       3378
3378       3377
3377       3376
3376       3374
3374       3373
3373       3371
3371       3370
3370       3368
3368       3366
3366       3365
3365       3367
3367       3369
3369       3372
3372       3375
3375       3379
3379       3381
3381       3385
3385       3387
3387       3389
3389       3393
3393       3396
3396       3399
3399       3402
3402       3404
3404       3406
3406       3411
3411       3417
3417       3418
3418       3420
3420       3426
3426       3430
3430       3435
3435       3440
3440       3441
3441       3442
3442       3449
3449       3451
3451       3457
3457       3461
3461       3465
3465       3469
3469       3474
3474       3478
3478       3482
3482       3486
3486       3490
3490       3494
3494       3498
3498       3501
3501       3505
3505       3508
3508       3512
3512       3515
3515       3521
3521       3522
3522       3525
3525       3528
3528       3529
3529       3535
3535       3537
3537       3541
3541       3545
3545       3548
3548       3553
3553       3554
3554       3556
3556       3559
3559       3561
3561       3565
3565       3566
3566       3570
3570       3572
3572       3576
3576       3578
3578       3580
3580       3585
3585       3586
3586       3587
3587       3590
3590       3593
3593       3594
3594       3596
3596       3599
3599       3600
3600       3603
3603       3604
3604       3607
3607       3608
3608       3610
3610       3612
3612       3614
3614       3616
3616       3617
3617       3619
3619       3621
3621       3623
3623       3625
3625       3627
3627       3628
3628       3631
3631       3632
3632       3635
3635       3636
3636       3638
3638       3640
3640       3643
3643       3645
3645       3646
3646       3649
3649       3653
3653       3654
3654       3656
3656       3660
3660       3662
3662       3666
3666       3668
3668       3671
3671       3674
3674       3678
3678       3681
3681       3684
3684       3686
3686       3691
3691       3696
3696       3697
3697       3698
3698       3704
3704       3709
3709       3711
3711       3715
3715       3719
3719       3724
3724       3727
3727       3729
3729       3734
3734       3740
3740       3742
3742       3745
3745       3750
3750       3753
3753       3758
3758       3764
3764       3766
3766       3774
3774       3775
3775       3777
3777       3784
3784       3785
3785       3794
3794       3795
3795       3804
3804       3806
3806       3814
3814       3818
3818       3825
3825       3827
3827       3828
3828       3834
3834       3840
3840       3843
3843       3845
3845       3850
3850       3856
3856       3858
3858       3859
3859       3864
3864       3867
3867       3871
3871       3874
3874       3878
3878       3881
3881       3879
3879       3882
3882       3880
3880       3877
3877       3876
3876       3875
3875       3873
3873       3872
3872       3870
3870       3869
3869       3868
3868       3866
3866       3865
3865       3863
3863       3862
3862       3861
3861       3860
3860       3857
3857       3855
3855       3854
3854       3853
3853       3852
3852       3851
3851       3849
3849       3848
3848       3847
3847       3846
3846       3844
3844       3842
3842       3841
3841       3839
3839       3838
3838       3837
3837       3836
3836       3835
3835       3833
3833       3832
3832       3831
3831       3830
3830       3829
3829       3826
3826       3824
3824       3823
3823       3822
3822       3821
3821       3820
3820       3819
3819       3817
3817       3816
3816       3815
3815       3813
3813       3812
3812       3811
3811       3810
3810       3809
3809       3808
3808       3807
3807       3805
3805       3803
3803       3802
3802       3801
3801       3800
3800       3799
3799       3798
3798       3797
3797       3796
3796       3793
3793       3792
3792       3791
3791       3790
3790       3789
3789       3788
3788       3787
3787       3786
3786       3783
3783       3782
3782       3781
3781       3780
3780       3779
3779       3778
3778       3776
3776       3773
3773       3772
3772       3771
3771       3770
3770       3769
3769       3768
3768       3767
3767       3765
3765       3763
3763       3762
3762       3761
3761       3760
3760       3759
3759       3757
3757       3756
3756       3755
3755       3754
3754       3752
3752       3751
3751       3749
3749       3748
3748       3747
3747       3746
3746       3744
3744       3743
3743       3741
3741       3739
3739       3738
3738       3737
3737       3736
3736       3735
3735       3733
3733       3732
3732       3731
3731       3730
3730       3728
3728       3726
3726       3725
3725       3723
3723       3722
3722       3721
3721       3720
3720       3718
3718       3717
3717       3716
3716       3714
3714       3713
3713       3712
3712       3710
3710       3708
3708       3707
3707       3706
3706       3705
3705       3703
3703       3702
3702       3701
3701       3700
3700       3699
3699       3695
3695       3694
3694       3693
3693       3692
3692       3690
3690       3689
3689       3688
3688       3687
3687       3685
3685       3683
3683       3682
3682       3680
3680       3679
3679       3677
3677       3676
3676       3675
3675       3673
3673       3672
3672       3670
3670       3669
3669       3667
3667       3665
3665       3664
3664       3663
3663       3661
3661       3659
3659       3658
3658       3657
3657       3655
3655       3652
3652       3651
3651       3650
3650       3648
3648       3647
3647       3644
3644       3642
3642       3641
3641       3639
3639       3637
3637       3634
3634       3633
3633       3630
3630       3629
3629       3626
3626       3624
3624       3622
3622       3620
3620       3618
3618       3615
3615       3613
3613       3611
3611       3609
3609       3606
3606       3605
3605       3602
3602       3601
3601       3598
3598       3597
4071       4069
4069       4067
4067       4064
4064       4062
4062       4060
4060       4059
4059       4058
4058       4054
4054       4053
4053       4051
4051       4050
4050       4047
4047       4046
4046       4044
4044       4041
4041       4040
4040       4039
4039       4036
4036       4035
4035       4033
4033       4032
4032       4031
4031       4029
4029       4027
4027       4026
4026       4024
4024       4022
4022       4021
4021       4020
4020       4017
4017       4016
4016       4014
4014       4013
4013       4010
4010       4009
4009       4008
4008       4007
4007       4005
4005       4004
4004       4002
4002       4001
4001       3999
3999       3998
3998       3997
3997       3995
3995       3993
3993       3992
3992       3991
3991       3989
3989       3987
3987       3986
3986       3985
3985       3984
3984       3981
3981       3980
3980       3979
3979       3978
3978       3977
3977       3976
3976       3973
3973       3971
3971       3970
3970       3969
3969       3968
3968       3965
3965       3964
3964       3963
3963       3961
3961       3960
3960       3959
3959       3956
3956       3955
3955       3954
3954       3952
3952       3951
3951       3950
3950       3948
3948       3947
3947       3946
3946       3944
3944       3943
3943       3942
3942       3940
3940       3939
3939       3938
3938       3936
3936       3935
3935       3934
3934       3932
3932       3931
3931       3929
3929       3928
3928       3926
3926       3924
3924       3923
3923       3922
3922       3920
3920       3919
3919       3918
3918       3916
3916       3915
3915       3913
3913       3912
3912       3910
3910       3909
3909       3908
3908       3907
3907       3903
3903       3902
3902       3901
3901       3900
3900       3898
3898       3897
3897       3895
3895       3893
3893       3891
3891       3889
3889       3886
3886       3885
3885       3883
3883       3884
3884       3887
3887       3888
3888       3890
3890       3892
3892       3894
3894       3896
3896       3899
3899       3904
3904       3905
3905       3906
3906       3911
3911       3914
3914       3917
3917       3921
3921       3925
3925       3927
3927       3930
3930       3933
3933       3937
3937       3941
3941       3945
3945       3949
3949       3953
3953       3957
3957       3958
3958       3962
3962       3966
3966       3967
3967       3972
3972       3974
3974       3975
3975       3982
3982       3983
3983       3988
3988       3990
3990       3994
3994       3996
3996       4000
4000       4003
4003       4006
4006       4011
4011       4012
4012       4015
4015       4018
4018       4019
4019       4023
4023       4025
4025       4028
4028       4030
4030       4034
4034       4037
4037       4038
4038       4042
4042       4043
4043       4045
4045       4048
4048       4049
4049       4052
4052       4055
4055       4056
4056       4057
4057       4061
4061       4063
4063       4065
4065       4066
4066       4068
4068       4070
4070       4072
4072       4073
4073       4076
4076       4077
4077       4080
4080       4082
4082       4083
4083       4085
4085       4087
4087       4090
4090       4091
4091       4093
4093       4095
4095       4097
4097       4099
4099       4101
4101       4102
4102       4105
4105       4106
4106       4108
4108       4110
4110       4113
4113       4115
4115       4116
4116       4120
4120       4122
4122       4124
4124       4126
4126       4130
4130       4132
4132       4135
4135       4138
4138       4141
4141       4142
4142       4147
4147       4149
4149       4153
4153       4158
4158       4159
4159       4160
4160       4165
4165       4169
4169       4171
4171       4175
4175       4179
4179       4184
4184       4185
4185       4187
4187       4192
4192       4196
4196       4199
4199       4204
4204       4208
4208       4212
4212       4216
4216       4217
4217       4224
4224       4227
4227       4232
4232       4236
4236       4242
4242       4246
4246       4252
4252       4254
4254       4257
4257       4260
4260       4266
4266       4267
4267       4269
4269       4273
4273       4276
4276       4278
4278       4283
4283       4284
4284       4290
4290       4293
4293       4294
4294       4296
4296       4295
4295       4292
4292       4291
4291       4289
4289       4288
4288       4287
4287       4286
4286       4285
4285       4282
4282       4281
4281       4280
4280       4279
4279       4277
4277       4275
4275       4274
4274       4272
4272       4271
4271       4270
4270       4268
4268       4265
4265       4264
4264       4263
4263       4262
4262       4261
4261       4259
4259       4258
4258       4256
4256       4255
4255       4253
4253       4251
4251       4250
4250       4249
4249       4248
4248       4247
4247       4245
4245       4244
4244       4243
4243       4241
4241       4240
4240       4239
4239       4238
4238       4237
4237       4235
4235       4234
4234       4233
4233       4231
4231       4230
4230       4229
4229       4228
4228       4226
4226       4225
4225       4223
4223       4222
4222       4221
4221       4220
4220       4219
4219       4218
4218       4215
4215       4214
4214       4213
4213       4211
4211       4210
4210       4209
4209       4207
4207       4206
4206       4205
4205       4203
4203       4202
4202       4201
4201       4200
4200       4198
4198       4197
4197       4195
4195       4194
4194       4193
4193       4191
4191       4190
4190       4189
4189       4188
4188       4186
4186       4183
4183       4182
4182       4181
4181       4180
4180       4178
4178       4177
4177       4176
4176       4174
4174       4173
4173       4172
4172       4170
4170       4168
4168       4167
4167       4166
4166       4164
4164       4163
4163       4162
4162       4161
4161       4157
4157       4156
4156       4155
4155       4154
4154       4152
4152       4151
4151       4150
4150       4148
4148       4146
4146       4145
4145       4144
4144       4143
4143       4140
4140       4139
4139       4137
4137       4136
4136       4134
4134       4133
4133       4131
4131       4129
4129       4128
4128       4127
4127       4125
4125       4123
4123       4121
4121       4119
4119       4118
4118       4117
4117       4114
4114       4112
4112       4111
4111       4109
4109       4107
4107       4104
4104       4103
4103       4100
4100       4098
4098       4096
4096       4094
4094       4092
4092       4089
4089       4088
4088       4086
4086       4084
4084       4081
4081       4079
4079       4078
4078       4075
4075       4074
4074       4071
4427       4425
4425       4424
4424       4423
4423       4419
4419       4418
4418       4416
4416       4414
4414       4413
4413       4410
4410       4409
4409       4408
4408       4406
4406       4405
4405       4403
4403       4401
4401       4400
4400       4398
4398       4396
4396       4395
4395       4394
4394       4390
4390       4389
4389       4388
4388       4387
4387       4384
4384       4383
4383       4382
4382       4381
4381       4379
4379       4377
4377       4376
4376       4375
4375       4373
4373       4371
4371       4370
4370       4369
4369       4367
4367       4366
4366       4365
4365       4363
4363       4361
4361       4360
4360       4359
4359       4357
4357       4355
4355       4354
4354       4353
4353       4351
4351       4350
4350       4349
4349       4347
4347       4346
4346       4344
4344       4343
4343       4342
4342       4341
4341       4340
4340       4336
4336       4335
4335       4334
4334       4332
4332       4331
4331       4330
4330       4328
4328       4327
4327       4325
4325       4324
4324       4323
4323       4320
4320       4319
4319       4318
4318       4316
4316       4315
4315       4312
4312       4311
4311       4309
4309       4307
4307       4305
4305       4303
4303       4301
4301       4298
4298       4297
4297       4299
4299       4300
4300       4302
4302       4304
4304       4306
4306       4308
4308       4310
4310       4313
4313       4314
4314       4317
4317       4321
4321       4322
4322       4326
4326       4329
4329       4333
4333       4337
4337       4338
4338       4339
4339       4345
4345       4348
4348       4352
4352       4356
4356       4358
4358       4362
4362       4364
4364       4368
4368       4372
4372       4374
4374       4378
4378       4380
4380       4385
4385       4386
4386       4391
4391       4392
4392       4393
4393       4397
4397       4399
4399       4402
4402       4404
4404       4407
4407       4411
4411       4412
4412       4415
4415       4417
4417       4420
4420       4421
4421       4422
4422       4426
4426       4429
4429       4430
4430       4432
4432       4434
4434       4435
4435       4438
4438       4440
4440       4442
4442       4444
4444       4447
4447       4448
4448       4450
4450       4451
4451       4454
4454       4455
4455       4457
4457       4460
4460       4461
4461       4464
4464       4465
4465       4467
4467       4468
4468       4471
4471       4472
4472       4473
4473       4476
4476       4481
4481       4482
4482       4483
4483       4486
4486       4489
4489       4490
4490       4492
4492       4494
4494       4496
4496       4499
4499       4500
4500       4504
4504       4508
4508       4509
4509       4510
4510       4515
4515       4519
4519       4520
4520       4522
4522       4526
4526       4530
4530       4532
4532       4535
4535       4539
4539       4543
4543       4545
4545       4547
4547       4551
4551       4556
4556       4559
4559       4564
4564       4566
4566       4569
4569       4574
4574       4575
4575       4582
4582       4584
4584       4589
4589       4593
4593       4595
4595       4598
4598       4601
4601       4605
4605       4606
4606       4609
4609       4613
4613       4615
4615       4619
4619       4620
4620       4621
4621       4625
4625       4627
4627       4630
4630       4629
4629       4628
4628       4626
4626       4624
4624       4623
4623       4622
4622       4618
4618       4617
4617       4616
4616       4614
4614       4612
4612       4611
4611       4610
4610       4608
4608       4607
4607       4604
4604       4603
4603       4602
4602       4600
4600       4599
4599       4597
4597       4596
4596       4594
4594       4592
4592       4591
4591       4590
4590       4588
4588       4587
4587       4586
4586       4585
4585       4583
4583       4581
4581       4580
4580       4579
4579       4578
4578       4577
4577       4576
4576       4573
4573       4572
4572       4571
4571       4570
4570       4568
4568       4567
4567       4565
4565       4563
4563       4562
4562       4561
4561       4560
4560       4558
4558       4557
4557       4555
4555       4554
4554       4553
4553       4552
4552       4550
4550       4549
4549       4548
4548       4546
4546       4544
4544       4542
4542       4541
4541       4540
4540       4538
4538       4537
4537       4536
4536       4534
4534       4533
4533       4531
4531       4529
4529       4528
4528       4527
4527       4525
4525       4524
4524       4523
4523       4521
4521       4518
4518       4517
4517       4516
4516       4514
4514       4513
4513       4512
4512       4511
4511       4507
4507       4506
4506       4505
4505       4503
4503       4502
4502       4501
4501       4498
4498       4497
4497       4495
4495       4493
4493       4491
4491       4488
4488       4487
4487       4485
4485       4484
4484       4480
4480       4479
4479       4478
4478       4477
4477       4475
4475       4474
4474       4470
4470       4469
4469       4466
4466       4463
4463       4462
4462       4459
4459       4458
4458       4456
4456       4453
4453       4452
4452       4449
4449       4446
4446       4445
4445       4443
4443       4441
4441       4439
4439       4437
4437       4436
4436       4433
4433       4431
4431       4428
4428       4427
4732       4730
4730       4729
4729       4726
4726       4724
4724       4723
4723       4720
4720       4719
4719       4718
4718       4716
4716       4714
4714       4712
4712       4711
4711       4709
4709       4707
4707       4706
4706       4705
4705       4702
4702       4701
4701       4700
4700       4697
4697       4696
4696       4695
4695       4694
4694       4690
4690       4689
4689       4688
4688       4687
4687       4684
4684       4683
4683       4682
4682       4681
4681       4679
4679       4677
4677       4675
4675       4674
4674       4671
4671       4670
4670       4669
4669       4667
4667       4666
4666       4665
4665       4663
4663       4660
4660       4659
4659       4657
4657       4656
4656       4655
4655       4654
4654       4651
4651       4649
4649       4648
4648       4646
4646       4645
4645       4643
4643       4641
4641       4640
4640       4638
4638       4637
4637       4634
4634       4633
4633       4631
4631       4632
4632       4635
4635       4636
4636       4639
4639       4642
4642       4644
4644       4647
4647       4650
4650       4652
4652       4653
4653       4658
4658       4661
4661       4662
4662       4664
4664       4668
4668       4672
4672       4673
4673       4676
4676       4678
4678       4680
4680       4685
4685       4686
4686       4691
4691       4692
4692       4693
4693       4698
4698       4699
4699       4703
4703       4704
4704       4708
4708       4710
4710       4713
4713       4715
4715       4717
4717       4721
4721       4722
4722       4725
4725       4727
4727       4728
4728       4731
4731       4733
4733       4735
4735       4737
4737       4739
4739       4740
4740       4742
4742       4744
4744       4746
4746       4748
4748       4750
4750       4751
4751       4754
4754       4756
4756       4757
4757       4759
4759       4761
4761       4763
4763       4764
4764       4768
4768       4769
4769       4771
4771       4773
4773       4775
4775       4777
4777       4778
4778       4781
4781       4783
4783       4785
4785       4786
4786       4789
4789       4790
4790       4793
4793       4797
4797       4798
4798       4799
4799       4803
4803       4807
4807       4808
4808       4810
4810       4814
4814       4818
4818       4819
4819       4820
4820       4825
4825       4830
4830       4831
4831       4835
4835       4838
4838       4841
4841       4845
4845       4849
4849       4853
4853       4857
4857       4861
4861       4865
4865       4868
4868       4870
4870       4873
4873       4875
4875       4877
4877       4880
4880       4882
4882       4884
4884       4886
4886       4888
4888       4890
4890       4889
4889       4887
4887       4885
4885       4883
4883       4881
4881       4879
4879       4878
4878       4876
4876       4874
4874       4872
4872       4871
4871       4869
4869       4867
4867       4866
4866       4864
4864       4863
4863       4862
4862       4860
4860       4859
4859       4858
4858       4856
4856       4855
4855       4854
4854       4852
4852       4851
4851       4850
4850       4848
4848       4847
4847       4846
4846       4844
4844       4843
4843       4842
4842       4840
4840       4839
4839       4837
4837       4836
4836       4834
4834       4833
4833       4832
4832       4829
4829       4828
4828       4827
4827       4826
4826       4824
4824       4823
4823       4822
4822       4821
4821       4817
4817       4816
4816       4815
4815       4813
4813       4812
4812       4811
4811       4809
4809       4806
4806       4805
4805       4804
4804       4802
4802       4801
4801       4800
4800       4796
4796       4795
4795       4794
4794       4792
4792       4791
4791       4788
4788       4787
4787       4784
4784       4782
4782       4780
4780       4779
4779       4776
4776       4774
4774       4772
4772       4770
4770       4767
4767       4766
4766       4765
4765       4762
4762       4760
4760       4758
4758       4755
4755       4753
4753       4752
4752       4749
4749       4747
4747       4745
4745       4743
4743       4741
4741       4738
4738       4736
4736       4734
4734       4732
4957       4955
4955       4953
4953       4952
4952       4948
4948       4947
4947       4946
4946       4944
4944       4942
4942       4941
4941       4938
4938       4937
4937       4936
4936       4934
4934       4932
4932       4931
4931       4928
4928       4927
4927       4925
4925       4924
4924       4921
4921       4920
4920       4919
4919       4917
4917       4915
4915       4914
4914       4912
4912       4910
4910       4908
4908       4907
4907       4903
4903       4902
4902       4901
4901       4899
4899       4898
4898       4896
4896       4894
4894       4893
4893       4891
4891       4892
4892       4895
4895       4897
4897       4900
4900       4904
4904       4905
4905       4906
4906       4909
4909       4911
4911       4913
4913       4916
4916       4918
4918       4922
4922       4923
4923       4926
4926       4929
4929       4930
4930       4933
4933       4935
4935       4939
4939       4940
4940       4943
4943       4945
4945       4949
4949       4950
4950       4951
4951       4954
4954       4956
4956       4958
4958       4961
4961       4962
4962       4963
4963       4966
4966       4967
4967       4970
4970       4971
4971       4975
4975       4976
4976       4978
4978       4979
4979       4981
4981       4984
4984       4985
4985       4987
4987       4989
4989       4991
4991       4993
4993       4996
4996       4997
4997       5000
5000       5001
5001       5002
5002       5005
5005       5007
5007       5009
5009       5013
5013       5014
5014       5015
5015       5018
5018       5020
5020       5024
5024       5027
5027       5029
5029       5030
5030       5035
5035       5039
5039       5041
5041       5046
5046       5047
5047       5053
5053       5055
5055       5060
5060       5062
5062       5064
5064       5067
5067       5068
5068       5071
5071       5072
5072       5074
5074       5073
5073       5070
5070       5069
5069       5066
5066       5065
5065       5063
5063       5061
5061       5059
5059       5058
5058       5057
5057       5056
5056       5054
5054       5052
5052       5051
5051       5050
5050       5049
5049       5048
5048       5045
5045       5044
5044       5043
5043       5042
5042       5040
5040       5038
5038       5037
5037       5036
5036       5034
5034       5033
5033       5032
5032       5031
5031       5028
5028       5026
5026       5025
5025       5023
5023       5022
5022       5021
5021       5019
5019       5017
5017       5016
5016       5012
5012       5011
5011       5010
5010       5008
5008       5006
5006       5004
5004       5003
5003       4999
4999       4998
4998       4995
4995       4994
4994       4992
4992       4990
4990       4988
4988       4986
4986       4983
4983       4982
4982       4980
4980       4977
4977       4974
4974       4973
4973       4972
4972       4969
4969       4968
4968       4965
4965       4964
4964       4960
4960       4959
4959       4957
5101       5100
5100       5099
5099       5096
5096       5095
5095       5091
5091       5090
5090       5089
5089       5087
5087       5085
5085       5083
5083       5082
5082       5080
5080       5078
5078       5075
5075       5076
5076       5077
5077       5079
5079       5081
5081       5084
5084       5086
5086       5088
5088       5092
5092       5093
5093       5094
5094       5097
5097       5098
5098       5103
5103       5104
5104       5105
5105       5108
5108       5109
5109       5112
5112       5114
5114       5116
5116       5117
5117       5119
5119       5122
5122       5123
5123       5124
5124       5127
5127       5130
5130       5131
5131       5134
5134       5135
5135       5137
5137       5140
5140       5143
5143       5145
5145       5148
5148       5151
5151       5153
5153       5156
5156       5158
5158       5162
5162       5164
5164       5163
5163       5161
5161       5160
5160       5159
5159       5157
5157       5155
5155       5154
5154       5152
5152       5150
5150       5149
5149       5147
5147       5146
5146       5144
5144       5142
5142       5141
5141       5139
5139       5138
5138       5136
5136       5133
5133       5132
5132       5129
5129       5128
5128       5126
5126       5125
5125       5121
5121       5120
5120       5118
5118       5115
5115       5113
5113       5111
5111       5110
5110       5107
5107       5106
5106       5102
5102       5101
% Data (IsoLevel)
0.02300000000048
0.02300000000048
0.02300000000048
0.02300000000048
0.02300000000048
0.02300000000048
0.02300000000048
0.02300000000048
0.02300000000048
0.02300000000048
0.02300000000048
0.02300000000048
0.02300000000048
0.02300000000048
0.02300000000048
0.02300000000048
0.02300000000048
0.02300000000048
0.02300000000048
0.02300000000048
0.02300000000048
0.02300000000048
0.02300000000048
0.02300000000048
0.02300000000048
0.02300000000048
0.02300000000048
0.02300000000048
0.02300000000048
0.02300000000048
0.02300000000048
0.02300000000048
0.02300000000048
0.02300000000048
0.02300000000048
0.02300000000048
0.02300000000048
0.02300000000048
0.02300000000048
0.02300000000048
0.02300000000048
0.02300000000048
0.02300000000048
0.02300000000048
0.02300000000048
0.02300000000048
0.02300000000048
0.02300000000048
0.02300000000048
0.02300000000048
0.02300000000048
0.02300000000048
0.02300000000048
0.02300000000048
0.02300000000048
0.02300000000048
0.02300000000048
0.02300000000048
0.02300000000048
0.02300000000048
0.02300000000048
0.02300000000048
0.02300000000048
0.02300000000048
0.02300000000048
0.02300000000048
0.02300000000048
0.02300000000048
0.02300000000048
0.02300000000048
0.02300000000048
0.02300000000048
0.02300000000048
0.02300000000048
0.02300000000048
0.02300000000048
0.02300000000048
0.02300000000048
0.02300000000048
0.02300000000048
0.02300000000048
0.02300000000048
0.02300000000048
0.02300000000048
0.02300000000048
0.02300000000048
0.02300000000048
0.02300000000048
0.02300000000048
0.02300000000048
0.02300000000048
0.02300000000048
0.02300000000048
0.02300000000048
0.02300000000048
0.02300000000048
0.02300000000048
0.02300000000048
0.02300000000048
0.02300000000048
0.02300000000048
0.02300000000048
0.02300000000048
0.02300000000048
0.02300000000048
0.02300000000048
0.02300000000048
0.02300000000048
0.02300000000048
0.02300000000048
0.02300000000048
0.02300000000048
0.02300000000048
0.02300000000048
0.02300000000048
0.02300000000048
0.02300000000048
0.02300000000048
0.02300000000048
0.02300000000048
0.02300000000048
0.02300000000048
0.02300000000048
0.02300000000048
0.02300000000048
0.02300000000048
0.02300000000048
0.02300000000048
0.02300000000048
0.02300000000048
0.02300000000048
0.02300000000048
0.02300000000048
0.02300000000048
0.02300000000048
0.02300000000048
0.02300000000048
0.02300000000048
0.02300000000048
0.02300000000048
0.02300000000048
0.02300000000048
0.02300000000048
0.02300000000048
0.02300000000048
0.02300000000048
0.02300000000048
0.02300000000048
0.02300000000048
0.02300000000048
0.02300000000048
0.02300000000048
0.02300000000048
0.02300000000048
0.02300000000048
0.02300000000048
0.02300000000048
0.02300000000048
0.02300000000048
0.02300000000048
0.02300000000048
0.02300000000048
0.02300000000048
0.02300000000048
0.02300000000048
0.02300000000048
0.02300000000048
0.02300000000048
0.02300000000048
0.02300000000048
0.02300000000048
0.02300000000048
0.02300000000048
0.02300000000048
0.02300000000048
0.02300000000048
0.02300000000048
0.02300000000048
0.02300000000048
0.02300000000048
0.02300000000048
0.02300000000048
0.02300000000048
0.02300000000048
0.02300000000048
0.02300000000048
0.02300000000048
0.02300000000048
0.02300000000048
0.02300000000048
0.02300000000048
0.02300000000048
0.02300000000048
0.02300000000048
0.02300000000048
0.02300000000048
0.02300000000048
0.02300000000048
0.02300000000048
0.02300000000048
0.02300000000048
0.02300000000048
0.02300000000048
0.02300000000048
0.02300000000048
0.02300000000048
0.02300000000048
0.02300000000048
0.02300000000048
0.02300000000048
0.02300000000048
0.02300000000048
0.02300000000048
0.02300000000048
0.02300000000048
0.02300000000048
0.02300000000048
0.02300000000048
0.02300000000048
0.02300000000048
0.02300000000048
0.02300000000048
0.02300000000048
0.02300000000048
0.02300000000048
0.02300000000048
0.02300000000048
0.02300000000048
0.02300000000048
0.02300000000048
0.02300000000048
0.02300000000048
0.02300000000048
0.02300000000048
0.02300000000048
0.02300000000048
0.02300000000048
0.02300000000048
0.02300000000048
0.02300000000048
0.02300000000048
0.02300000000048
0.02300000000048
0.02300000000048
0.02300000000048
0.02300000000048
0.02300000000048
0.02300000000048
0.02300000000048
0.02300000000048
0.02300000000048
0.02300000000048
0.02300000000048
0.02300000000048
0.02300000000048
0.02300000000048
0.02300000000048
0.02300000000048
0.02300000000048
0.02300000000048
0.02300000000048
0.02300000000048
0.02300000000048
0.02300000000048
0.02300000000048
0.02300000000048
0.02300000000048
0.02300000000048
0.02300000000048
0.02300000000048
0.02300000000048
0.02300000000048
0.02300000000048
0.02300000000048
0.02300000000048
0.02300000000048
0.02300000000048
0.02300000000048
0.02300000000048
0.02300000000048
0.02300000000048
0.02300000000048
0.02300000000048
0.02300000000048
0.02300000000048
0.02300000000048
0.02300000000048
0.02300000000048
0.02300000000048
0.02300000000048
0.02300000000048
0.02300000000048
0.02300000000048
0.02300000000048
0.02300000000048
0.02300000000048
0.02300000000048
0.02300000000048
0.02300000000048
0.02300000000048
0.02300000000048
0.02300000000048
0.02300000000048
0.02300000000048
0.02300000000048
0.02300000000048
0.02300000000048
0.02300000000048
0.02300000000048
0.02300000000048
0.02300000000048
0.02300000000048
0.02300000000048
0.02300000000048
0.02300000000048
0.02300000000048
0.02300000000048
0.02300000000048
0.02300000000048
0.02300000000048
0.02300000000048
0.02300000000048
0.02300000000048
0.02300000000048
0.02300000000048
0.02300000000048
0.02300000000048
0.02300000000048
0.02300000000048
0.02300000000048
0.02300000000048
0.02300000000048
0.02300000000048
0.02300000000048
0.02300000000048
0.02300000000048
0.02300000000048
0.02300000000048
0.02300000000048
0.02300000000048
0.02300000000048
0.02300000000048
0.02300000000048
0.02300000000048
0.02300000000048
0.02300000000048
0.02300000000048
0.02300000000048
0.02300000000048
0.02300000000048
0.02300000000048
0.02300000000048
0.02300000000048
0.02300000000048
0.02300000000048
0.02300000000048
0.02300000000048
0.02300000000048
0.02300000000048
0.02300000000048
0.02300000000048
0.02300000000048
0.02300000000048
0.02300000000048
0.02300000000048
0.02300000000048
0.02300000000048
0.02300000000048
0.02300000000048
0.02300000000048
0.02300000000048
0.02300000000048
0.02300000000048
0.02300000000048
0.02300000000048
0.02300000000048
0.02300000000048
0.02300000000048
0.02300000000048
0.02300000000048
0.02300000000048
0.02300000000048
0.02300000000048
0.02300000000048
0.02300000000048
0.02300000000048
0.02300000000048
0.02300000000048
0.02300000000048
0.02300000000048
0.02300000000048
0.02300000000048
0.02300000000048
0.02300000000048
0.02300000000048
0.02300000000048
0.02300000000048
0.02300000000048
0.02300000000048
0.02300000000048
0.02300000000048
0.02300000000048
0.02300000000048
0.02300000000048
0.02300000000048
0.02300000000048
0.02300000000048
0.02300000000048
0.02300000000048
0.02300000000048
0.02300000000048
0.02300000000048
0.02300000000048
0.02300000000048
0.02300000000048
0.02300000000048
0.02300000000048
0.02300000000048
0.02300000000048
0.02300000000048
0.02300000000048
0.02300000000048
0.02300000000048
0.02300000000048
0.02300000000048
0.02300000000048
0.02300000000048
0.02300000000048
0.02300000000048
0.02300000000048
0.02300000000048
0.02300000000048
0.02300000000048
0.02300000000048
0.02300000000048
0.02300000000048
0.02300000000048
0.02300000000048
0.02300000000048
0.02300000000048
0.02300000000048
0.02300000000048
0.02300000000048
0.02300000000048
0.02300000000048
0.02300000000048
0.02300000000048
0.02300000000048
0.02300000000048
0.02300000000048
0.02300000000048
0.02300000000048
0.02300000000048
0.02300000000048
0.02300000000048
0.02300000000048
0.02300000000048
0.02300000000048
0.02300000000048
0.02300000000048
0.02300000000048
0.02300000000048
0.02300000000048
0.02300000000048
0.02300000000048
0.02300000000048
0.02300000000048
0.02300000000048
0.02300000000048
0.02300000000048
0.02300000000048
0.02300000000048
0.02300000000048
0.02300000000048
0.02300000000048
0.02300000000048
0.02300000000048
0.02300000000048
0.02300000000048
0.02300000000048
0.02300000000048
0.02300000000048
0.02300000000048
0.02300000000048
0.02300000000048
0.02300000000048
0.02300000000048
0.02300000000048
0.02300000000048
0.02300000000048
0.02300000000048
0.02300000000048
0.02300000000048
0.02300000000048
0.02300000000048
0.02300000000048
0.02300000000048
0.02300000000048
0.02300000000048
0.02300000000048
0.02300000000048
0.02300000000048
0.02300000000048
0.02300000000048
0.02300000000048
0.02300000000048
0.02300000000048
0.02300000000048
0.02300000000048
0.02300000000048
0.02300000000048
0.02300000000048
0.02300000000048
0.02300000000048
0.02300000000048
0.02300000000048
0.02300000000048
0.02300000000048
0.02300000000048
0.02300000000048
0.02300000000048
0.02300000000048
0.02300000000048
0.02300000000048
0.02300000000048
0.02300000000048
0.02300000000048
0.02300000000048
0.02300000000048
0.02300000000048
0.02300000000048
0.02300000000048
0.02300000000048
0.02300000000048
0.02300000000048
0.02300000000048
0.02300000000048
0.02300000000048
0.02300000000048
0.02300000000048
0.02300000000048
0.02300000000048
0.02300000000048
0.02300000000048
0.02300000000048
0.02300000000048
0.02300000000048
0.02300000000048
0.02300000000048
0.02300000000048
0.02300000000048
0.02300000000048
0.02300000000048
0.02300000000048
0.02300000000048
0.02300000000048
0.02300000000048
0.02300000000048
0.02300000000048
0.02300000000048
0.02300000000048
0.02300000000048
0.02300000000048
0.02300000000048
0.02300000000048
0.02300000000048
0.02300000000048
0.02300000000048
0.02300000000048
0.02300000000048
0.02300000000048
0.02300000000048
0.02300000000048
0.02300000000048
0.02300000000048
0.02300000000048
0.02300000000048
0.02300000000048
0.02300000000048
0.02300000000048
0.02300000000048
0.02300000000048
0.02300000000048
0.02300000000048
0.02300000000048
0.02300000000048
0.02300000000048
0.02300000000048
0.02300000000048
0.02300000000048
0.02300000000048
0.02300000000048
0.02300000000048
0.02300000000048
0.02300000000048
0.02300000000048
0.02300000000048
0.02300000000048
0.02300000000048
0.02300000000048
0.02300000000048
0.02300000000048
0.02300000000048
0.02300000000048
0.02300000000048
0.02300000000048
0.02300000000048
0.02300000000048
0.02300000000048
0.02300000000048
0.02300000000048
0.02300000000048
0.02300000000048
0.02300000000048
0.02300000000048
0.02300000000048
0.02300000000048
0.02300000000048
0.02300000000048
0.02300000000048
0.02300000000048
0.02300000000048
0.02300000000048
0.02300000000048
0.02300000000048
0.02300000000048
0.02300000000048
0.02300000000048
0.02300000000048
0.02300000000048
0.02300000000048
0.02300000000048
0.02300000000048
0.02300000000048
0.02300000000048
0.02300000000048
0.02300000000048
0.02300000000048
0.02300000000048
0.02300000000048
0.02300000000048
0.02300000000048
0.02300000000048
0.02300000000048
0.02300000000048
0.02300000000048
0.02300000000048
0.02300000000048
0.02300000000048
0.02300000000048
0.02300000000048
0.02300000000048
0.02300000000048
0.02300000000048
0.02300000000048
0.02300000000048
0.02300000000048
0.02300000000048
0.02300000000048
0.02300000000048
0.02300000000048
0.02300000000048
0.02300000000048
0.02300000000048
0.02300000000048
0.02300000000048
0.02300000000048
0.02300000000048
0.02300000000048
0.02300000000048
0.02300000000048
0.02300000000048
0.02300000000048
0.02300000000048
0.02300000000048
0.02300000000048
0.02300000000048
0.02300000000048
0.02300000000048
0.02300000000048
0.02300000000048
0.02300000000048
0.02300000000048
0.02300000000048
0.02300000000048
0.02300000000048
0.02300000000048
0.02300000000048
0.02300000000048
0.02300000000048
0.02300000000048
0.02300000000048
0.02300000000048
0.02300000000048
0.02300000000048
0.02300000000048
0.02300000000048
0.02300000000048
0.02300000000048
0.02300000000048
0.02300000000048
0.02300000000048
0.02300000000048
0.02300000000048
0.02300000000048
0.02300000000048
0.02300000000048
0.02300000000048
0.02300000000048
0.02300000000048
0.02300000000048
0.02300000000048
0.02300000000048
0.02300000000048
0.02300000000048
0.02300000000048
0.02300000000048
0.02300000000048
0.02300000000048
0.02300000000048
0.02300000000048
0.02300000000048
0.02300000000048
0.02300000000048
0.02300000000048
0.02300000000048
0.02300000000048
0.02300000000048
0.02300000000048
0.02300000000048
0.02300000000048
0.02300000000048
0.02300000000048
0.02300000000048
0.02300000000048
0.02300000000048
0.02300000000048
0.02300000000048
0.02300000000048
0.02300000000048
0.02300000000048
0.02300000000048
0.02300000000048
0.02300000000048
0.02300000000048
0.02300000000048
0.02300000000048
0.02300000000048
0.02300000000048
0.02300000000048
0.02300000000048
0.02300000000048
0.02300000000048
0.02300000000048
0.02300000000048
0.02300000000048
0.02300000000048
0.02300000000048
0.02300000000048
0.02300000000048
0.02300000000048
0.02300000000048
0.02300000000048
0.02300000000048
0.02300000000048
0.02300000000048
0.02300000000048
0.02300000000048
0.02300000000048
0.02300000000048
0.02300000000048
0.02300000000048
0.02300000000048
0.02300000000048
0.02300000000048
0.02300000000048
0.02300000000048
0.02300000000048
0.02300000000048
0.02300000000048
0.02300000000048
0.02300000000048
0.02300000000048
0.02300000000048
0.02300000000048
0.02300000000048
0.02300000000048
0.02300000000048
0.02300000000048
0.02300000000048
0.02300000000048
0.02300000000048
0.02300000000048
0.02300000000048
0.02300000000048
0.02300000000048
0.02300000000048
0.02300000000048
0.02300000000048
0.02300000000048
0.02300000000048
0.02300000000048
0.02300000000048
0.02300000000048
0.02300000000048
0.02300000000048
0.02300000000048
0.02300000000048
0.02300000000048
0.02300000000048
0.02300000000048
0.02300000000048
0.02300000000048
0.02300000000048
0.02300000000048
0.02300000000048
0.02300000000048
0.02300000000048
0.02300000000048
0.02300000000048
0.02300000000048
0.02300000000048
0.02300000000048
0.02300000000048
0.02300000000048
0.02300000000048
0.02300000000048
0.02300000000048
0.02300000000048
0.02300000000048
0.02300000000048
0.02300000000048
0.02300000000048
0.02300000000048
0.02300000000048
0.02300000000048
0.02300000000048
0.02300000000048
0.02300000000048
0.02300000000048
0.02300000000048
0.02300000000048
0.02300000000048
0.02300000000048
0.02300000000048
0.02300000000048
0.02300000000048
0.02300000000048
0.02300000000048
0.02300000000048
0.02300000000048
0.02300000000048
0.02300000000048
0.02300000000048
0.02300000000048
0.02300000000048
0.02300000000048
0.02300000000048
0.02300000000048
0.02300000000048
0.02300000000048
0.02300000000048
0.02300000000048
0.02300000000048
0.02300000000048
0.02300000000048
0.02300000000048
0.02300000000048
0.02300000000048
0.02300000000048
0.02300000000048
0.02300000000048
0.02300000000048
0.02300000000048
0.02300000000048
0.02300000000048
0.02300000000048
0.02300000000048
0.02300000000048
0.02300000000048
0.02300000000048
0.02300000000048
0.02300000000048
0.02300000000048
0.02300000000048
0.02300000000048
0.02300000000048
0.02300000000048
0.02300000000048
0.02300000000048
0.02300000000048
0.02300000000048
0.02300000000048
0.02300000000048
0.02300000000048
0.02300000000048
0.02300000000048
0.02300000000048
0.02300000000048
0.02300000000048
0.02300000000048
0.02300000000048
0.02300000000048
0.02300000000048
0.02300000000048
0.02300000000048
0.02300000000048
0.02300000000048
0.02300000000048
0.02300000000048
0.02300000000048
0.02300000000048
0.02300000000048
0.02300000000048
0.02300000000048
0.02300000000048
0.02300000000048
0.02300000000048
0.02300000000048
0.02300000000048
0.02300000000048
0.02300000000048
0.02300000000048
0.02300000000048
0.02300000000048
0.02300000000048
0.02300000000048
0.02300000000048
0.02300000000048
0.02300000000048
0.02300000000048
0.02300000000048
0.02300000000048
0.02300000000048
0.02300000000048
0.02300000000048
0.02300000000048
0.02300000000048
0.02300000000048
0.02300000000048
0.02300000000048
0.02300000000048
0.02300000000048
0.02300000000048
0.02300000000048
0.02300000000048
0.02300000000048
0.02300000000048
0.02300000000048
0.02300000000048
0.02300000000048
0.02300000000048
0.02300000000048
0.02300000000048
0.02300000000048
0.02300000000048
0.02300000000048
0.02300000000048
0.02300000000048
0.02300000000048
0.02300000000048
0.02300000000048
0.02300000000048
0.02300000000048
0.02300000000048
0.02300000000048
0.02300000000048
0.02300000000048
0.02300000000048
0.02300000000048
0.02300000000048
0.02300000000048
0.02300000000048
0.02300000000048
0.02300000000048
0.02300000000048
0.02300000000048
0.02300000000048
0.02300000000048
0.02300000000048
0.02300000000048
0.02300000000048
0.02300000000048
0.02300000000048
0.02300000000048
0.02300000000048
0.02300000000048
0.02300000000048
0.02300000000048
0.02300000000048
0.02300000000048
0.02300000000048
0.02300000000048
0.02300000000048
0.02300000000048
0.02300000000048
0.02300000000048
0.02300000000048
0.02300000000048
0.02300000000048
0.02300000000048
0.02300000000048
0.02300000000048
0.02300000000048
0.02300000000048
0.02300000000048
0.02300000000048
0.02300000000048
0.02300000000048
0.02300000000048
0.02300000000048
0.02300000000048
0.02300000000048
0.02300000000048
0.02300000000048
0.02300000000048
0.02300000000048
0.02300000000048
0.02300000000048
0.02300000000048
0.02300000000048
0.02300000000048
0.02300000000048
0.02300000000048
0.02300000000048
0.02300000000048
0.02300000000048
0.02300000000048
0.02300000000048
0.02300000000048
0.02300000000048
0.02300000000048
0.02300000000048
0.02300000000048
0.02300000000048
0.02300000000048
0.02300000000048
0.02300000000048
0.02300000000048
0.02300000000048
0.02300000000048
0.02300000000048
0.02300000000048
0.02300000000048
0.02300000000048
0.02300000000048
0.02300000000048
0.02300000000048
0.02300000000048
0.02300000000048
0.02300000000048
0.02300000000048
0.02300000000048
0.02300000000048
0.02300000000048
0.02300000000048
0.02300000000048
0.02300000000048
0.02300000000048
0.02300000000048
0.02300000000048
0.02300000000048
0.02300000000048
0.02300000000048
0.02300000000048
0.02300000000048
0.02300000000048
0.02300000000048
0.02300000000048
0.02300000000048
0.02300000000048
0.02300000000048
0.02300000000048
0.02300000000048
0.02300000000048
0.02300000000048
0.02300000000048
0.02300000000048
0.02300000000048
0.02300000000048
0.02300000000048
0.02300000000048
0.02300000000048
0.02300000000048
0.02300000000048
0.02300000000048
0.02300000000048
0.02300000000048
0.02300000000048
0.02300000000048
0.02300000000048
0.02300000000048
0.02300000000048
0.02300000000048
0.02300000000048
0.02300000000048
0.02300000000048
0.02300000000048
0.02300000000048
0.02300000000048
0.02300000000048
0.02300000000048
0.02300000000048
0.02300000000048
0.02300000000048
0.02300000000048
0.02300000000048
0.02300000000048
0.02300000000048
0.02300000000048
0.02300000000048
0.02300000000048
0.02300000000048
0.02300000000048
0.02300000000048
0.02300000000048
0.02300000000048
0.02300000000048
0.02300000000048
0.02300000000048
0.02300000000048
0.02300000000048
0.02300000000048
0.02300000000048
0.02300000000048
0.02300000000048
0.02300000000048
0.02300000000048
0.02300000000048
0.02300000000048
0.02300000000048
0.02300000000048
0.02300000000048
0.02300000000048
0.02300000000048
0.02300000000048
0.02300000000048
0.02300000000048
0.02300000000048
0.02300000000048
0.02300000000048
0.02300000000048
0.02300000000048
0.02300000000048
0.02300000000048
0.02300000000048
0.02300000000048
0.02300000000048
0.02300000000048
0.02300000000048
0.02300000000048
0.02300000000048
0.02300000000048
0.02300000000048
0.02300000000048
0.02300000000048
0.02300000000048
0.02300000000048
0.02300000000048
0.02300000000048
0.02300000000048
0.02300000000048
0.02300000000048
0.02300000000048
0.02300000000048
0.02300000000048
0.02300000000048
0.02300000000048
0.02300000000048
0.02300000000048
0.02300000000048
0.02300000000048
0.02300000000048
0.02300000000048
0.02300000000048
0.02300000000048
0.02300000000048
0.02300000000048
0.02300000000048
0.02300000000048
0.02300000000048
0.02300000000048
0.02300000000048
0.02300000000048
0.02300000000048
0.02300000000048
0.02300000000048
0.02300000000048
0.02300000000048
0.02300000000048
0.02300000000048
0.02300000000048
0.02300000000048
0.02300000000048
0.02300000000048
0.02300000000048
0.02300000000048
0.02300000000048
0.02300000000048
0.02300000000048
0.02300000000048
0.02300000000048
0.02300000000048
0.02300000000048
0.02300000000048
0.02300000000048
0.02300000000048
0.02300000000048
0.02300000000048
0.02300000000048
0.02300000000048
0.02300000000048
0.02300000000048
0.02300000000048
0.02300000000048
0.02300000000048
0.02300000000048
0.02300000000048
0.02300000000048
0.02300000000048
0.02300000000048
0.02300000000048
0.02300000000048
0.02300000000048
0.02300000000048
0.02300000000048
0.02300000000048
0.02300000000048
0.02300000000048
0.02300000000048
0.02300000000048
0.02300000000048
0.02300000000048
0.02300000000048
0.02300000000048
0.02300000000048
0.02300000000048
0.02300000000048
0.02300000000048
0.02300000000048
0.02300000000048
0.02300000000048
0.02300000000048
0.02300000000048
0.02300000000048
0.02300000000048
0.02300000000048
0.02300000000048
0.02300000000048
0.02300000000048
0.02300000000048
0.02300000000048
0.02300000000048
0.02300000000048
0.02300000000048
0.02300000000048
0.02300000000048
0.02300000000048
0.02300000000048
0.02300000000048
0.02300000000048
0.02300000000048
0.02300000000048
0.02300000000048
0.02300000000048
0.02300000000048
0.02300000000048
0.02300000000048
0.02300000000048
0.02300000000048
0.02300000000048
0.02300000000048
0.02300000000048
0.02300000000048
0.02300000000048
0.02300000000048
0.02300000000048
0.02300000000048
0.02300000000048
0.02300000000048
0.02300000000048
0.02300000000048
0.02300000000048
0.02300000000048
0.02300000000048
0.02300000000048
0.02300000000048
0.02300000000048
0.02300000000048
0.02300000000048
0.02300000000048
0.02300000000048
0.02300000000048
0.02300000000048
0.02300000000048
0.02300000000048
0.02300000000048
0.02300000000048
0.02300000000048
0.02300000000048
0.02300000000048
0.02300000000048
0.02300000000048
0.02300000000048
0.02300000000048
0.02300000000048
0.02300000000048
0.02300000000048
0.02300000000048
0.02300000000048
0.02300000000048
0.02300000000048
0.02300000000048
0.02300000000048
0.02300000000048
0.02300000000048
0.02300000000048
0.02300000000048
0.02300000000048
0.02300000000048
0.02300000000048
0.02300000000048
0.02300000000048
0.02300000000048
0.02300000000048
0.02300000000048
0.02300000000048
0.02300000000048
0.02300000000048
0.02300000000048
0.02300000000048
0.02300000000048
0.02300000000048
0.02300000000048
0.02300000000048
0.02300000000048
0.02300000000048
0.02300000000048
0.02300000000048
0.02300000000048
0.02300000000048
0.02300000000048
0.02300000000048
0.02300000000048
0.02300000000048
0.02300000000048
0.02300000000048
0.02300000000048
0.02300000000048
0.02300000000048
0.02300000000048
0.02300000000048
0.02300000000048
0.02300000000048
0.02300000000048
0.02300000000048
0.02300000000048
0.02300000000048
0.02300000000048
0.02300000000048
0.02300000000048
0.02300000000048
0.02300000000048
0.02300000000048
0.02300000000048
0.02300000000048
0.02300000000048
0.02300000000048
0.02300000000048
0.02300000000048
0.02300000000048
0.02300000000048
0.02300000000048
0.02300000000048
0.02300000000048
0.02300000000048
0.02300000000048
0.02300000000048
0.02300000000048
0.02300000000048
0.02300000000048
0.02300000000048
0.02300000000048
0.02300000000048
0.02300000000048
0.02300000000048
0.02300000000048
0.02300000000048
0.02300000000048
0.02300000000048
0.02300000000048
0.02300000000048
0.02300000000048
0.02300000000048
0.02300000000048
0.02300000000048
0.02300000000048
0.02300000000048
0.02300000000048
0.02300000000048
0.02300000000048
0.02300000000048
0.02300000000048
0.02300000000048
0.02300000000048
0.02300000000048
0.02300000000048
0.02300000000048
0.02300000000048
0.02300000000048
0.02300000000048
0.02300000000048
0.02300000000048
0.02300000000048
0.02300000000048
0.02300000000048
0.02300000000048
0.02300000000048
0.02300000000048
0.02300000000048
0.02300000000048
0.02300000000048
0.02300000000048
0.02300000000048
0.02300000000048
0.02300000000048
0.02300000000048
0.02300000000048
0.02300000000048
0.02300000000048
0.02300000000048
0.02300000000048
0.02300000000048
0.02300000000048
0.02300000000048
0.02300000000048
0.02300000000048
0.02300000000048
0.06300000000047999
0.06300000000047999
0.06300000000047999
0.06300000000047999
0.06300000000047999
0.06300000000047999
0.06300000000047999
0.06300000000047999
0.06300000000047999
0.06300000000047999
0.06300000000047999
0.06300000000047999
0.06300000000047999
0.06300000000047999
0.06300000000047999
0.06300000000047999
0.06300000000047999
0.06300000000047999
0.06300000000047999
0.06300000000047999
0.06300000000047999
0.06300000000047999
0.06300000000047999
0.06300000000047999
0.06300000000047999
0.06300000000047999
0.06300000000047999
0.06300000000047999
0.06300000000047999
0.06300000000047999
0.06300000000047999
0.06300000000047999
0.06300000000047999
0.06300000000047999
0.06300000000047999
0.06300000000047999
0.06300000000047999
0.06300000000047999
0.06300000000047999
0.06300000000047999
0.06300000000047999
0.06300000000047999
0.06300000000047999
0.06300000000047999
0.06300000000047999
0.06300000000047999
0.06300000000047999
0.06300000000047999
0.06300000000047999
0.06300000000047999
0.06300000000047999
0.06300000000047999
0.06300000000047999
0.06300000000047999
0.06300000000047999
0.06300000000047999
0.06300000000047999
0.06300000000047999
0.06300000000047999
0.06300000000047999
0.06300000000047999
0.06300000000047999
0.06300000000047999
0.06300000000047999
0.06300000000047999
0.06300000000047999
0.06300000000047999
0.06300000000047999
0.06300000000047999
0.06300000000047999
0.06300000000047999
0.06300000000047999
0.06300000000047999
0.06300000000047999
0.06300000000047999
0.06300000000047999
0.06300000000047999
0.06300000000047999
0.06300000000047999
0.06300000000047999
0.06300000000047999
0.06300000000047999
0.06300000000047999
0.06300000000047999
0.06300000000047999
0.06300000000047999
0.06300000000047999
0.06300000000047999
0.06300000000047999
0.06300000000047999
0.06300000000047999
0.06300000000047999
0.06300000000047999
0.06300000000047999
0.06300000000047999
0.06300000000047999
0.06300000000047999
0.06300000000047999
0.06300000000047999
0.06300000000047999
0.06300000000047999
0.06300000000047999
0.06300000000047999
0.06300000000047999
0.06300000000047999
0.06300000000047999
0.06300000000047999
0.06300000000047999
0.06300000000047999
0.06300000000047999
0.06300000000047999
0.06300000000047999
0.06300000000047999
0.06300000000047999
0.06300000000047999
0.06300000000047999
0.06300000000047999
0.06300000000047999
0.06300000000047999
0.06300000000047999
0.06300000000047999
0.06300000000047999
0.06300000000047999
0.06300000000047999
0.06300000000047999
0.06300000000047999
0.06300000000047999
0.06300000000047999
0.06300000000047999
0.06300000000047999
0.06300000000047999
0.06300000000047999
0.06300000000047999
0.06300000000047999
0.06300000000047999
0.06300000000047999
0.06300000000047999
0.06300000000047999
0.06300000000047999
0.06300000000047999
0.06300000000047999
0.06300000000047999
0.06300000000047999
0.06300000000047999
0.06300000000047999
0.06300000000047999
0.06300000000047999
0.06300000000047999
0.06300000000047999
0.06300000000047999
0.06300000000047999
0.06300000000047999
0.06300000000047999
0.06300000000047999
0.06300000000047999
0.06300000000047999
0.06300000000047999
0.06300000000047999
0.06300000000047999
0.06300000000047999
0.06300000000047999
0.06300000000047999
0.06300000000047999
0.06300000000047999
0.06300000000047999
0.06300000000047999
0.06300000000047999
0.06300000000047999
0.06300000000047999
0.06300000000047999
0.06300000000047999
0.06300000000047999
0.06300000000047999
0.06300000000047999
0.06300000000047999
0.06300000000047999
0.06300000000047999
0.06300000000047999
0.06300000000047999
0.06300000000047999
0.06300000000047999
0.06300000000047999
0.06300000000047999
0.06300000000047999
0.06300000000047999
0.06300000000047999
0.06300000000047999
0.06300000000047999
0.06300000000047999
0.06300000000047999
0.06300000000047999
0.06300000000047999
0.06300000000047999
0.06300000000047999
0.06300000000047999
0.06300000000047999
0.06300000000047999
0.06300000000047999
0.06300000000047999
0.06300000000047999
0.06300000000047999
0.06300000000047999
0.06300000000047999
0.06300000000047999
0.06300000000047999
0.06300000000047999
0.06300000000047999
0.06300000000047999
0.06300000000047999
0.06300000000047999
0.06300000000047999
0.06300000000047999
0.06300000000047999
0.06300000000047999
0.06300000000047999
0.06300000000047999
0.06300000000047999
0.06300000000047999
0.06300000000047999
0.06300000000047999
0.06300000000047999
0.06300000000047999
0.06300000000047999
0.06300000000047999
0.06300000000047999
0.06300000000047999
0.06300000000047999
0.06300000000047999
0.06300000000047999
0.06300000000047999
0.06300000000047999
0.06300000000047999
0.06300000000047999
0.06300000000047999
0.06300000000047999
0.06300000000047999
0.06300000000047999
0.06300000000047999
0.06300000000047999
0.06300000000047999
0.06300000000047999
0.06300000000047999
0.06300000000047999
0.06300000000047999
0.06300000000047999
0.06300000000047999
0.06300000000047999
0.06300000000047999
0.06300000000047999
0.06300000000047999
0.06300000000047999
0.06300000000047999
0.06300000000047999
0.06300000000047999
0.06300000000047999
0.06300000000047999
0.06300000000047999
0.06300000000047999
0.06300000000047999
0.06300000000047999
0.06300000000047999
0.06300000000047999
0.06300000000047999
0.06300000000047999
0.06300000000047999
0.06300000000047999
0.06300000000047999
0.06300000000047999
0.06300000000047999
0.06300000000047999
0.06300000000047999
0.06300000000047999
0.06300000000047999
0.06300000000047999
0.06300000000047999
0.06300000000047999
0.06300000000047999
0.06300000000047999
0.06300000000047999
0.06300000000047999
0.06300000000047999
0.06300000000047999
0.06300000000047999
0.06300000000047999
0.06300000000047999
0.06300000000047999
0.06300000000047999
0.06300000000047999
0.06300000000047999
0.06300000000047999
0.06300000000047999
0.06300000000047999
0.06300000000047999
0.06300000000047999
0.06300000000047999
0.06300000000047999
0.06300000000047999
0.06300000000047999
0.06300000000047999
0.06300000000047999
0.06300000000047999
0.06300000000047999
0.06300000000047999
0.06300000000047999
0.06300000000047999
0.06300000000047999
0.06300000000047999
0.06300000000047999
0.06300000000047999
0.06300000000047999
0.06300000000047999
0.06300000000047999
0.06300000000047999
0.06300000000047999
0.06300000000047999
0.06300000000047999
0.06300000000047999
0.06300000000047999
0.06300000000047999
0.06300000000047999
0.06300000000047999
0.06300000000047999
0.06300000000047999
0.06300000000047999
0.06300000000047999
0.06300000000047999
0.06300000000047999
0.06300000000047999
0.06300000000047999
0.06300000000047999
0.06300000000047999
0.06300000000047999
0.06300000000047999
0.06300000000047999
0.06300000000047999
0.06300000000047999
0.06300000000047999
0.06300000000047999
0.06300000000047999
0.06300000000047999
0.06300000000047999
0.06300000000047999
0.06300000000047999
0.06300000000047999
0.06300000000047999
0.06300000000047999
0.06300000000047999
0.06300000000047999
0.06300000000047999
0.06300000000047999
0.06300000000047999
0.06300000000047999
0.06300000000047999
0.06300000000047999
0.06300000000047999
0.06300000000047999
0.06300000000047999
0.06300000000047999
0.06300000000047999
0.06300000000047999
0.06300000000047999
0.06300000000047999
0.06300000000047999
0.06300000000047999
0.06300000000047999
0.06300000000047999
0.06300000000047999
0.06300000000047999
0.06300000000047999
0.06300000000047999
0.06300000000047999
0.06300000000047999
0.06300000000047999
0.06300000000047999
0.06300000000047999
0.06300000000047999
0.06300000000047999
0.06300000000047999
0.06300000000047999
0.06300000000047999
0.06300000000047999
0.06300000000047999
0.06300000000047999
0.06300000000047999
0.06300000000047999
0.06300000000047999
0.06300000000047999
0.06300000000047999
0.06300000000047999
0.06300000000047999
0.06300000000047999
0.06300000000047999
0.06300000000047999
0.06300000000047999
0.06300000000047999
0.06300000000047999
0.06300000000047999
0.06300000000047999
0.06300000000047999
0.06300000000047999
0.06300000000047999
0.06300000000047999
0.06300000000047999
0.06300000000047999
0.06300000000047999
0.06300000000047999
0.06300000000047999
0.06300000000047999
0.06300000000047999
0.06300000000047999
0.06300000000047999
0.06300000000047999
0.06300000000047999
0.06300000000047999
0.06300000000047999
0.06300000000047999
0.06300000000047999
0.06300000000047999
0.06300000000047999
0.06300000000047999
0.06300000000047999
0.06300000000047999
0.06300000000047999
0.06300000000047999
0.06300000000047999
0.06300000000047999
0.06300000000047999
0.06300000000047999
0.06300000000047999
0.06300000000047999
0.06300000000047999
0.06300000000047999
0.06300000000047999
0.06300000000047999
0.06300000000047999
0.06300000000047999
0.06300000000047999
0.06300000000047999
0.06300000000047999
0.06300000000047999
0.06300000000047999
0.06300000000047999
0.06300000000047999
0.06300000000047999
0.06300000000047999
0.06300000000047999
0.06300000000047999
0.06300000000047999
0.06300000000047999
0.06300000000047999
0.06300000000047999
0.06300000000047999
0.06300000000047999
0.06300000000047999
0.06300000000047999
0.06300000000047999
0.06300000000047999
0.06300000000047999
0.06300000000047999
0.06300000000047999
0.06300000000047999
0.06300000000047999
0.06300000000047999
0.06300000000047999
0.06300000000047999
0.06300000000047999
0.06300000000047999
0.06300000000047999
0.06300000000047999
0.06300000000047999
0.06300000000047999
0.06300000000047999
0.06300000000047999
0.06300000000047999
0.06300000000047999
0.06300000000047999
0.06300000000047999
0.06300000000047999
0.06300000000047999
0.06300000000047999
0.06300000000047999
0.06300000000047999
0.06300000000047999
0.06300000000047999
0.06300000000047999
0.06300000000047999
0.06300000000047999
0.06300000000047999
0.06300000000047999
0.06300000000047999
0.06300000000047999
0.06300000000047999
0.06300000000047999
0.06300000000047999
0.06300000000047999
0.06300000000047999
0.06300000000047999
0.06300000000047999
0.06300000000047999
0.06300000000047999
0.06300000000047999
0.06300000000047999
0.06300000000047999
0.06300000000047999
0.06300000000047999
0.06300000000047999
0.06300000000047999
0.06300000000047999
0.06300000000047999
0.06300000000047999
0.06300000000047999
0.06300000000047999
0.06300000000047999
0.06300000000047999
0.06300000000047999
0.06300000000047999
0.06300000000047999
0.06300000000047999
0.06300000000047999
0.06300000000047999
0.06300000000047999
0.06300000000047999
0.06300000000047999
0.06300000000047999
0.06300000000047999
0.06300000000047999
0.06300000000047999
0.06300000000047999
0.06300000000047999
0.06300000000047999
0.06300000000047999
0.06300000000047999
0.06300000000047999
0.06300000000047999
0.06300000000047999
0.06300000000047999
0.06300000000047999
0.06300000000047999
0.06300000000047999
0.06300000000047999
0.06300000000047999
0.06300000000047999
0.06300000000047999
0.06300000000047999
0.06300000000047999
0.06300000000047999
0.06300000000047999
0.06300000000047999
0.06300000000047999
0.06300000000047999
0.06300000000047999
0.06300000000047999
0.06300000000047999
0.06300000000047999
0.06300000000047999
0.06300000000047999
0.06300000000047999
0.06300000000047999
0.06300000000047999
0.06300000000047999
0.06300000000047999
0.06300000000047999
0.06300000000047999
0.06300000000047999
0.06300000000047999
0.06300000000047999
0.06300000000047999
0.06300000000047999
0.06300000000047999
0.06300000000047999
0.06300000000047999
0.06300000000047999
0.06300000000047999
0.06300000000047999
0.06300000000047999
0.06300000000047999
0.06300000000047999
0.06300000000047999
0.06300000000047999
0.06300000000047999
0.06300000000047999
0.06300000000047999
0.06300000000047999
0.06300000000047999
0.06300000000047999
0.06300000000047999
0.06300000000047999
0.06300000000047999
0.06300000000047999
0.06300000000047999
0.06300000000047999
0.06300000000047999
0.06300000000047999
0.06300000000047999
0.06300000000047999
0.06300000000047999
0.06300000000047999
0.06300000000047999
0.06300000000047999
0.06300000000047999
0.06300000000047999
0.06300000000047999
0.06300000000047999
0.06300000000047999
0.06300000000047999
0.06300000000047999
0.06300000000047999
0.06300000000047999
0.06300000000047999
0.06300000000047999
0.06300000000047999
0.06300000000047999
0.06300000000047999
0.06300000000047999
0.06300000000047999
0.06300000000047999
0.06300000000047999
0.06300000000047999
0.06300000000047999
0.06300000000047999
0.06300000000047999
0.06300000000047999
0.06300000000047999
0.06300000000047999
0.06300000000047999
0.06300000000047999
0.06300000000047999
0.06300000000047999
0.06300000000047999
0.06300000000047999
0.06300000000047999
0.06300000000047999
0.06300000000047999
0.06300000000047999
0.06300000000047999
0.06300000000047999
0.06300000000047999
0.06300000000047999
0.06300000000047999
0.06300000000047999
0.06300000000047999
0.06300000000047999
0.06300000000047999
0.06300000000047999
0.06300000000047999
0.06300000000047999
0.06300000000047999
0.06300000000047999
0.06300000000047999
0.06300000000047999
0.06300000000047999
0.06300000000047999
0.06300000000047999
0.06300000000047999
0.06300000000047999
0.06300000000047999
0.06300000000047999
0.06300000000047999
0.06300000000047999
0.06300000000047999
0.06300000000047999
0.06300000000047999
0.06300000000047999
0.06300000000047999
0.06300000000047999
0.06300000000047999
0.06300000000047999
0.06300000000047999
0.06300000000047999
0.06300000000047999
0.06300000000047999
0.06300000000047999
0.06300000000047999
0.06300000000047999
0.06300000000047999
0.06300000000047999
0.06300000000047999
0.06300000000047999
0.06300000000047999
0.06300000000047999
0.06300000000047999
0.06300000000047999
0.06300000000047999
0.06300000000047999
0.06300000000047999
0.06300000000047999
0.06300000000047999
0.06300000000047999
0.06300000000047999
0.06300000000047999
0.06300000000047999
0.06300000000047999
0.06300000000047999
0.06300000000047999
0.06300000000047999
0.06300000000047999
0.06300000000047999
0.06300000000047999
0.06300000000047999
0.06300000000047999
0.06300000000047999
0.06300000000047999
0.06300000000047999
0.06300000000047999
0.06300000000047999
0.06300000000047999
0.06300000000047999
0.06300000000047999
0.06300000000047999
0.06300000000047999
0.06300000000047999
0.06300000000047999
0.06300000000047999
0.06300000000047999
0.06300000000047999
0.06300000000047999
0.06300000000047999
0.06300000000047999
0.06300000000047999
0.06300000000047999
0.06300000000047999
0.06300000000047999
0.06300000000047999
0.06300000000047999
0.06300000000047999
0.06300000000047999
0.06300000000047999
0.06300000000047999
0.06300000000047999
0.06300000000047999
0.06300000000047999
0.06300000000047999
0.06300000000047999
0.06300000000047999
0.06300000000047999
0.06300000000047999
0.06300000000047999
0.06300000000047999
0.06300000000047999
0.06300000000047999
0.06300000000047999
0.06300000000047999
0.06300000000047999
0.06300000000047999
0.06300000000047999
0.06300000000047999
0.06300000000047999
0.06300000000047999
0.06300000000047999
0.06300000000047999
0.06300000000047999
0.06300000000047999
0.06300000000047999
0.06300000000047999
0.06300000000047999
0.06300000000047999
0.06300000000047999
0.06300000000047999
0.06300000000047999
0.06300000000047999
0.06300000000047999
0.06300000000047999
0.06300000000047999
0.06300000000047999
0.06300000000047999
0.06300000000047999
0.06300000000047999
0.06300000000047999
0.06300000000047999
0.06300000000047999
0.06300000000047999
0.06300000000047999
0.06300000000047999
0.06300000000047999
0.06300000000047999
0.06300000000047999
0.06300000000047999
0.06300000000047999
0.06300000000047999
0.06300000000047999
0.06300000000047999
0.06300000000047999
0.06300000000047999
0.06300000000047999
0.06300000000047999
0.06300000000047999
0.06300000000047999
0.06300000000047999
0.06300000000047999
0.06300000000047999
0.06300000000047999
0.06300000000047999
0.06300000000047999
0.06300000000047999
0.06300000000047999
0.06300000000047999
0.06300000000047999
0.06300000000047999
0.06300000000047999
0.06300000000047999
0.06300000000047999
0.06300000000047999
0.06300000000047999
0.06300000000047999
0.06300000000047999
0.06300000000047999
0.06300000000047999
0.06300000000047999
0.06300000000047999
0.06300000000047999
0.06300000000047999
0.06300000000047999
0.06300000000047999
0.06300000000047999
0.06300000000047999
0.06300000000047999
0.06300000000047999
0.06300000000047999
0.06300000000047999
0.06300000000047999
0.06300000000047999
0.06300000000047999
0.06300000000047999
0.06300000000047999
0.06300000000047999
0.06300000000047999
0.06300000000047999
0.06300000000047999
0.06300000000047999
0.06300000000047999
0.06300000000047999
0.06300000000047999
0.06300000000047999
0.06300000000047999
0.06300000000047999
0.06300000000047999
0.06300000000047999
0.06300000000047999
0.06300000000047999
0.06300000000047999
0.06300000000047999
0.06300000000047999
0.06300000000047999
0.06300000000047999
0.06300000000047999
0.06300000000047999
0.06300000000047999
0.06300000000047999
0.06300000000047999
0.06300000000047999
0.06300000000047999
0.06300000000047999
0.06300000000047999
0.06300000000047999
0.06300000000047999
0.06300000000047999
0.06300000000047999
0.06300000000047999
0.06300000000047999
0.06300000000047999
0.06300000000047999
0.06300000000047999
0.06300000000047999
0.06300000000047999
0.06300000000047999
0.06300000000047999
0.06300000000047999
0.06300000000047999
0.06300000000047999
0.06300000000047999
0.06300000000047999
0.06300000000047999
0.06300000000047999
0.06300000000047999
0.06300000000047999
0.06300000000047999
0.06300000000047999
0.06300000000047999
0.06300000000047999
0.06300000000047999
0.06300000000047999
0.06300000000047999
0.06300000000047999
0.06300000000047999
0.06300000000047999
0.06300000000047999
0.06300000000047999
0.06300000000047999
0.06300000000047999
0.06300000000047999
0.06300000000047999
0.06300000000047999
0.06300000000047999
0.06300000000047999
0.06300000000047999
0.06300000000047999
0.06300000000047999
0.06300000000047999
0.06300000000047999
0.06300000000047999
0.06300000000047999
0.06300000000047999
0.06300000000047999
0.06300000000047999
0.06300000000047999
0.06300000000047999
0.06300000000047999
0.06300000000047999
0.06300000000047999
0.06300000000047999
0.06300000000047999
0.06300000000047999
0.06300000000047999
0.06300000000047999
0.06300000000047999
0.06300000000047999
0.06300000000047999
0.06300000000047999
0.06300000000047999
0.06300000000047999
0.06300000000047999
0.06300000000047999
0.06300000000047999
0.06300000000047999
0.06300000000047999
0.06300000000047999
0.06300000000047999
0.06300000000047999
0.06300000000047999
0.06300000000047999
0.06300000000047999
0.06300000000047999
0.06300000000047999
0.06300000000047999
0.06300000000047999
0.06300000000047999
0.06300000000047999
0.06300000000047999
0.06300000000047999
0.06300000000047999
0.06300000000047999
0.06300000000047999
0.06300000000047999
0.06300000000047999
0.06300000000047999
0.06300000000047999
0.06300000000047999
0.06300000000047999
0.06300000000047999
0.06300000000047999
0.06300000000047999
0.06300000000047999
0.06300000000047999
0.06300000000047999
0.06300000000047999
0.06300000000047999
0.06300000000047999
0.06300000000047999
0.06300000000047999
0.06300000000047999
0.06300000000047999
0.06300000000047999
0.06300000000047999
0.06300000000047999
0.06300000000047999
0.06300000000047999
0.06300000000047999
0.06300000000047999
0.06300000000047999
0.06300000000047999
0.06300000000047999
0.06300000000047999
0.06300000000047999
0.06300000000047999
0.06300000000047999
0.06300000000047999
0.06300000000047999
0.06300000000047999
0.06300000000047999
0.06300000000047999
0.06300000000047999
0.06300000000047999
0.06300000000047999
0.06300000000047999
0.06300000000047999
0.06300000000047999
0.06300000000047999
0.06300000000047999
0.06300000000047999
0.06300000000047999
0.06300000000047999
0.06300000000047999
0.06300000000047999
0.06300000000047999
0.06300000000047999
0.06300000000047999
0.06300000000047999
0.06300000000047999
0.06300000000047999
0.06300000000047999
0.06300000000047999
0.06300000000047999
0.06300000000047999
0.06300000000047999
0.06300000000047999
0.06300000000047999
0.06300000000047999
0.06300000000047999
0.06300000000047999
0.06300000000047999
0.06300000000047999
0.06300000000047999
0.06300000000047999
0.06300000000047999
0.06300000000047999
0.06300000000047999
0.06300000000047999
0.06300000000047999
0.06300000000047999
0.06300000000047999
0.06300000000047999
0.06300000000047999
0.06300000000047999
0.06300000000047999
0.06300000000047999
0.06300000000047999
0.06300000000047999
0.06300000000047999
0.06300000000047999
0.06300000000047999
0.06300000000047999
0.06300000000047999
0.06300000000047999
0.06300000000047999
0.06300000000047999
0.06300000000047999
0.06300000000047999
0.06300000000047999
0.06300000000047999
0.06300000000047999
0.06300000000047999
0.06300000000047999
0.06300000000047999
0.06300000000047999
0.06300000000047999
0.06300000000047999
0.06300000000047999
0.06300000000047999
0.06300000000047999
0.06300000000047999
0.06300000000047999
0.06300000000047999
0.06300000000047999
0.06300000000047999
0.06300000000047999
0.06300000000047999
0.06300000000047999
0.06300000000047999
0.06300000000047999
0.06300000000047999
0.06300000000047999
0.06300000000047999
0.06300000000047999
0.06300000000047999
0.06300000000047999
0.06300000000047999
0.06300000000047999
0.06300000000047999
0.06300000000047999
0.06300000000047999
0.06300000000047999
0.06300000000047999
0.06300000000047999
0.06300000000047999
0.06300000000047999
0.06300000000047999
0.06300000000047999
0.06300000000047999
0.06300000000047999
0.06300000000047999
0.06300000000047999
0.06300000000047999
0.06300000000047999
0.06300000000047999
0.06300000000047999
0.06300000000047999
0.06300000000047999
0.06300000000047999
0.06300000000047999
0.06300000000047999
0.06300000000047999
0.06300000000047999
0.06300000000047999
0.06300000000047999
0.06300000000047999
0.06300000000047999
0.06300000000047999
0.06300000000047999
0.06300000000047999
0.06300000000047999
0.06300000000047999
0.06300000000047999
0.06300000000047999
0.06300000000047999
0.06300000000047999
0.06300000000047999
0.06300000000047999
0.06300000000047999
0.06300000000047999
0.06300000000047999
0.06300000000047999
0.06300000000047999
0.06300000000047999
0.06300000000047999
0.06300000000047999
0.06300000000047999
0.06300000000047999
0.06300000000047999
0.06300000000047999
0.06300000000047999
0.06300000000047999
0.06300000000047999
0.06300000000047999
0.06300000000047999
0.06300000000047999
0.06300000000047999
0.06300000000047999
0.06300000000047999
0.06300000000047999
0.06300000000047999
0.06300000000047999
0.06300000000047999
0.06300000000047999
0.06300000000047999
0.06300000000047999
0.06300000000047999
0.06300000000047999
0.06300000000047999
0.06300000000047999
0.06300000000047999
0.06300000000047999
0.06300000000047999
0.06300000000047999
0.06300000000047999
0.06300000000047999
0.06300000000047999
0.06300000000047999
0.06300000000047999
0.06300000000047999
0.06300000000047999
0.06300000000047999
0.06300000000047999
0.06300000000047999
0.06300000000047999
0.06300000000047999
0.06300000000047999
0.06300000000047999
0.06300000000047999
0.06300000000047999
0.06300000000047999
0.06300000000047999
0.06300000000047999
0.06300000000047999
0.06300000000047999
0.06300000000047999
0.06300000000047999
0.06300000000047999
0.06300000000047999
0.06300000000047999
0.06300000000047999
0.06300000000047999
0.06300000000047999
0.06300000000047999
0.06300000000047999
0.06300000000047999
0.06300000000047999
0.06300000000047999
0.06300000000047999
0.06300000000047999
0.06300000000047999
0.06300000000047999
0.06300000000047999
0.06300000000047999
0.06300000000047999
0.06300000000047999
0.06300000000047999
0.06300000000047999
0.06300000000047999
0.06300000000047999
0.06300000000047999
0.06300000000047999
0.06300000000047999
0.06300000000047999
0.06300000000047999
0.06300000000047999
0.06300000000047999
0.06300000000047999
0.06300000000047999
0.06300000000047999
0.06300000000047999
0.06300000000047999
0.06300000000047999
0.06300000000047999
0.06300000000047999
0.06300000000047999
0.06300000000047999
0.06300000000047999
0.06300000000047999
0.06300000000047999
0.06300000000047999
0.06300000000047999
0.06300000000047999
0.10300000000048
0.10300000000048
0.10300000000048
0.10300000000048
0.10300000000048
0.10300000000048
0.10300000000048
0.10300000000048
0.10300000000048
0.10300000000048
0.10300000000048
0.10300000000048
0.10300000000048
0.10300000000048
0.10300000000048
0.10300000000048
0.10300000000048
0.10300000000048
0.10300000000048
0.10300000000048
0.10300000000048
0.10300000000048
0.10300000000048
0.10300000000048
0.10300000000048
0.10300000000048
0.10300000000048
0.10300000000048
0.10300000000048
0.10300000000048
0.10300000000048
0.10300000000048
0.10300000000048
0.10300000000048
0.10300000000048
0.10300000000048
0.10300000000048
0.10300000000048
0.10300000000048
0.10300000000048
0.10300000000048
0.10300000000048
0.10300000000048
0.10300000000048
0.10300000000048
0.10300000000048
0.10300000000048
0.10300000000048
0.10300000000048
0.10300000000048
0.10300000000048
0.10300000000048
0.10300000000048
0.10300000000048
0.10300000000048
0.10300000000048
0.10300000000048
0.10300000000048
0.10300000000048
0.10300000000048
0.10300000000048
0.10300000000048
0.10300000000048
0.10300000000048
0.10300000000048
0.10300000000048
0.10300000000048
0.10300000000048
0.10300000000048
0.10300000000048
0.10300000000048
0.10300000000048
0.10300000000048
0.10300000000048
0.10300000000048
0.10300000000048
0.10300000000048
0.10300000000048
0.10300000000048
0.10300000000048
0.10300000000048
0.10300000000048
0.10300000000048
0.10300000000048
0.10300000000048
0.10300000000048
0.10300000000048
0.10300000000048
0.10300000000048
0.10300000000048
0.10300000000048
0.10300000000048
0.10300000000048
0.10300000000048
0.10300000000048
0.10300000000048
0.10300000000048
0.10300000000048
0.10300000000048
0.10300000000048
0.10300000000048
0.10300000000048
0.10300000000048
0.10300000000048
0.10300000000048
0.10300000000048
0.10300000000048
0.10300000000048
0.10300000000048
0.10300000000048
0.10300000000048
0.10300000000048
0.10300000000048
0.10300000000048
0.10300000000048
0.10300000000048
0.10300000000048
0.10300000000048
0.10300000000048
0.10300000000048
0.10300000000048
0.10300000000048
0.10300000000048
0.10300000000048
0.10300000000048
0.10300000000048
0.10300000000048
0.10300000000048
0.10300000000048
0.10300000000048
0.10300000000048
0.10300000000048
0.10300000000048
0.10300000000048
0.10300000000048
0.10300000000048
0.10300000000048
0.10300000000048
0.10300000000048
0.10300000000048
0.10300000000048
0.10300000000048
0.10300000000048
0.10300000000048
0.10300000000048
0.10300000000048
0.10300000000048
0.10300000000048
0.10300000000048
0.10300000000048
0.10300000000048
0.10300000000048
0.10300000000048
0.10300000000048
0.10300000000048
0.10300000000048
0.10300000000048
0.10300000000048
0.10300000000048
0.10300000000048
0.10300000000048
0.10300000000048
0.10300000000048
0.10300000000048
0.10300000000048
0.10300000000048
0.10300000000048
0.10300000000048
0.10300000000048
0.10300000000048
0.10300000000048
0.10300000000048
0.10300000000048
0.10300000000048
0.10300000000048
0.10300000000048
0.10300000000048
0.10300000000048
0.10300000000048
0.10300000000048
0.10300000000048
0.10300000000048
0.10300000000048
0.10300000000048
0.10300000000048
0.10300000000048
0.10300000000048
0.10300000000048
0.10300000000048
0.10300000000048
0.10300000000048
0.10300000000048
0.10300000000048
0.10300000000048
0.10300000000048
0.10300000000048
0.10300000000048
0.10300000000048
0.10300000000048
0.10300000000048
0.10300000000048
0.10300000000048
0.10300000000048
0.10300000000048
0.10300000000048
0.10300000000048
0.10300000000048
0.10300000000048
0.10300000000048
0.10300000000048
0.10300000000048
0.10300000000048
0.10300000000048
0.10300000000048
0.10300000000048
0.10300000000048
0.10300000000048
0.10300000000048
0.10300000000048
0.10300000000048
0.10300000000048
0.10300000000048
0.10300000000048
0.10300000000048
0.10300000000048
0.10300000000048
0.10300000000048
0.10300000000048
0.10300000000048
0.10300000000048
0.10300000000048
0.10300000000048
0.10300000000048
0.10300000000048
0.10300000000048
0.10300000000048
0.10300000000048
0.10300000000048
0.10300000000048
0.10300000000048
0.10300000000048
0.10300000000048
0.10300000000048
0.10300000000048
0.10300000000048
0.10300000000048
0.10300000000048
0.10300000000048
0.10300000000048
0.10300000000048
0.10300000000048
0.10300000000048
0.10300000000048
0.10300000000048
0.10300000000048
0.10300000000048
0.10300000000048
0.10300000000048
0.10300000000048
0.10300000000048
0.10300000000048
0.10300000000048
0.10300000000048
0.10300000000048
0.10300000000048
0.10300000000048
0.10300000000048
0.10300000000048
0.10300000000048
0.10300000000048
0.10300000000048
0.10300000000048
0.10300000000048
0.10300000000048
0.10300000000048
0.10300000000048
0.10300000000048
0.10300000000048
0.10300000000048
0.10300000000048
0.10300000000048
0.10300000000048
0.10300000000048
0.10300000000048
0.10300000000048
0.10300000000048
0.10300000000048
0.10300000000048
0.10300000000048
0.10300000000048
0.10300000000048
0.10300000000048
0.10300000000048
0.10300000000048
0.10300000000048
0.10300000000048
0.10300000000048
0.10300000000048
0.10300000000048
0.10300000000048
0.10300000000048
0.10300000000048
0.10300000000048
0.10300000000048
0.10300000000048
0.10300000000048
0.10300000000048
0.10300000000048
0.10300000000048
0.10300000000048
0.10300000000048
0.10300000000048
0.10300000000048
0.10300000000048
0.10300000000048
0.10300000000048
0.10300000000048
0.10300000000048
0.10300000000048
0.10300000000048
0.10300000000048
0.10300000000048
0.10300000000048
0.10300000000048
0.10300000000048
0.10300000000048
0.10300000000048
0.10300000000048
0.10300000000048
0.10300000000048
0.10300000000048
0.10300000000048
0.10300000000048
0.10300000000048
0.10300000000048
0.10300000000048
0.10300000000048
0.10300000000048
0.10300000000048
0.10300000000048
0.10300000000048
0.10300000000048
0.10300000000048
0.10300000000048
0.10300000000048
0.10300000000048
0.10300000000048
0.10300000000048
0.10300000000048
0.10300000000048
0.10300000000048
0.10300000000048
0.10300000000048
0.10300000000048
0.10300000000048
0.10300000000048
0.10300000000048
0.10300000000048
0.10300000000048
0.10300000000048
0.10300000000048
0.10300000000048
0.10300000000048
0.10300000000048
0.10300000000048
0.10300000000048
0.10300000000048
0.10300000000048
0.10300000000048
0.10300000000048
0.10300000000048
0.10300000000048
0.10300000000048
0.10300000000048
0.10300000000048
0.10300000000048
0.10300000000048
0.10300000000048
0.10300000000048
0.10300000000048
0.10300000000048
0.10300000000048
0.10300000000048
0.10300000000048
0.10300000000048
0.10300000000048
0.10300000000048
0.10300000000048
0.10300000000048
0.10300000000048
0.10300000000048
0.10300000000048
0.10300000000048
0.10300000000048
0.10300000000048
0.10300000000048
0.10300000000048
0.10300000000048
0.10300000000048
0.10300000000048
0.10300000000048
0.10300000000048
0.10300000000048
0.10300000000048
0.10300000000048
0.10300000000048
0.10300000000048
0.10300000000048
0.10300000000048
0.10300000000048
0.10300000000048
0.10300000000048
0.10300000000048
0.10300000000048
0.10300000000048
0.10300000000048
0.10300000000048
0.10300000000048
0.10300000000048
0.10300000000048
0.10300000000048
0.10300000000048
0.10300000000048
0.10300000000048
0.10300000000048
0.10300000000048
0.10300000000048
0.10300000000048
0.10300000000048
0.10300000000048
0.10300000000048
0.10300000000048
0.10300000000048
0.10300000000048
0.10300000000048
0.10300000000048
0.10300000000048
0.10300000000048
0.10300000000048
0.10300000000048
0.10300000000048
0.10300000000048
0.10300000000048
0.10300000000048
0.10300000000048
0.10300000000048
0.10300000000048
0.10300000000048
0.10300000000048
0.10300000000048
0.10300000000048
0.10300000000048
0.10300000000048
0.10300000000048
0.10300000000048
0.10300000000048
0.10300000000048
0.10300000000048
0.10300000000048
0.10300000000048
0.10300000000048
0.10300000000048
0.10300000000048
0.10300000000048
0.10300000000048
0.10300000000048
0.10300000000048
0.10300000000048
0.10300000000048
0.10300000000048
0.10300000000048
0.10300000000048
0.10300000000048
0.10300000000048
0.10300000000048
0.10300000000048
0.10300000000048
0.10300000000048
0.10300000000048
0.10300000000048
0.10300000000048
0.10300000000048
0.10300000000048
0.10300000000048
0.10300000000048
0.10300000000048
0.10300000000048
0.10300000000048
0.10300000000048
0.10300000000048
0.10300000000048
0.10300000000048
0.10300000000048
0.10300000000048
0.10300000000048
0.10300000000048
0.10300000000048
0.10300000000048
0.10300000000048
0.10300000000048
0.10300000000048
0.10300000000048
0.10300000000048
0.10300000000048
0.10300000000048
0.10300000000048
0.10300000000048
0.10300000000048
0.10300000000048
0.10300000000048
0.10300000000048
0.10300000000048
0.10300000000048
0.10300000000048
0.10300000000048
0.10300000000048
0.10300000000048
0.10300000000048
0.10300000000048
0.10300000000048
0.10300000000048
0.10300000000048
0.10300000000048
0.10300000000048
0.10300000000048
0.10300000000048
0.10300000000048
0.10300000000048
0.10300000000048
0.10300000000048
0.10300000000048
0.10300000000048
0.10300000000048
0.10300000000048
0.10300000000048
0.10300000000048
0.10300000000048
0.10300000000048
0.10300000000048
0.10300000000048
0.10300000000048
0.10300000000048
0.10300000000048
0.10300000000048
0.10300000000048
0.10300000000048
0.10300000000048
0.10300000000048
0.10300000000048
0.10300000000048
0.10300000000048
0.10300000000048
0.10300000000048
0.10300000000048
0.10300000000048
0.10300000000048
0.10300000000048
0.10300000000048
0.10300000000048
0.10300000000048
0.10300000000048
0.10300000000048
0.10300000000048
0.10300000000048
0.10300000000048
0.10300000000048
0.10300000000048
0.10300000000048
0.10300000000048
0.10300000000048
0.10300000000048
0.10300000000048
0.10300000000048
0.10300000000048
0.10300000000048
0.10300000000048
0.10300000000048
0.10300000000048
0.10300000000048
0.10300000000048
0.10300000000048
0.10300000000048
0.10300000000048
0.10300000000048
0.10300000000048
0.10300000000048
0.10300000000048
0.10300000000048
0.10300000000048
0.10300000000048
0.10300000000048
0.10300000000048
0.10300000000048
0.10300000000048
0.10300000000048
0.10300000000048
0.10300000000048
0.10300000000048
0.10300000000048
0.10300000000048
0.10300000000048
0.10300000000048
0.10300000000048
0.10300000000048
0.10300000000048
0.10300000000048
0.10300000000048
0.10300000000048
0.10300000000048
0.10300000000048
0.10300000000048
0.10300000000048
0.10300000000048
0.10300000000048
0.10300000000048
0.10300000000048
0.10300000000048
0.10300000000048
0.10300000000048
0.10300000000048
0.10300000000048
0.10300000000048
0.10300000000048
0.10300000000048
0.10300000000048
0.10300000000048
0.10300000000048
0.10300000000048
0.10300000000048
0.10300000000048
0.10300000000048
0.10300000000048
0.10300000000048
0.10300000000048
0.10300000000048
0.10300000000048
0.10300000000048
0.10300000000048
0.10300000000048
0.10300000000048
0.10300000000048
0.10300000000048
0.10300000000048
0.10300000000048
0.10300000000048
0.10300000000048
0.10300000000048
0.10300000000048
0.10300000000048
0.10300000000048
0.10300000000048
0.10300000000048
0.10300000000048
0.10300000000048
0.10300000000048
0.10300000000048
0.10300000000048
0.10300000000048
0.10300000000048
0.10300000000048
0.10300000000048
0.10300000000048
0.10300000000048
0.10300000000048
0.10300000000048
0.10300000000048
0.10300000000048
0.10300000000048
0.10300000000048
0.10300000000048
0.10300000000048
0.10300000000048
0.10300000000048
0.10300000000048
0.10300000000048
0.10300000000048
0.10300000000048
0.10300000000048
0.10300000000048
0.10300000000048
0.10300000000048
0.10300000000048
0.10300000000048
0.10300000000048
0.10300000000048
0.10300000000048
0.10300000000048
0.10300000000048
0.10300000000048
0.10300000000048
0.10300000000048
0.10300000000048
0.10300000000048
0.10300000000048
0.10300000000048
0.10300000000048
0.10300000000048
0.10300000000048
0.10300000000048
0.10300000000048
0.10300000000048
0.10300000000048
0.10300000000048
0.10300000000048
0.10300000000048
0.10300000000048
0.10300000000048
0.10300000000048
0.10300000000048
0.10300000000048
0.10300000000048
0.10300000000048
0.10300000000048
0.10300000000048
0.14300000000048
0.14300000000048
0.14300000000048
0.14300000000048
0.14300000000048
0.14300000000048
0.14300000000048
0.14300000000048
0.14300000000048
0.14300000000048
0.14300000000048
0.14300000000048
0.14300000000048
0.14300000000048
0.14300000000048
0.14300000000048
0.14300000000048
0.14300000000048
0.14300000000048
0.14300000000048
0.14300000000048
0.14300000000048
0.14300000000048
0.14300000000048
0.14300000000048
0.14300000000048
0.14300000000048
0.14300000000048
0.14300000000048
0.14300000000048
0.14300000000048
0.14300000000048
0.14300000000048
0.14300000000048
0.14300000000048
0.14300000000048
0.14300000000048
0.14300000000048
0.14300000000048
0.14300000000048
0.14300000000048
0.14300000000048
0.14300000000048
0.14300000000048
0.14300000000048
0.14300000000048
0.14300000000048
0.14300000000048
0.14300000000048
0.14300000000048
0.14300000000048
0.14300000000048
0.14300000000048
0.14300000000048
0.14300000000048
0.14300000000048
0.14300000000048
0.14300000000048
0.14300000000048
0.14300000000048
0.14300000000048
0.14300000000048
0.14300000000048
0.14300000000048
0.14300000000048
0.14300000000048
0.14300000000048
0.14300000000048
0.14300000000048
0.14300000000048
0.14300000000048
0.14300000000048
0.14300000000048
0.14300000000048
0.14300000000048
0.14300000000048
0.14300000000048
0.14300000000048
0.14300000000048
0.14300000000048
0.14300000000048
0.14300000000048
0.14300000000048
0.14300000000048
0.14300000000048
0.14300000000048
0.14300000000048
0.14300000000048
0.14300000000048
0.14300000000048
0.14300000000048
0.14300000000048
0.14300000000048
0.14300000000048
0.14300000000048
0.14300000000048
0.14300000000048
0.14300000000048
0.14300000000048
0.14300000000048
0.14300000000048
0.14300000000048
0.14300000000048
0.14300000000048
0.14300000000048
0.14300000000048
0.14300000000048
0.14300000000048
0.14300000000048
0.14300000000048
0.14300000000048
0.14300000000048
0.14300000000048
0.14300000000048
0.14300000000048
0.14300000000048
0.14300000000048
0.14300000000048
0.14300000000048
0.14300000000048
0.14300000000048
0.14300000000048
0.14300000000048
0.14300000000048
0.14300000000048
0.14300000000048
0.14300000000048
0.14300000000048
0.14300000000048
0.14300000000048
0.14300000000048
0.14300000000048
0.14300000000048
0.14300000000048
0.14300000000048
0.14300000000048
0.14300000000048
0.14300000000048
0.14300000000048
0.14300000000048
0.14300000000048
0.14300000000048
0.14300000000048
0.14300000000048
0.14300000000048
0.14300000000048
0.14300000000048
0.14300000000048
0.14300000000048
0.14300000000048
0.14300000000048
0.14300000000048
0.14300000000048
0.14300000000048
0.14300000000048
0.14300000000048
0.14300000000048
0.14300000000048
0.14300000000048
0.14300000000048
0.14300000000048
0.14300000000048
0.14300000000048
0.14300000000048
0.14300000000048
0.14300000000048
0.14300000000048
0.14300000000048
0.14300000000048
0.14300000000048
0.14300000000048
0.14300000000048
0.14300000000048
0.14300000000048
0.14300000000048
0.14300000000048
0.14300000000048
0.14300000000048
0.14300000000048
0.14300000000048
0.14300000000048
0.14300000000048
0.14300000000048
0.14300000000048
0.14300000000048
0.14300000000048
0.14300000000048
0.14300000000048
0.14300000000048
0.14300000000048
0.14300000000048
0.14300000000048
0.14300000000048
0.14300000000048
0.14300000000048
0.14300000000048
0.14300000000048
0.14300000000048
0.14300000000048
0.14300000000048
0.14300000000048
0.14300000000048
0.14300000000048
0.14300000000048
0.14300000000048
0.14300000000048
0.14300000000048
0.14300000000048
0.14300000000048
0.14300000000048
0.14300000000048
0.14300000000048
0.14300000000048
0.14300000000048
0.14300000000048
0.14300000000048
0.14300000000048
0.14300000000048
0.14300000000048
0.14300000000048
0.14300000000048
0.14300000000048
0.14300000000048
0.14300000000048
0.14300000000048
0.14300000000048
0.14300000000048
0.14300000000048
0.14300000000048
0.14300000000048
0.14300000000048
0.14300000000048
0.14300000000048
0.14300000000048
0.14300000000048
0.14300000000048
0.14300000000048
0.14300000000048
0.14300000000048
0.14300000000048
0.14300000000048
0.14300000000048
0.14300000000048
0.14300000000048
0.14300000000048
0.14300000000048
0.14300000000048
0.14300000000048
0.14300000000048
0.14300000000048
0.14300000000048
0.14300000000048
0.14300000000048
0.14300000000048
0.14300000000048
0.14300000000048
0.14300000000048
0.14300000000048
0.14300000000048
0.14300000000048
0.14300000000048
0.14300000000048
0.14300000000048
0.14300000000048
0.14300000000048
0.14300000000048
0.14300000000048
0.14300000000048
0.14300000000048
0.14300000000048
0.14300000000048
0.14300000000048
0.14300000000048
0.14300000000048
0.14300000000048
0.14300000000048
0.14300000000048
0.14300000000048
0.14300000000048
0.14300000000048
0.14300000000048
0.14300000000048
0.14300000000048
0.14300000000048
0.14300000000048
0.14300000000048
0.14300000000048
0.14300000000048
0.14300000000048
0.14300000000048
0.14300000000048
0.14300000000048
0.14300000000048
0.14300000000048
0.14300000000048
0.14300000000048
0.14300000000048
0.14300000000048
0.14300000000048
0.14300000000048
0.14300000000048
0.14300000000048
0.14300000000048
0.14300000000048
0.14300000000048
0.14300000000048
0.14300000000048
0.14300000000048
0.14300000000048
0.14300000000048
0.14300000000048
0.14300000000048
0.14300000000048
0.14300000000048
0.14300000000048
0.14300000000048
0.14300000000048
0.14300000000048
0.14300000000048
0.14300000000048
0.14300000000048
0.14300000000048
0.14300000000048
0.14300000000048
0.14300000000048
0.14300000000048
0.14300000000048
0.14300000000048
0.14300000000048
0.14300000000048
0.14300000000048
0.14300000000048
0.14300000000048
0.14300000000048
0.14300000000048
0.14300000000048
0.14300000000048
0.14300000000048
0.14300000000048
0.14300000000048
0.14300000000048
0.14300000000048
0.14300000000048
0.14300000000048
0.14300000000048
0.14300000000048
0.14300000000048
0.14300000000048
0.14300000000048
0.14300000000048
0.14300000000048
0.14300000000048
0.14300000000048
0.14300000000048
0.14300000000048
0.14300000000048
0.14300000000048
0.14300000000048
0.14300000000048
0.14300000000048
0.14300000000048
0.14300000000048
0.14300000000048
0.14300000000048
0.14300000000048
0.14300000000048
0.14300000000048
0.14300000000048
0.14300000000048
0.14300000000048
0.14300000000048
0.14300000000048
0.14300000000048
0.14300000000048
0.14300000000048
0.14300000000048
0.14300000000048
0.14300000000048
0.14300000000048
0.14300000000048
0.14300000000048
0.14300000000048
0.14300000000048
0.14300000000048
0.14300000000048
0.14300000000048
0.14300000000048
0.14300000000048
0.14300000000048
0.14300000000048
0.14300000000048
0.14300000000048
0.14300000000048
0.14300000000048
0.14300000000048
0.14300000000048
0.14300000000048
0.14300000000048
0.14300000000048
0.14300000000048
0.14300000000048
0.14300000000048
0.14300000000048
0.14300000000048
0.14300000000048
0.14300000000048
0.14300000000048
0.14300000000048
0.14300000000048
0.14300000000048
0.14300000000048
0.14300000000048
0.14300000000048
0.14300000000048
0.14300000000048
0.14300000000048
0.14300000000048
0.14300000000048
0.14300000000048
0.14300000000048
0.14300000000048
0.14300000000048
0.14300000000048
0.14300000000048
0.14300000000048
0.14300000000048
0.14300000000048
0.14300000000048
0.14300000000048
0.14300000000048
0.14300000000048
0.14300000000048
0.14300000000048
0.14300000000048
0.14300000000048
0.14300000000048
0.14300000000048
0.14300000000048
0.14300000000048
0.14300000000048
0.14300000000048
0.14300000000048
0.14300000000048
0.14300000000048
0.14300000000048
0.14300000000048
0.14300000000048
0.14300000000048
0.14300000000048
0.14300000000048
0.14300000000048
0.14300000000048
0.14300000000048
0.14300000000048
0.14300000000048
0.14300000000048
0.14300000000048
0.14300000000048
0.14300000000048
0.14300000000048
0.14300000000048
0.14300000000048
0.14300000000048
0.14300000000048
0.14300000000048
0.14300000000048
0.14300000000048
0.14300000000048
0.14300000000048
0.14300000000048
0.14300000000048
0.14300000000048
0.14300000000048
0.14300000000048
0.14300000000048
0.14300000000048
0.14300000000048
0.14300000000048
0.14300000000048
0.14300000000048
0.14300000000048
0.14300000000048
0.14300000000048
0.14300000000048
0.14300000000048
0.14300000000048
0.14300000000048
0.14300000000048
0.14300000000048
0.14300000000048
0.14300000000048
0.14300000000048
0.14300000000048
0.14300000000048
0.14300000000048
0.14300000000048
0.14300000000048
0.14300000000048
0.14300000000048
0.14300000000048
0.14300000000048
0.14300000000048
0.14300000000048
0.14300000000048
0.14300000000048
0.14300000000048
0.14300000000048
0.14300000000048
0.14300000000048
0.14300000000048
0.14300000000048
0.14300000000048
0.14300000000048
0.14300000000048
0.14300000000048
0.14300000000048
0.14300000000048
0.14300000000048
0.18300000000048
0.18300000000048
0.18300000000048
0.18300000000048
0.18300000000048
0.18300000000048
0.18300000000048
0.18300000000048
0.18300000000048
0.18300000000048
0.18300000000048
0.18300000000048
0.18300000000048
0.18300000000048
0.18300000000048
0.18300000000048
0.18300000000048
0.18300000000048
0.18300000000048
0.18300000000048
0.18300000000048
0.18300000000048
0.18300000000048
0.18300000000048
0.18300000000048
0.18300000000048
0.18300000000048
0.18300000000048
0.18300000000048
0.18300000000048
0.18300000000048
0.18300000000048
0.18300000000048
0.18300000000048
0.18300000000048
0.18300000000048
0.18300000000048
0.18300000000048
0.18300000000048
0.18300000000048
0.18300000000048
0.18300000000048
0.18300000000048
0.18300000000048
0.18300000000048
0.18300000000048
0.18300000000048
0.18300000000048
0.18300000000048
0.18300000000048
0.18300000000048
0.18300000000048
0.18300000000048
0.18300000000048
0.18300000000048
0.18300000000048
0.18300000000048
0.18300000000048
0.18300000000048
0.18300000000048
0.18300000000048
0.18300000000048
0.18300000000048
0.18300000000048
0.18300000000048
0.18300000000048
0.18300000000048
0.18300000000048
0.18300000000048
0.18300000000048
0.18300000000048
0.18300000000048
0.18300000000048
0.18300000000048
0.18300000000048
0.18300000000048
0.18300000000048
0.18300000000048
0.18300000000048
0.18300000000048
0.18300000000048
0.18300000000048
0.18300000000048
0.18300000000048
0.18300000000048
0.18300000000048
0.18300000000048
0.18300000000048
0.18300000000048
0.18300000000048
0.18300000000048
0.18300000000048
0.18300000000048
0.18300000000048
0.18300000000048
0.18300000000048
0.18300000000048
0.18300000000048
0.18300000000048
0.18300000000048
0.18300000000048
0.18300000000048
0.18300000000048
0.18300000000048
0.18300000000048
0.18300000000048
0.18300000000048
0.18300000000048
0.18300000000048
0.18300000000048
0.18300000000048
0.18300000000048
0.18300000000048
0.18300000000048
0.18300000000048
0.18300000000048
0.18300000000048
0.18300000000048
0.18300000000048
0.18300000000048
0.18300000000048
0.18300000000048
0.18300000000048
0.18300000000048
0.18300000000048
0.18300000000048
0.18300000000048
0.18300000000048
0.18300000000048
0.18300000000048
0.18300000000048
0.18300000000048
0.18300000000048
0.18300000000048
0.18300000000048
0.18300000000048
0.18300000000048
0.18300000000048
0.18300000000048
0.18300000000048
0.18300000000048
0.18300000000048
0.18300000000048
0.18300000000048
0.18300000000048
0.18300000000048
0.18300000000048
0.18300000000048
0.18300000000048
0.18300000000048
0.18300000000048
0.18300000000048
0.18300000000048
0.18300000000048
0.18300000000048
0.18300000000048
0.18300000000048
0.18300000000048
0.18300000000048
0.18300000000048
0.18300000000048
0.18300000000048
0.18300000000048
0.18300000000048
0.18300000000048
0.18300000000048
0.18300000000048
0.18300000000048
0.18300000000048
0.18300000000048
0.18300000000048
0.18300000000048
0.18300000000048
0.18300000000048
0.18300000000048
0.18300000000048
0.18300000000048
0.18300000000048
0.18300000000048
0.18300000000048
0.18300000000048
0.18300000000048
0.18300000000048
0.18300000000048
0.18300000000048
0.18300000000048
0.18300000000048
0.18300000000048
0.18300000000048
0.18300000000048
0.18300000000048
0.18300000000048
0.18300000000048
0.18300000000048
0.18300000000048
0.18300000000048
0.18300000000048
0.18300000000048
0.18300000000048
0.18300000000048
0.18300000000048
0.18300000000048
0.18300000000048
0.18300000000048
0.18300000000048
0.18300000000048
0.18300000000048
0.18300000000048
0.18300000000048
0.18300000000048
0.18300000000048
0.18300000000048
0.18300000000048
0.18300000000048
0.18300000000048
0.18300000000048
0.18300000000048
0.18300000000048
0.18300000000048
0.18300000000048
0.18300000000048
0.18300000000048
0.18300000000048
0.18300000000048
0.18300000000048
0.18300000000048
0.18300000000048
0.18300000000048
0.18300000000048
0.18300000000048
0.18300000000048
0.18300000000048
0.18300000000048
0.18300000000048
0.18300000000048
0.18300000000048
0.18300000000048
0.18300000000048
0.18300000000048
0.18300000000048
0.18300000000048
0.18300000000048
0.18300000000048
0.18300000000048
0.18300000000048
0.18300000000048
0.18300000000048
0.18300000000048
0.18300000000048
0.18300000000048
0.18300000000048
0.18300000000048
0.18300000000048
0.18300000000048
0.18300000000048
0.18300000000048
0.18300000000048
0.18300000000048
0.18300000000048
0.18300000000048
0.18300000000048
0.18300000000048
0.18300000000048
0.18300000000048
0.18300000000048
0.18300000000048
0.18300000000048
0.18300000000048
0.18300000000048
0.18300000000048
0.18300000000048
0.18300000000048
0.18300000000048
0.18300000000048
0.18300000000048
0.18300000000048
0.18300000000048
0.18300000000048
0.18300000000048
0.18300000000048
0.18300000000048
0.18300000000048
0.18300000000048
0.18300000000048
0.18300000000048
0.18300000000048
0.18300000000048
0.18300000000048
0.18300000000048
0.18300000000048
0.18300000000048
0.18300000000048
0.18300000000048
0.18300000000048
0.18300000000048
0.18300000000048
0.18300000000048
0.18300000000048
0.18300000000048
0.18300000000048
0.18300000000048
0.18300000000048
0.18300000000048
0.18300000000048
0.18300000000048
0.18300000000048
0.18300000000048
0.18300000000048
0.18300000000048
0.18300000000048
0.18300000000048
0.18300000000048
0.18300000000048
0.18300000000048
0.18300000000048
0.18300000000048
0.18300000000048
0.18300000000048
0.18300000000048
0.18300000000048
0.18300000000048
0.18300000000048
0.18300000000048
0.18300000000048
0.18300000000048
0.18300000000048
0.18300000000048
0.18300000000048
0.18300000000048
0.18300000000048
0.18300000000048
0.18300000000048
0.18300000000048
0.18300000000048
0.18300000000048
0.18300000000048
0.18300000000048
0.18300000000048
0.18300000000048
0.18300000000048
0.18300000000048
0.18300000000048
0.18300000000048
0.18300000000048
0.18300000000048
0.18300000000048
0.18300000000048
0.18300000000048
0.18300000000048
0.18300000000048
0.18300000000048
0.18300000000048
0.18300000000048
0.18300000000048
0.18300000000048
0.18300000000048
0.18300000000048
0.18300000000048
0.18300000000048
0.18300000000048
0.18300000000048
0.18300000000048
0.18300000000048
0.18300000000048
0.18300000000048
0.18300000000048
0.18300000000048
0.18300000000048
0.18300000000048
0.18300000000048
0.18300000000048
0.18300000000048
0.18300000000048
0.18300000000048
0.18300000000048
0.18300000000048
0.18300000000048
0.18300000000048
0.18300000000048
0.18300000000048
0.18300000000048
0.18300000000048
0.18300000000048
0.18300000000048
0.18300000000048
0.18300000000048
0.18300000000048
0.18300000000048
0.18300000000048
0.18300000000048
0.18300000000048
0.18300000000048
0.18300000000048
0.18300000000048
0.18300000000048
0.18300000000048
0.18300000000048
0.18300000000048
0.18300000000048
0.18300000000048
0.18300000000048
0.18300000000048
0.18300000000048
0.18300000000048
0.18300000000048
0.18300000000048
0.18300000000048
0.18300000000048
0.18300000000048
0.18300000000048
0.18300000000048
0.18300000000048
0.18300000000048
0.18300000000048
0.22299999999984002
0.22299999999984002
0.22299999999984002
0.22299999999984002
0.22299999999984002
0.22299999999984002
0.22299999999984002
0.22299999999984002
0.22299999999984002
0.22299999999984002
0.22299999999984002
0.22299999999984002
0.22299999999984002
0.22299999999984002
0.22299999999984002
0.22299999999984002
0.22299999999984002
0.22299999999984002
0.22299999999984002
0.22299999999984002
0.22299999999984002
0.22299999999984002
0.22299999999984002
0.22299999999984002
0.22299999999984002
0.22299999999984002
0.22299999999984002
0.22299999999984002
0.22299999999984002
0.22299999999984002
0.22299999999984002
0.22299999999984002
0.22299999999984002
0.22299999999984002
0.22299999999984002
0.22299999999984002
0.22299999999984002
0.22299999999984002
0.22299999999984002
0.22299999999984002
0.22299999999984002
0.22299999999984002
0.22299999999984002
0.22299999999984002
0.22299999999984002
0.22299999999984002
0.22299999999984002
0.22299999999984002
0.22299999999984002
0.22299999999984002
0.22299999999984002
0.22299999999984002
0.22299999999984002
0.22299999999984002
0.22299999999984002
0.22299999999984002
0.22299999999984002
0.22299999999984002
0.22299999999984002
0.22299999999984002
0.22299999999984002
0.22299999999984002
0.22299999999984002
0.22299999999984002
0.22299999999984002
0.22299999999984002
0.22299999999984002
0.22299999999984002
0.22299999999984002
0.22299999999984002
0.22299999999984002
0.22299999999984002
0.22299999999984002
0.22299999999984002
0.22299999999984002
0.22299999999984002
0.22299999999984002
0.22299999999984002
0.22299999999984002
0.22299999999984002
0.22299999999984002
0.22299999999984002
0.22299999999984002
0.22299999999984002
0.22299999999984002
0.22299999999984002
0.22299999999984002
0.22299999999984002
0.22299999999984002
0.22299999999984002
0.22299999999984002
0.22299999999984002
0.22299999999984002
0.22299999999984002
0.22299999999984002
0.22299999999984002
0.22299999999984002
0.22299999999984002
0.22299999999984002
0.22299999999984002
0.22299999999984002
0.22299999999984002
0.22299999999984002
0.22299999999984002
0.22299999999984002
0.22299999999984002
0.22299999999984002
0.22299999999984002
0.22299999999984002
0.22299999999984002
0.22299999999984002
0.22299999999984002
0.22299999999984002
0.22299999999984002
0.22299999999984002
0.22299999999984002
0.22299999999984002
0.22299999999984002
0.22299999999984002
0.22299999999984002
0.22299999999984002
0.22299999999984002
0.22299999999984002
0.22299999999984002
0.22299999999984002
0.22299999999984002
0.22299999999984002
0.22299999999984002
0.22299999999984002
0.22299999999984002
0.22299999999984002
0.22299999999984002
0.22299999999984002
0.22299999999984002
0.22299999999984002
0.22299999999984002
0.22299999999984002
0.22299999999984002
0.22299999999984002
0.22299999999984002
0.22299999999984002
0.22299999999984002
0.22299999999984002
0.22299999999984002
0.22299999999984002
0.22299999999984002
0.22299999999984002
0.22299999999984002
0.22299999999984002
0.22299999999984002
0.22299999999984002
0.22299999999984002
0.22299999999984002
0.22299999999984002
0.22299999999984002
0.22299999999984002
0.22299999999984002
0.22299999999984002
0.22299999999984002
0.22299999999984002
0.22299999999984002
0.22299999999984002
0.22299999999984002
0.22299999999984002
0.22299999999984002
0.22299999999984002
0.22299999999984002
0.22299999999984002
0.22299999999984002
0.22299999999984002
0.22299999999984002
0.22299999999984002
0.22299999999984002
0.22299999999984002
0.22299999999984002
0.22299999999984002
0.22299999999984002
0.22299999999984002
0.22299999999984002
0.22299999999984002
0.22299999999984002
0.22299999999984002
0.22299999999984002
0.22299999999984002
0.22299999999984002
0.22299999999984002
0.22299999999984002
0.22299999999984002
0.22299999999984002
0.22299999999984002
0.22299999999984002
0.22299999999984002
0.22299999999984002
0.22299999999984002
0.22299999999984002
0.22299999999984002
0.22299999999984002
0.22299999999984002
0.22299999999984002
0.22299999999984002
0.22299999999984002
0.22299999999984002
0.22299999999984002
0.22299999999984002
0.22299999999984002
0.22299999999984002
0.22299999999984002
0.22299999999984002
0.22299999999984002
0.22299999999984002
0.22299999999984002
0.22299999999984002
0.22299999999984002
0.22299999999984002
0.22299999999984002
0.22299999999984002
0.22299999999984002
0.22299999999984002
0.22299999999984002
0.22299999999984002
0.22299999999984002
0.22299999999984002
0.22299999999984002
0.22299999999984002
0.22299999999984002
0.22299999999984002
0.22299999999984002
0.22299999999984002
0.22299999999984002
0.22299999999984002
0.22299999999984002
0.22299999999984002
0.22299999999984002
0.22299999999984002
0.22299999999984002
0.22299999999984002
0.22299999999984002
0.22299999999984002
0.22299999999984002
0.22299999999984002
0.22299999999984002
0.22299999999984002
0.22299999999984002
0.22299999999984002
0.22299999999984002
0.22299999999984002
0.22299999999984002
0.22299999999984002
0.22299999999984002
0.22299999999984002
0.22299999999984002
0.22299999999984002
0.22299999999984002
0.22299999999984002
0.22299999999984002
0.22299999999984002
0.22299999999984002
0.22299999999984002
0.22299999999984002
0.22299999999984002
0.22299999999984002
0.22299999999984002
0.22299999999984002
0.22299999999984002
0.22299999999984002
0.22299999999984002
0.22299999999984002
0.22299999999984002
0.22299999999984002
0.22299999999984002
0.22299999999984002
0.22299999999984002
0.22299999999984002
0.22299999999984002
0.22299999999984002
0.22299999999984002
0.22299999999984002
0.22299999999984002
0.22299999999984002
0.22299999999984002
0.22299999999984002
0.22299999999984002
0.22299999999984002
0.22299999999984002
0.22299999999984002
0.22299999999984002
0.22299999999984002
0.22299999999984002
0.22299999999984002
0.22299999999984002
0.22299999999984002
0.22299999999984002
0.22299999999984002
0.22299999999984002
0.22299999999984002
0.22299999999984002
0.22299999999984002
0.22299999999984002
0.22299999999984002
0.22299999999984002
0.22299999999984002
0.22299999999984002
0.22299999999984002
0.22299999999984002
0.22299999999984002
0.22299999999984002
0.22299999999984002
0.22299999999984002
0.22299999999984002
0.22299999999984002
0.22299999999984002
0.22299999999984002
0.22299999999984002
0.22299999999984002
0.22299999999984002
0.22299999999984002
0.22299999999984002
0.22299999999984002
0.22299999999984002
0.22299999999984002
0.22299999999984002
0.22299999999984002
0.22299999999984002
0.22299999999984002
0.22299999999984002
0.22299999999984002
0.22299999999984002
0.22299999999984002
0.22299999999984002
0.22299999999984002
0.22299999999984002
0.22299999999984002
0.22299999999984002
0.22299999999984002
0.26299999999984
0.26299999999984
0.26299999999984
0.26299999999984
0.26299999999984
0.26299999999984
0.26299999999984
0.26299999999984
0.26299999999984
0.26299999999984
0.26299999999984
0.26299999999984
0.26299999999984
0.26299999999984
0.26299999999984
0.26299999999984
0.26299999999984
0.26299999999984
0.26299999999984
0.26299999999984
0.26299999999984
0.26299999999984
0.26299999999984
0.26299999999984
0.26299999999984
0.26299999999984
0.26299999999984
0.26299999999984
0.26299999999984
0.26299999999984
0.26299999999984
0.26299999999984
0.26299999999984
0.26299999999984
0.26299999999984
0.26299999999984
0.26299999999984
0.26299999999984
0.26299999999984
0.26299999999984
0.26299999999984
0.26299999999984
0.26299999999984
0.26299999999984
0.26299999999984
0.26299999999984
0.26299999999984
0.26299999999984
0.26299999999984
0.26299999999984
0.26299999999984
0.26299999999984
0.26299999999984
0.26299999999984
0.26299999999984
0.26299999999984
0.26299999999984
0.26299999999984
0.26299999999984
0.26299999999984
0.26299999999984
0.26299999999984
0.26299999999984
0.26299999999984
0.26299999999984
0.26299999999984
0.26299999999984
0.26299999999984
0.26299999999984
0.26299999999984
0.26299999999984
0.26299999999984
0.26299999999984
0.26299999999984
0.26299999999984
0.26299999999984
0.26299999999984
0.26299999999984
0.26299999999984
0.26299999999984
0.26299999999984
0.26299999999984
0.26299999999984
0.26299999999984
0.26299999999984
0.26299999999984
0.26299999999984
0.26299999999984
0.26299999999984
0.26299999999984
0.26299999999984
0.26299999999984
0.26299999999984
0.26299999999984
0.26299999999984
0.26299999999984
0.26299999999984
0.26299999999984
0.26299999999984
0.26299999999984
0.26299999999984
0.26299999999984
0.26299999999984
0.26299999999984
0.26299999999984
0.26299999999984
0.26299999999984
0.26299999999984
0.26299999999984
0.26299999999984
0.26299999999984
0.26299999999984
0.26299999999984
0.26299999999984
0.26299999999984
0.26299999999984
0.26299999999984
0.26299999999984
0.26299999999984
0.26299999999984
0.26299999999984
0.26299999999984
0.26299999999984
0.26299999999984
0.26299999999984
0.26299999999984
0.26299999999984
0.26299999999984
0.26299999999984
0.26299999999984
0.26299999999984
0.26299999999984
0.26299999999984
0.26299999999984
0.26299999999984
0.26299999999984
0.26299999999984
0.26299999999984
0.26299999999984
0.26299999999984
0.26299999999984
0.26299999999984
0.26299999999984
0.26299999999984
0.26299999999984
0.26299999999984
0.26299999999984
0.26299999999984
0.26299999999984
0.26299999999984
0.26299999999984
0.26299999999984
0.26299999999984
0.26299999999984
0.26299999999984
0.26299999999984
0.26299999999984
0.26299999999984
0.26299999999984
0.26299999999984
0.26299999999984
0.26299999999984
0.26299999999984
0.26299999999984
0.26299999999984
0.26299999999984
0.26299999999984
0.26299999999984
0.26299999999984
0.26299999999984
0.26299999999984
0.26299999999984
0.26299999999984
0.26299999999984
0.26299999999984
0.26299999999984
0.26299999999984
0.26299999999984
0.26299999999984
0.26299999999984
0.26299999999984
0.26299999999984
0.26299999999984
0.26299999999984
0.26299999999984
0.26299999999984
0.26299999999984
0.26299999999984
0.26299999999984
0.26299999999984
0.26299999999984
0.26299999999984
0.26299999999984
0.26299999999984
0.26299999999984
0.26299999999984
0.26299999999984
0.26299999999984
0.26299999999984
0.26299999999984
0.26299999999984
0.26299999999984
0.26299999999984
0.26299999999984
0.26299999999984
0.26299999999984
0.26299999999984
0.26299999999984
0.26299999999984
0.26299999999984
0.26299999999984
0.26299999999984
0.26299999999984
0.26299999999984
0.26299999999984
0.26299999999984
0.26299999999984
0.26299999999984
0.26299999999984
0.26299999999984
0.26299999999984
0.26299999999984
0.26299999999984
0.26299999999984
0.26299999999984
0.26299999999984
0.26299999999984
0.26299999999984
0.26299999999984
0.26299999999984
0.26299999999984
0.26299999999984
0.26299999999984
0.26299999999984
0.26299999999984
0.26299999999984
0.26299999999984
0.26299999999984
0.26299999999984
0.26299999999984
0.26299999999984
0.26299999999984
0.26299999999984
0.26299999999984
0.26299999999984
0.26299999999984
0.26299999999984
0.26299999999984
0.26299999999984
0.26299999999984
0.26299999999984
0.26299999999984
0.26299999999984
0.26299999999984
0.26299999999984
0.26299999999984
0.26299999999984
0.26299999999984
0.26299999999984
0.26299999999984
0.30299999999984
0.30299999999984
0.30299999999984
0.30299999999984
0.30299999999984
0.30299999999984
0.30299999999984
0.30299999999984
0.30299999999984
0.30299999999984
0.30299999999984
0.30299999999984
0.30299999999984
0.30299999999984
0.30299999999984
0.30299999999984
0.30299999999984
0.30299999999984
0.30299999999984
0.30299999999984
0.30299999999984
0.30299999999984
0.30299999999984
0.30299999999984
0.30299999999984
0.30299999999984
0.30299999999984
0.30299999999984
0.30299999999984
0.30299999999984
0.30299999999984
0.30299999999984
0.30299999999984
0.30299999999984
0.30299999999984
0.30299999999984
0.30299999999984
0.30299999999984
0.30299999999984
0.30299999999984
0.30299999999984
0.30299999999984
0.30299999999984
0.30299999999984
0.30299999999984
0.30299999999984
0.30299999999984
0.30299999999984
0.30299999999984
0.30299999999984
0.30299999999984
0.30299999999984
0.30299999999984
0.30299999999984
0.30299999999984
0.30299999999984
0.30299999999984
0.30299999999984
0.30299999999984
0.30299999999984
0.30299999999984
0.30299999999984
0.30299999999984
0.30299999999984
0.30299999999984
0.30299999999984
0.30299999999984
0.30299999999984
0.30299999999984
0.30299999999984
0.30299999999984
0.30299999999984
0.30299999999984
0.30299999999984
0.30299999999984
0.30299999999984
0.30299999999984
0.30299999999984
0.30299999999984
0.30299999999984
0.30299999999984
0.30299999999984
0.30299999999984
0.30299999999984
0.30299999999984
0.30299999999984
0.30299999999984
0.30299999999984
0.30299999999984
0.30299999999984
0.30299999999984
0.30299999999984
0.30299999999984
0.30299999999984
0.30299999999984
0.30299999999984
0.30299999999984
0.30299999999984
0.30299999999984
0.30299999999984
0.30299999999984
0.30299999999984
0.30299999999984
0.30299999999984
0.30299999999984
0.30299999999984
0.30299999999984
0.30299999999984
0.30299999999984
0.30299999999984
0.30299999999984
0.30299999999984
0.30299999999984
0.30299999999984
0.30299999999984
0.30299999999984
0.30299999999984
0.30299999999984
0.30299999999984
0.30299999999984
0.30299999999984
0.30299999999984
0.30299999999984
0.30299999999984
0.30299999999984
0.30299999999984
0.30299999999984
0.30299999999984
0.30299999999984
0.30299999999984
0.30299999999984
0.30299999999984
0.30299999999984
0.30299999999984
0.30299999999984
0.30299999999984
0.30299999999984
0.30299999999984
0.30299999999984
0.30299999999984
0.30299999999984
0.30299999999984
0.30299999999984
0.30299999999984
0.30299999999984
0.30299999999984
0.30299999999984
0.30299999999984
0.30299999999984
0.30299999999984
0.30299999999984
0.30299999999984
0.30299999999984
0.30299999999984
0.30299999999984
0.30299999999984
0.30299999999984
0.30299999999984
0.30299999999984
0.30299999999984
0.30299999999984
0.30299999999984
0.30299999999984
0.30299999999984
0.30299999999984
0.30299999999984
0.30299999999984
0.30299999999984
0.30299999999984
0.30299999999984
0.30299999999984
0.30299999999984
0.30299999999984
0.30299999999984
0.30299999999984
0.30299999999984
0.30299999999984
0.30299999999984
0.30299999999984
0.30299999999984
0.30299999999984
0.30299999999984
0.30299999999984
0.30299999999984
0.34299999999984
0.34299999999984
0.34299999999984
0.34299999999984
0.34299999999984
0.34299999999984
0.34299999999984
0.34299999999984
0.34299999999984
0.34299999999984
0.34299999999984
0.34299999999984
0.34299999999984
0.34299999999984
0.34299999999984
0.34299999999984
0.34299999999984
0.34299999999984
0.34299999999984
0.34299999999984
0.34299999999984
0.34299999999984
0.34299999999984
0.34299999999984
0.34299999999984
0.34299999999984
0.34299999999984
0.34299999999984
0.34299999999984
0.34299999999984
0.34299999999984
0.34299999999984
0.34299999999984
0.34299999999984
0.34299999999984
0.34299999999984
0.34299999999984
0.34299999999984
0.34299999999984
0.34299999999984
0.34299999999984
0.34299999999984
0.34299999999984
0.34299999999984
0.34299999999984
0.34299999999984
0.34299999999984
0.34299999999984
0.34299999999984
0.34299999999984
0.34299999999984
0.34299999999984
0.34299999999984
0.34299999999984
0.34299999999984
0.34299999999984
0.34299999999984
0.34299999999984
0.34299999999984
0.34299999999984
0.34299999999984
0.34299999999984
0.34299999999984
0.34299999999984
0.34299999999984
0.34299999999984
0.34299999999984
0.34299999999984
0.34299999999984
0.34299999999984
0.34299999999984
0.34299999999984
0.34299999999984
0.34299999999984
0.34299999999984
0.34299999999984
0.34299999999984
0.34299999999984
0.34299999999984
0.34299999999984
0.34299999999984
0.34299999999984
0.34299999999984
0.34299999999984
0.34299999999984
0.34299999999984
0.34299999999984
0.34299999999984
0.34299999999984
0.34299999999984
