% Model:              vacuumTaperCoilV2outer.mph
% Version:            COMSOL 6.2.0.415
% Date:               Nov 20 2025, 14:06
% Dimension:          3
% Nodes:              1532
% Elements:           1532
% Expressions:        1
% Description:        Contour
% Coordinates
-0.06593803621781986      0.017833933256374696     0.03013727825696812
-0.0659371073412429       0.017771986398039386     0.030139398811532804
-0.0659267845647607       0.02102529586493553      0.030162964926955367
-0.06592652233387863      0.021050687726578823     0.03016356358007825
-0.0659192471331951       0.02129723234623756      0.03018017230967154
-0.06591924709785094      0.01696576067882489      0.030180172386893744
-0.06586576091158569      0.014695159111176357     0.03029219320277536
-0.06586023464163271      0.014519193648774412     0.03030376735481197
-0.06582893964545947      0.024175602997388353     0.030369311205960977
-0.06580864299078107      0.02450062472761421      0.03041162990063536
-0.0657212678875824       0.011769839065343325     0.030594817625856596
-0.06568179059065993      0.01109813303489235      0.030677498392784344
-0.06563976098885531      0.02722118847652034      0.03076630194566945
-0.0655713347812616       0.02817736408817706      0.03090881735070572
-0.06551742062701647      0.008969663465579324     0.03102175283388292
-0.06542451884377781      0.03023941134614174      0.03121649092429984
-0.06539669056902174      0.007562859911482948     0.03127460838785924
-0.06528604840939539      0.03195172989000705      0.03150454829973068
-0.06526331630539647      0.0062754515236929575    0.031553945813059175
-0.06518311125679215      0.033230265016873026     0.03171983190467054
-0.06494786798126524      0.03583346803395425      0.0322085822456326
-0.06491824933547453      0.03619463422682818      0.03227016097243603
-0.06490188939864597      0.004122583647430163     0.03231079272460888
-0.06486071441396453      0.0038812378115999644    0.03239024819996658
-0.06482908799178297      0.003727157144648187     0.03245125994001557
-0.06482594884476378      0.03721890003678913      0.03246287299920477
-0.06463662642743782      0.03913811547342982      0.032825163849060465
-0.06455856619099969      0.039863072321004556     0.032975083304241745
-0.06434619180503866      0.0016600693807145028    0.03338296597212577
-0.06433195273641493      0.0420651383664101       0.0334091929954768
-0.06411750416485841      0.04397711111206174      0.03382143415744382
-0.0640103693206921       0.04497512267481866      0.034026882145515455
-0.06381409467400978      -2.9599930721645656E-4   0.03440935743923469
-0.06377211550216054      -4.485698510409765E-4    0.03448424874534969
-0.0637489139102907       0.04721299636421948      0.034529950786792565
-0.06371888145463876      -6.162852663451649E-4    0.03457919861250592
-0.06366554401286276      0.047866986882543636     0.034677634614726276
-0.0636219895320578       0.048182528638932784     0.034755013243667296
-0.0632823347399731       0.050739244204493106     0.03535728691135557
-0.06309495825596712      -0.002428052356216847    0.035692141091951506
-0.0630135733158464       0.05255746964934555      0.03583555303434649
-0.06286877287934774      0.05357081061098328      0.03609251656656795
-0.06265816184668792      -0.0035455070999879795   0.0364711450391876
-0.06261022574365818      0.0552884950323488       0.036553282207632154
-0.06242991523225065      0.05638822738307442      0.036849981768823696
-0.06235337243762624      -0.004319688524421949    0.036975484261802555
-0.06230942325479094      0.05708709280559103      0.03704900602553244
-0.06195794042522683      0.059190451909196584     0.03762822431651098
-0.0617603031585259       -0.005653839290440893    0.037956675434253635
-0.06153795980944182      -0.006127400591998565    0.03832454654835655
-0.06150962354015499      0.06174125853712188      0.03836978649129437
-0.06146939670079278      0.06197735245422979      0.038436175594628315
-0.06143379384754208      -0.006325757826088612    0.038496864096009574
-0.06140822209001107      0.06231865087189073      0.03853750807497345
-0.06093500161279035      0.06474690410077594      0.0392636783381678
-0.06063106011301532      -0.00784938279761741     0.039732412208052716
-0.06056074625081438      0.06657529538585871      0.03983989195004085
-0.0603769608838248       0.0674990893951078       0.04012231894275181
-0.06014100470932847      -0.008683780877167072    0.04048658315043743
-0.06013448132311916      0.06865924476428599      0.040496158452161646
-0.059777683682136956     0.07023219322763007      0.04100724277087157
-0.059656216408400756     -0.009508880615778351    0.041182477586594
-0.05944995798603407      0.07160936190332562      0.04147807143816533
-0.05914019505781961      0.07294526633860823      0.04192239623566379
-0.05878885732982181      0.07438922423093819      0.04242781772767984
-0.05877968534678495      -0.01085114197938299     0.04244053002592974
-0.058562221594427866     -0.011049905001276356    0.04273084316795238
-0.058452312460945725     0.07564091640884202      0.042876769109124614
-0.058097665324097464     0.07696910978315688      0.04335260127361035
-0.05796089324989464      -0.01200506821067197     0.04353465651963606
-0.05775479167225805      0.07832399017564448      0.04381186560173038
-0.057600109990642405     -0.012882632633429878    0.04401673640838086
-0.05737901353325026      0.07975473045538028      0.044314305282014
-0.057333803792267615     -0.013539228813068344    0.0443726315757305
-0.05702695869797318      0.08100165440654149      0.044755608849487295
-0.05673834897281471      -0.014892740669700305    0.045116234547994294
-0.056640873333658595     0.08232018348465872      0.045238765474086715
-0.0562584624279507       0.08366083191493653      0.04571770169460768
-0.0559130855518546       -0.016794703898017183    0.0461469791483107
-0.05589341150769594      0.08489409838289824      0.04617414246630945
-0.055867628859297205     -0.016904852984517837    0.046203750252292
-0.05583233295932793      -0.016991642190035208    0.04624783848307531
-0.05544550196994404      0.08629993549936414      0.046699414470017644
-0.054975869645889686     -0.01893109316438185     0.04724806193245826
-0.05487247071803881      0.08803423979489297      0.04737038682323762
-0.05458752647951385      0.08891767460109354      0.047704256921198125
-0.05435453875577875      0.08961379978170526      0.04797683423215145
-0.05427428086350773      -0.020543739702526667    0.04806754098111151
-0.05407768329782646      -0.020959678041265667    0.0482823224345316
-0.05380620132565371      -0.02154287486676605     0.04857895906742068
-0.05366993823462753      0.09151077679432151      0.04872825426125841
-0.053164129771082765     -0.023001422111387303    0.04928047659323683
-0.05276255850404618      0.09393517189320609      0.0497227848887659
-0.052704346784049005     0.09407926607893154      0.049782653520915786
-0.05265963529234413      -0.02416625433758828     0.04983176602809425
-0.05259911764423992      0.09433055492429748      0.04989073441689686
-0.052242546583867705     -0.02505103538260986     0.050258168636231254
-0.05169828343698625      -0.026224973350698018    0.05081467062545998
-0.05165992084092876      0.09661725856952041      0.05085583708857351
-0.05131231627143421      -0.027111956891339037    0.051209289439717906
-0.05111753598390537      0.09789044521834528      0.05141245340677575
-0.050988408819221315     -0.02786977180802592     0.051540510740291354
-0.05054852535145738      0.0991244286449861       0.05196039742156283
-0.05037382773535787      -0.029187746264058425    0.052128521042405784
-0.04968399491689368      -0.030795319573196433    0.052788395361818646
-0.04946372228373815      -0.031340598670920525    0.05299916087600033
-0.04940431917194433      0.10165945330533813      0.053060408612784736
-0.04940236543686224      0.10166347583324084      0.05306217143262431
-0.049397853950457524     0.10167261061544998      0.053066233896624494
-0.04924795916425807      -0.03187598974995099     0.05320548919576577
-0.04854313086706562      -0.03350794052051189     0.053836311722519486
-0.048178039332917394     0.10417768543115963      0.05416530282180969
-0.047791003644582636     -0.035253652384573425    0.05450907539045646
-0.0476297815767964       0.10528454166890147      0.05465830039531183
-0.04761923574203458      -0.03567992317259022     0.05466276370734573
-0.047442752534066775     -0.03611904406793365     0.054820574784031184
-0.04689065797575498      0.10666789023843196      0.05528189971340425
-0.0466875720689477       -0.037870090356546704    0.055452470274431134
-0.045917772230307755     -0.03965981380841106     0.05609621294675971
-0.045802012112442454     0.10867092290364694      0.056198625340108374
-0.045755517987809594     -0.040066390242122926    0.05623193974205111
-0.04557931024838081      -0.04050921236671022     0.05637924570614867
-0.04553163626808149      0.10913135014118143      0.05641216188208719
-0.044819988372678164     -0.04228451348695768     0.0569730386719009
-0.04461723406918894      0.11066212752599111      0.057133001929583524
-0.04408611200275608      -0.04400540703803167     0.057546577271507235
-0.04408448671302984      0.11156386636290086      0.05755315192610862
-0.043921037405520245     0.11183572742059117      0.05768181878084927
-0.043887579058921565     -0.044512235786262094    0.05770178620406695
-0.04365745218799849      -0.045101624178148746    0.057881576047915675
-0.042945678447290705     -0.046782217088558536    0.05839886278078381
-0.042560881901579244     0.11389966623595366      0.05867998699958987
-0.042339302454338645     -0.04825209114731781     0.058839255813058544
-0.042022709290873504     -0.04908873439129575     0.05906927685838372
-0.04187258895594824      0.11492876817938695      0.05918413023830009
-0.04164128706604914      -0.05002638692165218     0.05934712152853279
-0.04108203016452729      -0.05128851556679832     0.059724982554116186
-0.040954185381325905     0.11619012429684955      0.059810907988517355
-0.040543771202528764     -0.05254491799579996     0.06009057893149163
-0.04015562962337807      -0.053523223077710715    0.06035376928447604
-0.03978530876473391      0.11777166110562284      0.06060713355178088
-0.039689187420320654     -0.05471432126671169     0.060670241482450454
-0.039247973688355295     0.11843636246882211      0.06094731185830525
-0.03923473589191481      -0.05578989118354537     0.06095692648085997
-0.03884133260414328      -0.0567334607208724      0.061205247552227976
-0.038309356222523155     -0.05806100511999043     0.061540926984856206
-0.03766275592660351      -0.05969724223689807     0.061949186515409926
-0.03765931679595992      0.12037200626839424      0.06195123283129481
-0.03742528095070969      0.1206312636073976       0.0620882853233315
-0.037387481009448637     -0.060340726639416975    0.06211035773382987
-0.03715134302543751      -0.06090064800660677     0.06224870015267723
-0.03645557105683942      -0.06262252355321574     0.0626561803107557
-0.03559884158487243      -0.0647747047054087      0.06315824884929387
-0.03555766482526099      0.12273871965918313      0.06318143598974402
-0.035551722329302114     0.12274482783069321      0.06318464810742111
-0.03553671718871117      -0.06491831747793676     0.06319190627136818
-0.03548397871210017      -0.06504211603861075     0.06322049711860452
-0.03546453701277883      0.12283487796450242      0.06323181171899932
-0.034601059104518946     -0.06721313788710953     0.06369897586986581
-0.03381930163803765      -0.06916673475464594     0.06412291834399604
-0.03368302406234329      -0.06952506402185846     0.06419679168091791
-0.033557129760553035     0.12481016851474633      0.06426358635954289
-0.033479109594000425     -0.07007707925013706     0.06430699630332047
-0.03342369661825236      0.12494903762260387      0.06433582137565608
-0.03273957186604645      -0.0719229642927503      0.06467678017800227
-0.032229885282950566     -0.07319865537875458     0.06492991682814421
-0.031802998333901454     -0.07433163934815923     0.0651427864157362
-0.0314325765570489       0.12682280675071025      0.0653277605759879
-0.031249766564353847     0.1269957219184405       0.06541890494236416
-0.031132513189857793     -0.0761163933626721      0.06547476702924333
-0.030872531634025657     -0.07675109904607134     0.06559337010912825
-0.030692566440163816     -0.0771918357541647      0.06567488563326757
-0.029933415924319563     -0.07917359564382397     0.06602021250850096
-0.0291729427803368       -0.08116548986131883     0.06636355021160573
-0.02915654497651614      0.12877385967338068      0.06637537729138533
-0.029035815983180856     0.12887695707762475      0.0664305864815332
-0.029013154636855547     -0.08161472255690388     0.06643602857523846
-0.028735885468972343     -0.08239707647278247     0.06656079768138856
-0.02808803436712292      -0.08406173607106324     0.06682815835795841
-0.02767926484585387      -0.08511613217324336     0.06699550389753756
-0.027637658742879954     0.1299404894330979       0.0670137876271837
-0.027174545468272228     -0.08652442218543882     0.06720316828084322
-0.026781806829829682     0.13059422752553135      0.06737075549378874
-0.026698020608504316     0.13065085023068035      0.0674024525787971
-0.02628690185354928      -0.08901157256122849     0.06756527227145755
-0.026286839656383964     -0.08901175241762346     0.06756529772116952
-0.02628673203543653      -0.08901206448486518     0.06756534171265725
-0.025357659931817836     -0.09143425421669574     0.06790900295130553
-0.024778788752191944     -0.09300480539302758     0.06812401507488348
-0.024487726825910036     0.13215285828942927      0.06823929341667485
-0.024486900907407252     -0.09382218054990582     0.068231816972944
-0.02405023358012997      0.13241677403198698      0.06838642719211016
-0.024046100772190986     -0.09508219657790525     0.0683961496822164
-0.02354059225063893      -0.09629259052767707     0.0685620780068577
-0.023188783407198998     -0.09717728863028013     0.06867866719378339
-0.022530056862553428     -0.09885661258813497     0.06889566694420238
-0.021853338999185207     0.1337548964465675       0.06912601232537338
-0.021573485563778107     -0.10142375015123409     0.0692139661818579
-0.021563497558921056     -0.10144692006617033     0.06921685498907347
-0.021556362027199735     -0.10146439006911485     0.06921894058128945
-0.021387733264955786     0.13399870017603877      0.06926340793799914
-0.02053464060037196      -0.10400371059298856     0.0695156369170303
-0.019856790104805903     -0.10578675450414873     0.06971466918459124
-0.01955622312267331      -0.10659046126246755     0.06980229598866192
-0.01919971704568657      0.13515635610154178      0.06990975365820125
-0.019089918871050902     -0.10791440478067083     0.06993984495260247
-0.018567870211181628     -0.10917317938731175     0.07007131065852511
-0.01850897222422593      0.13546334295156448      0.07008549352624381
-0.018219767046002908     -0.11006749634464816     0.0701600627792712
-0.017574921510556687     -0.11175487040464886     0.07032317738287949
-0.016668162592776977     -0.11429319105314302     0.07055558547719107
-0.01664079753298361      -0.11437137370472344     0.07056253782790878
-0.01659015565532864      -0.11450984127709281     0.07057549235770029
-0.016526800423991305     0.136354331797145        0.07059036719960786
-0.015532338258925908     -0.11694269633547935     0.07080311652268982
-0.015359622325400253     0.1367810925565192       0.07084048498178551
-0.014843852897612721     -0.11860839556458697     0.07095126676677671
-0.01446591431755718      -0.11953919495276731     0.07103259266857698
-0.013871406831517706     -0.12108357979710087     0.07116052048537216
-0.013824462716437792     0.13735532507718146      0.07116965666525082
-0.013379827207902251     -0.12212598799817101     0.07124660024708279
-0.01302948006379722      -0.12291275865636483     0.07130794900368656
-0.012252892860832757     -0.1246910692986616      0.07144393600999707
-0.011841762532948212     0.13794940529008076      0.0715156294180676
-0.011216750276571605     -0.12721224595658304     0.071625373365141
-0.01118730626553471      -0.12729323341203644     0.07163055605422515
-0.011130034322402407     -0.12745024259198498     0.07164047502777586
-0.011096214125642349     0.1381793665865345       0.07164572444553656
-0.010034434610724136     -0.1298740304513519      0.07178976693072713
-0.009278704379780418     -0.13154036688258872     0.07189097254970195
-0.009254072768664795     0.1386108802136639       0.0718946021292885
-0.00887813490092264      -0.1324533089895101      0.07194517026257582
-0.008349643558600848     0.13882849786149695      0.07201679266915435
-0.008269516769541161     -0.1338356464811443      0.07202605527069675
-0.007918845811505358     0.13890113778110752      0.07205824881274768
-0.007609666044999478     -0.13496775525942661     0.07208945565241548
-0.006953678327743046     -0.13608925373994696     0.07215123181433525
-0.006207838453142393     -0.1374049504045118      0.07222218289102918
-0.005584751015313284     0.1393119124694594       0.07228286133610418
-0.005460752577941775     -0.1387823894950328      0.07229248120342091
-0.004679911308633286     -0.13972355027767042     0.07233666306614334
-0.003408373167078387     0.13953869186858275      0.07240881183010747
-0.003190215281883733     -0.1415321777633893      0.07242095362292997
-0.0028999590570778448    -0.1418951026839159      0.07243737701291045
-0.002801536495779664     0.13960602899172436      0.07244393044638607
-0.0027389469036597776    -0.14209796659619714     0.0724464874648532
-0.0020395220289882135    0.13963602903702346      0.0724591812957199
-2.4859562853038404E-4    -0.14355775122446543     0.07249514303023133
-4.910870795217578E-18    -0.14370499758450478     0.07250000000000001
1.463334282510781E-17     0.13973593350896732      0.07250000000000001
2.802523952474318E-4      -0.14356516975707934     0.07249505965451022
0.0022196581599219045     0.1396179850282591       0.07245753859485651
0.0024854878170304908     -0.1425207829901707      0.07245618532174923
0.0026851338446152694     0.13959825181561453      0.07244863418246136
0.0029878324395130927     0.13956494179163798      0.07243184235393726
0.0030765302022472407     -0.14187662024076245     0.07242582979756565
0.004958108725948427      -0.139898830931981       0.07232919323848273
0.0050532239319360725     -0.13974102406780378     0.07232106628181807
0.005199929884867095      -0.1395051084103657      0.07230853124171024
0.005354101150118947      0.1393158310819358       0.07230057653671788
0.0065644691032147135     -0.13735190169478678     0.07219194051387029
0.00703793144777737       0.1390240190187004       0.0721452250362241
0.007480132343770832      -0.1358337039557548      0.07211255405884487
0.007940241708364975      -0.134811427429379       0.0720574262466036
0.008006901916511051      0.13886108555614038      0.07205582706276961
0.008331973051959159      -0.13397549171031825     0.0720093232023942
0.009187963481351745      -0.13220227235466478     0.07190548443557387
0.010140286773027357      -0.13030288584246968     0.07178726947450817
0.010426568419709698      -0.1295892267351676      0.07174223252351604
0.010548900349133614      0.13825973883819678      0.0717266409944385
0.010630390810573761      -0.12909848909703628     0.07170949277416257
0.01064353614379158       0.13823801569268798      0.07171438576061653
0.01067509834293674       0.1382285389775287       0.07170910867012811
0.011560737667004405      -0.12692042815029753     0.07156172104215253
0.012671280796380075      -0.1244045571557709      0.07138182780164094
0.01272821422118361       -0.124272936298308       0.07137265289351037
0.012798160293651514      -0.12411716112315016     0.07136138097738723
0.01326400383196053       0.1374669333658598       0.07127625263025865
0.013734391965103291      -0.12158173729014564     0.07117613066025437
0.013955647799670002      0.13721427808901815      0.07113421511800541
0.014378404652332796      -0.11989812714339301     0.07104870113807012
0.014771166020759827      -0.11890714298463029     0.07097098621955446
0.015314260181139204      -0.11758134968137621     0.07086352524754175
0.015786326047187462      -0.11622243729717976     0.07075258481519943
0.015824414340788125      0.13657361159387388      0.07075125662307824
0.016085531893817676      -0.1153878037503738      0.07068226830139938
0.016775468578705415      -0.11352540123694163     0.07052012594031103
0.01697484740327956       0.13609349502823728      0.07047125595895332
0.017816154120498338      -0.1109738117313678      0.0702755481821354
0.01785132465809293       -0.11087350768233661     0.07026596122211556
0.017874981604186192      -0.11080991358150677     0.07025951240236619
0.018349875372665487      0.13552941615769504      0.07013790263795808
0.01888235570238876       -0.10820059373516827     0.06998491200295814
0.019698985328373497      -0.10619736682880462     0.06976229737880407
0.01977604692276403       0.1348372138002208       0.06973656099353649
0.019968442541970877      -0.10555751759596904     0.06968884454771657
0.02030396008566801       -0.10480003748558675     0.0695973803952224
0.020856669947091136      0.13432088519251326      0.06943356824527203
0.021038002038853504      -0.10290781991346071     0.06936937427060105
0.021603548060719648      -0.10151803440502294     0.06919369939304834
0.022126404326654265      -0.10026946182442409     0.06903128844894021
0.022396322075506257      0.13346859313442122      0.06894104862741886
0.022777227371286554      -0.09878336315732497     0.06882912109875507
0.023189045183300127      -0.09760203556791865     0.06868486432078472
0.023344963800809096      0.13295104689312767      0.06863862872490956
0.02349760419573725       -0.09675245231571095     0.06857677465705263
0.024194495603816417      -0.09488177440702172     0.068332654930477
0.024609438606081502      0.13211981635024214      0.06818422843676812
0.025090115724719426      -0.09256857459231049     0.0680189107766219
0.02522671808344454       -0.0921762645120932      0.06796590227121274
0.0253307613386843        -0.09188832663335428     0.06792552704892857
0.025558777898028795      0.13149319594946005      0.06784429496670827
0.026227761863111508      -0.08946206630684198     0.06757744133085809
0.02655854500158903       0.1307641088318806       0.06744842254909138
0.027050640738391044      -0.08719656639667525     0.0672572469253825
0.027207550323276132      -0.08677810005899726     0.067196364545072
0.027424870071064623      -0.08621669908243298     0.06711163667800715
0.027735090554968804      0.1299027998767669       0.06698416876393015
0.028170489144730658      -0.08409188498627007     0.06679267977306338
0.02842081494488312       0.12935156446557472      0.06668673064995803
0.02869208948026173       -0.08265021009191961     0.06656849844495966
0.02914645906577404       -0.08140191762399353     0.06637342355026177
0.029741085395085083      -0.07985823624318475     0.0661184084806072
0.029874003376209015      0.12817912454580513      0.06605853274889008
0.030138528423447553      -0.07870929740446482     0.0659313714578324
0.03020477253278891       0.12788759746873754      0.06590214607031841
0.030451651921550416      -0.07785155707598441     0.06578416994485058
0.03114177701132758       -0.07602855060708454     0.06545955490558848
0.03164999943579699       0.12660941373530915      0.0652211129577939
0.031916475665913484      0.12637658224125803      0.06509546242957867
0.03197278976005145       -0.07393961352604321     0.06506905190398485
0.031975685503937014      0.12632467365335245      0.06506763582147453
0.032178348959063546      -0.07336832688948947     0.0649635810273136
0.03235289252123659       -0.07290570915262092     0.0648741092034468
0.03320684728794093       -0.07071172599310437     0.06443615120592848
0.033555075113232524      0.12482079594911513      0.06425924856524398
0.03407308722642462       0.12432070791986816      0.06399426559479983
0.03416706403528211       -0.06835130461452153     0.06394413559978464
0.034269232348233196      -0.0680752924405475      0.06388721673053739
0.03436157896094206       -0.06783617418667759     0.06383581454648472
0.03518351445647383       0.12315833792754606      0.06337881644837923
0.03531321704515373       -0.06543806604914398     0.06330587651853771
0.03624094687596375       0.12202839275567232      0.06279152532748708
0.03630969055211314       -0.06296636519110911     0.06275174624647713
0.0363714197640785        -0.06279736719741626     0.06271453875887463
0.03643111583017614       -0.06264324547106755     0.06267862719042583
0.03674460210498963       0.1214472794674674       0.0624895322250256
0.03742300069630722       -0.06016327515594923     0.06208136239142972
0.03792624772313996       0.1200562426585519       0.06177954427879612
0.03824230840099689       0.1196913460135337       0.06158975409752874
0.03837219638694064       0.119538420415777        0.061511596412496934
0.0384007446711125        -0.05784744694216636     0.061493685769576034
0.03851391506663966       -0.057553228639908374    0.06142019884405605
0.038634846049718265      -0.05725469546719915     0.06134181305759193
0.039594919898478034      -0.054947900496676444    0.06071898356657277
0.039673497533189626      0.1178922838335435       0.06066892585179422
0.04045643126356691       -0.052975476741844274    0.06016103485982832
0.040466447676119364      0.11686977760435008      0.06015437482504261
0.04070218735949899       -0.05236079580703265     0.05998957828425876
0.04098814608280591       -0.05167797738455745     0.05979040405935501
0.04105522146231607       0.11605646106244408      0.059744346006343735
0.04180216785127          -0.04977892239773785     0.05922300233378047
0.04213360084808127       0.11453848852391806      0.058991778216964594
0.0423892674970177        0.1141862634471307       0.058813483932702804
0.042476067503922396      -0.04827384745395132     0.05875400816748376
0.04252386166839835       0.11399739146331551      0.05871942598102212
0.04290183388263266       -0.04718919583155838     0.058434770200561106
0.043433927992426985      -0.04586428756817058     0.05803642834290239
0.04361013225859652       0.11230256917782305      0.05790442701076737
0.04396911309091214       -0.044568352842444446    0.05763550145467128
0.044377002129177515      -0.043601718424997465    0.05733039318322639
0.04448921225395574       0.11088806235879727      0.05724344051017471
0.04478301612010037       0.11038753879729848      0.05700749306437934
0.045019989048438215      -0.04194896925852004     0.056815231274014555
0.04519310859139654       0.10966714784792746      0.0566774228236368
0.045908731541030236      0.10844666149795122      0.056101958759579414
0.045978592972212996      -0.03974833115334455     0.056048000204269116
0.046138270641333315      -0.0393920405327928      0.055920174299319836
0.04624112597334963       -0.03916917056825286     0.05583787655617997
0.04636664713368001       0.1076337074076861       0.055733787407140196
0.0469532321690359        0.10653043946850238      0.05522939833597088
0.04722773518973461       -0.03683593884461585     0.05499316971754175
0.04776311916925441       0.10495326386723991      0.05453468852234629
0.047959121720306766      0.10458224366453045      0.05436638636825579
0.04805967319892635       -0.03492381748511025     0.05428124462046581
0.04809549794525672       0.10431516975754752      0.05424956922529835
0.04831474324588461       -0.034285131903887454    0.054047773430402575
0.04869078884831251       -0.03336932295612706     0.0537037463055712
0.048918826019309344      0.1026083715874735       0.05349553428753748
0.04936331960761368       -0.03172858777298551     0.053088432569452726
0.04977191266853629       0.10077897228271301      0.05271621796669729
0.04982716646323086       -0.030660439294921862    0.05266398732057984
0.04984893619641337       0.1006041139034047       0.052640998524830215
0.04993825230835954       0.10039437887921336      0.05255400306560071
0.05040677797617509       -0.02918238955457209     0.05209719520550817
0.050749346042229915      0.09860094153675342      0.051763208181285575
0.0513213984386689        -0.026974949605135735    0.05120267392884707
0.051407125177275         0.09710666516193146      0.05112289460229318
0.05146303774941455       -0.02665436019011691     0.05106415433517764
0.051541462648872195      -0.026485071342399025    0.05098744664334385
0.05162681091885004       0.09657747099480907      0.05089453121414457
0.0518694902547207        0.09597692382929124      0.05064267336637936
0.052470624751781075      0.09453661716742708      0.05001832374674303
0.05252410928373526       -0.024151362461226386    0.04996041472716938
0.05299178200115652       0.09325470064309088      0.04947791119362657
0.05319980392555412       -0.02261811841043291     0.049254105067270626
0.05329026512812675       0.09247643185507769      0.049147372927038344
0.05358474395647224       -0.021658992911204458    0.0488241137538527
0.05360047887743605       0.09164609063439963      0.048804415459366354
0.05408138206267409       0.09040005331178162      0.04827231797990979
0.054303141341967995      -0.01994582586562395     0.04802153048993512
0.05459460048716726       0.08896374412467335      0.0477026843590887
0.05464018834363959       -0.019179035876085892    0.04764500291763528
0.054806360291842895      -0.018950856309515405    0.04745918625774346
0.054874455263038295      0.08813683867106736      0.047372549136863354
0.055085061648150406      0.08747867227813114      0.04712203184565345
0.05562952135613307       0.08584587347550099      0.04647726551350006
0.056023496456564334      -0.016879366494472445    0.04600463851798975
0.05631545010425294       0.08367219186068153      0.045658131823830626
0.056359359880594054      0.08352535799018927      0.04560240621990668
0.056388874674586746      0.08342095948739701      0.045564614753812786
0.0563968185783277        -0.0161994532881752      0.04555755658032444
0.05704974737098606       0.08118216610829924      0.0447226236052462
0.05719493790967928       -0.014451245420190608    0.04453603026075712
0.057536784498494496      0.07943846830452225      0.04409652501170786
0.057719285392509305      0.07881241112224242      0.04386309722091117
0.05793645601371585       -0.012714307753924473    0.043584586969798084
0.05797986220122006       0.07786848982759498      0.04352678391946198
0.058247191712158         -0.011975145453085817    0.04315707684338884
0.058365996578378224      0.07635147012640428      0.04299337875737259
0.05856751249124599       0.07550341424225447      0.042712081542178926
0.05898940847292957       0.07382258896958126      0.04212695254471739
0.05910972388441665       -0.01003032008035902     0.041967436420747455
0.05931209907634635       -0.00958675369819532     0.04168848082490669
0.05937892402263128       -0.009447231474399485    0.04159615122074899
0.0595086800629976        0.07160885500054309      0.04139913589092509
0.05959235073753129       0.07127097629261064      0.04128262939687506
0.05974430526907405       0.07061500665938282      0.04106877676596523
0.06015998953062931       0.06870418977970391      0.04044181708815379
0.06034588464684699       -0.007214980134378056    0.04016622723916699
0.06034918588717046       0.06773826537224088      0.04015494785173596
0.06066874771050436       0.06618619211102753      0.03967014742805161
0.06074755760590338       -0.006329991910900376    0.03957079466564777
0.06112046736046731       0.06383730550823198      0.03898543495589775
0.06116087593020274       0.06364563317196772      0.03892410304084573
0.06122834385826856       0.06330532107628396      0.038822029264071994
0.06135331421149281       -0.004853190536947161    0.03860750852661332
0.06163048413382022       0.06112066924246197      0.038161498295551495
0.06183459905229204       0.059939173337176646     0.037827418660040454
0.06204379326601407       -0.003243726789507375    0.037506731847414834
0.062078632550418         0.05856905532207079      0.037427042323154885
0.062331664675152214      -0.002500354416989806    0.03701313103947968
0.06249346205052321       0.056086413609472904     0.036748921899159855
0.06250983097585869       0.05599145101896867      0.03672209667874856
0.06254215254604234       0.055791484631376606     0.03666932617818632
0.06290119906764353       0.053390826509613645     0.03603043717218014
0.0630550043962631        0.05229148712124783      0.03575789114205524
0.06326770973133193       -1.853976737388251E-4    0.0354039440250673
0.06327575817763674       0.0507661206295172       0.03536554541348762
0.06327857522843287       -1.5557838379192464E-4   0.03538379385137007
0.06331562681947453       -5.80377957146215E-5     0.035314894455038284
0.0635780885153289        0.04853162451854258      0.03483050542974593
0.06363601251922167       0.048118037883283726     0.03472767859340387
0.063770971221493         0.04708668649867637      0.03448914975755126
0.06396849997903639       0.04544856322264341      0.03410694076075883
0.06403537892956561       0.0448138700018545       0.0339784697332819
0.0641817129168683        0.0021777008378003047    0.033705281449859584
0.0642601165864867        0.04274868213622046      0.0335436178690699
0.06442153006180358       0.04113858863898977      0.0332343503094646
0.06445974154838349       0.003702497626371576     0.03318394769260065
0.06453719900939472       0.040022702063242446     0.03301102277862891
0.06467764137459207       0.004933533419350846     0.03274519650647276
0.06477801516431089       0.03749570917052428      0.03255081505631619
0.06478061895640749       0.005644672839014381     0.032534321078542636
0.06480014256181628       0.037271428933501105     0.03250818429545825
0.06486659438092435       0.03653717857676174      0.03238152327257563
0.06503556196915354       0.03449672202066779      0.03202544317787205
0.06508128049323653       0.03389149226377518      0.03193028740231546
0.0650852438523614        0.007770780276715228     0.03191776715710393
0.06525352683245189       0.03169853121898373      0.0315680975738372
0.0652948958421409        0.009628053240562935     0.03148462231855038
0.06535220955921017       0.030317255481266694     0.031363283295554975
0.0654138096784766        0.01069624467778282      0.031242877180356003
0.06547565156606043       0.028881210184236478     0.031105966850948255
0.06562839746101845       0.013294057059709903     0.030794936811824124
0.06563327344870198       0.026783649341970087     0.030776352765905818
0.065662311886919         0.013712620174180418     0.030725791745041912
0.06568093062128041       0.02601083738297682      0.03067699751699618
0.0658169705059429        0.023357815413074884     0.03039213575797334
0.06582407181741524       0.016715424471656266     0.03038341683804098
0.06582900359543399       0.023036287676626487     0.03036706286424418
0.06582968127322583       0.0168227111015608       0.030371992572942316
0.06591152894778214       0.020030778399867936     0.030193825362274704
0.06591267397182363       0.01994424470664856      0.03019145125504636
-0.0618485585939489       0.017050019719344493     0.03781091477199773
-0.061844273701764985     0.01922053831772467      0.037818008300158364
-0.06183267347614186      0.020265840740430533     0.03783721216948073
-0.06182527177634453      0.01602389795987553      0.03784946548980356
-0.06175126417642453      0.013733361437672589     0.0379719831332566
-0.06170992497491022      0.012996267877625116     0.03804041909989304
-0.06163563044382353      0.02277909540407464      0.038162197746067765
-0.06159478109926878      0.023302624277825822     0.03822998014333976
-0.06150990303136964      0.010285824190837433     0.03837144544681619
-0.061493654152300105     0.010138092363064684     0.03839834814885523
-0.061443076455071834     0.009786669026148368     0.03848205396007869
-0.06140380918491435      0.025426431217951535     0.038544643937456775
-0.061318950384526456     0.026309750197309897     0.038675389126071026
-0.061293546000702116     0.026542648620076978     0.03871429914711202
-0.06111641446661124      0.007531957612781222     0.038985163205844775
-0.060995360684405794     0.029285332710111064     0.03917293968331149
-0.06094094929022818      0.006568803757955483     0.0392553166530584
-0.060854103307590515     0.030443202584207768     0.03938905461317329
-0.060636524236389364     0.03223180734465173      0.03972316416449513
-0.06062436295058224      0.005111729136288787     0.039742832749097755
-0.06033336166191898      0.034474148956840006     0.040186450558371695
-0.06024233027653596      0.0351491666471878       0.040326013268974496
-0.06014825445047997      0.0032716938668931987    0.040475816861098815
-0.060036505339556595     0.0028411694205901874    0.04063630139957882
-0.06001430012520847      0.03668273732250181      0.040674070853562005
-0.059929506323040796     0.002490161562530525     0.04078993021719487
-0.059799468478103        0.03803485064020746      0.04098082302226189
-0.059687066520965684     0.03868075112706374      0.0411406961643844
-0.059329970727573275     7.179484589569285E-4     0.04165082756189749
-0.05930365767672591      0.04088804676195311      0.041687345613881044
-0.05888548001813977      0.04309868429857994      0.042281422516450035
-0.05878615910161955      -6.82761659075707E-4     0.04243156249147538
-0.05876972220039797      0.04371163640475854      0.04244622500298201
-0.058573694814970045     0.04466947275112232      0.04272437013967531
-0.0584869565151648       -0.0012291316399732836   0.042831125551278694
-0.05816127029031868      0.0464973122742201       0.043270337914214266
-0.057844716461756415     0.047825221644734225     0.04368815978889665
-0.05760761090493585      -0.0025209493024821667   0.044005259158540845
-0.05751908156658268      0.04926392567386992      0.04411788893050409
-0.05737255668936833      -0.0028545040993261947   0.04431912224366261
-0.057298013718824974     -0.0029405651822919008   0.044418645385601876
-0.05709290828848344      0.051062052477480094     0.04468202269040303
-0.05685125755620142      0.0520069565784724       0.04497982905350248
-0.05662658631250474      0.052846911509337846     0.04525749329829798
-0.05613530902809508      0.05472844810352967      0.04586374266850529
-0.056123034708674045     -0.004350025995664308    0.045882285110059005
-0.055750407297847276     -0.0047154479797478464   0.04634640246275808
-0.05558607961758347      0.056739224160112        0.04654338913347963
-0.055382568517852074     0.057429262533424064     0.04677802624260892
-0.05515808483417627      0.058157624027376564     0.04703750734066381
-0.054753968490915794     -0.005735005448989348    0.047504991579434996
-0.054570845243127816     0.060104851591874606     0.04771545666104965
-0.05416342051919919      -0.006417047250739307    0.048192354437245434
-0.05401823539467618      0.061857939037353385     0.04835503223112757
-0.05371220717919174      0.06275605678963193      0.048685222634690904
-0.05339587442864057      -0.007178452532511892    0.04902637225526581
-0.05330362813918261      0.06390427141114395      0.049127087188238674
-0.0527889655469373       0.06537877284800332      0.04968311288455973
-0.05255084653064234      -0.00810644300001933     0.04994646093707232
-0.05238933337954458      0.06647488203270556      0.05011584849133387
-0.05199922220793027      -0.00862363641850897     0.05050731944704412
-0.051798634248496025     0.06797123015687082      0.050712379904457136
-0.05088189836635497      -0.009789914678406045    0.05164565176297908
-0.050816995556534135     0.07035364659696075      0.05170580873692077
-0.050744505263767725     0.07053254762961784      0.05177911034115801
-0.050702066623951235     0.07063794578249288      0.0518222016027384
-0.05056440041566786      -0.010070856120702357    0.05194773582031778
-0.0496447727983112       0.07305296523298527      0.05282216609686351
-0.049156556290740505     -0.011466591959024615    0.0532899297241222
-0.049091892269969024     -0.011520483470601374    0.05334750033710889
-0.049052439965514394     0.07438689044228616      0.0533857060939364
-0.04870191441010648      -0.011887260648718154    0.053695394302667954
-0.048489938849250375     0.07555083630175026      0.05388430662371348
-0.04757170357105851      -0.01296842399127546     0.05470333078057885
-0.047375454815327386     -0.013181052226567434    0.05487872088494368
-0.04734322198490414      0.077889821935668        0.05490650137854955
-0.04727177356671771      0.0780235598497036       0.0549658457621288
-0.047061954187816196     0.07841062694614322      0.05514105895406586
-0.0460107254471763       -0.014417581559249885    0.05601736046987714
-0.045960699569257704     0.08046441553754805      0.0560593395684279
-0.045574591724784154     0.08117383008877799      0.05638302212391402
-0.04553824572216497      -0.014906609789847668    0.05641240496383905
-0.04456365114984908      0.0828730934414898       0.05717268463290952
-0.04441298216215283      -0.01586990357094145     0.057290430415708284
-0.04374559982937995      0.08422749235884677      0.05781494366746773
-0.04364471965238245      -0.01662863545696024     0.05789116902327334
-0.04307834710861423      0.08523784257384134      0.05829890041020297
-0.04268427232572018      -0.01723978618335379     0.05858961586080581
-0.04172776455248872      -0.017827465008499552    0.05928645766027529
-0.04165979593319243      0.08735890847594516      0.05933345105596788
-0.04151339472887831      0.08755808404984546      0.05943192786681563
-0.040960526167827055     0.08830061847910661      0.05980580517356984
-0.040706047363702216     -0.018403876928068177    0.059980416369331005
-0.03983128735287592      0.08983079451295974      0.06056854689554462
-0.039701229403796334     -0.019519111784687692    0.060662269180433034
-0.03952395458343085      0.09024178740141842      0.060777238851740654
-0.03912956322880992      -0.020095212701872263    0.0610233729527322
-0.03802548810375474      0.09205239908385862      0.061713345122761755
-0.037558422519537615     -0.02174048184945401     0.06201243232609623
-0.03752138750910835      -0.02177552691164715     0.06203407317602873
-0.037399970185172236     -0.021895126281519774    0.062104774781667496
-0.03736903837841898      0.09286029535881109      0.06212635785618695
-0.036151743504051356     0.0942161943505689       0.06282838858310488
-0.03594539057464934      -0.023517630792543105    0.0629525512642778
-0.03536854763883409      -0.02419335030279937     0.06328747639393291
-0.03522994514752097      0.09525125526387271      0.06336458481004922
-0.034347528519438626     -0.02525725032102681     0.06383607229842507
-0.034158228769805205     0.0963348941295333       0.06393415488412481
-0.03313831256034272      -0.026584052966696088    0.06448326541369054
-0.03303918460565841      0.09747557661382078      0.06453397419592062
-0.03272133666858731      -0.0269877071681755      0.06468901302779868
-0.032024920308552335     0.09840097222314566      0.06502880220756088
-0.03155613088591189      -0.028179157183147854    0.06526167461899303
-0.031045299003113785     -0.028687911450471795    0.06551287646253047
-0.030875966888627055     -0.02885998354836001     0.06559610366338328
-0.030796112051846843     0.09953129307698683      0.06563341652998228
-0.029727076268582085     0.10040512899821302      0.06611005473830309
-0.029279472223689075     -0.030321009997647155    0.06631376908875877
-0.02858939582686095      -0.030965949753250357    0.06662381720080301
-0.028500072601768817     0.10141640726263694      0.06666178480363488
-0.027450716425318822     -0.031917713576513226    0.06708929318067225
-0.027233759813079184     0.102335736334177        0.06717506683159125
-0.026262277672004782     -0.03293322779835761     0.0675748558410947
-0.02615040098591418      0.10312889010530138      0.06761793413611272
-0.025550700589772914     -0.033472545154204024    0.06783775059612918
-0.024505770733866106     0.10417806018601145      0.06822023275786529
-0.023973677645432075     -0.03479527467049787     0.06842157474660464
-0.02374642134289937      0.10466668023440054      0.0685007014188012
-0.023623338734161163     -0.03502364739900664     0.0685363365297258
-0.02179728612310384      0.10573013357526184      0.06913538151992715
-0.021390113618606158     -0.03657296526280118     0.06927091666293958
-0.021313603670541074     0.10599738115801996      0.06929446975118811
-0.021157979982543162     -0.036709136795742996    0.0693376182025502
-0.01897748411709786      0.10710191173483997      0.06996793896005278
-0.018854905359354857     0.10716065486573761      0.07000365017805371
-0.018785833249831397     -0.03819747430448894     0.0700222528913059
-0.01855103531595166      -0.038319186742794324    0.07008039495770219
-0.01829245792023844      0.10738606082301838      0.07014502871514852
-0.016370654324839303     0.10816590655923167      0.07062672335290907
-0.01616031129975144      -0.03965304585064885     0.07067523336978462
-0.015891522077641742     0.10832425073741063      0.0707280005828232
-0.015761793057046097     -0.03983111956059332     0.07075829236840063
-0.013715026834333328     0.10912104776040676      0.07119083007852176
-0.013512947938176626     -0.040921686406866456    0.07122945832310239
-0.012731406715323228     -0.04121215591057011     0.07136209655131905
-0.012479599157292284     0.10948732613012183      0.07140464328409475
-0.011007794948729919     0.10993332946017118      0.07165936574309152
-0.010843055015589794     -0.04198275310669846     0.07168446911285445
-0.009371532014994846     -0.04241308526373634     0.07187797501036958
-0.008731715756981343     0.11046548490157085      0.07196437616430096
-0.008282676322494879     0.11057321640688769      0.07202455056752423
-0.008149839186688473     -0.042812447457646424    0.07203973698967038
-0.007366069060135799     0.11073001147222586      0.07211204544975698
-0.005543196023110564     -0.04335649534312747     0.07228416807256595
-0.0055396709556282085    0.11105670930249195      0.07228638455181988
-0.005432381010362797     -0.04338318838966708     0.07229464916375175
-0.005234299882277299     -0.04340695152436928     0.07230584519063074
-0.004492855539927539     0.11117409155331345      0.07234647476613262
-0.002778778848129912     0.11137503888055611      0.07244486769597847
-0.0027233672566526743    -0.0437078120323174      0.07244711387656963
-6.530530029968687E-4     -0.0436699905622527      0.07248731811082817
-4.596531560598981E-4     0.11149295442792168      0.07249088026110412
8.131957297416044E-19     -0.04367981092294896     0.07250000000000001
1.2785035807779279E-17    0.11152084922521738      0.07250000000000001
4.6540540406530705E-4     0.11149722915681837      0.07249136520287684
6.865492910448025E-4      -0.043655567267071586    0.07248686651238018
0.002608780546489125      0.1114053534563487       0.07245159856211159
0.0026851343098814578     -0.043658178390906695    0.0724486341641068
0.004009342462541215      0.11125784490424556      0.07237610760443994
0.004724378852394291      -0.04339352137966318     0.07233550958681803
0.005202714528634668      0.1111421874811918       0.07231178427885505
0.005342341499102735      -0.04331405607742016     0.07230145001956137
0.005794389812386393      -0.04320658579211175     0.07226029510572846
0.007500141962064275      0.11077603122681799      0.0721058092719636
0.007781801946436643      0.1107329238583768       0.0720805571502304
0.007909433438966657      0.11070520660757101      0.07206449819797753
0.007953298578172988      -0.04276133607557252     0.07206175745409536
0.009841504319704892      -0.04217349353917955     0.0718196428641546
0.01034604279989505       0.11019975624035219      0.07175791717623763
0.010556849530610944      -0.04197451535549905     0.07172718475458678
0.01142089577325367       0.109907860399941        0.07158334790465896
0.01242948807687157       -0.04126372230183814     0.07141657918418132
0.012895437089009885      0.10952252411483795      0.07134386435687674
0.013151274488988226      -0.04099781399886413     0.07129713335871368
0.013379924068520552      -0.04088942589800416     0.07125085185120472
0.014669879859336068      0.10894498669560423      0.07098998666672299
0.015447763174261098      0.10869002017084874      0.07083451359810214
0.01573523410613886       -0.039865772165685376    0.07077115197982742
0.0165534044830732        -0.03942670443303194     0.0705739974124155
0.017697694871876297      0.10778598462169538      0.0703001539556512
0.01803025659558991       0.10765248911992976      0.07022085315661916
0.01830937080711475       -0.03855506679928883     0.07014849062131086
0.019493132203264325      -0.03785055900319444     0.06981702059641975
0.020495107359912695      0.10647899529767543      0.0695393337455077
0.020600892065934063      0.10642867431243877      0.06950997568026579
0.020872854747163903      -0.03708583375451871     0.06942868872355631
0.022253511514202566      -0.03618836179564776     0.06898749302783258
0.023102659211490083      0.10505014851216692      0.06871945984751425
0.02315954797284864       0.10501882466235332      0.06870142077989161
0.02342497626739014       -0.035475292623940974    0.0686113524294935
0.02481291965645176       -0.03434894290499377     0.06811107549014465
0.025210121744227265      0.10369306117301476      0.067969961829189
0.02550648795630107       0.10349892662662637      0.06786386133965432
0.025756686756234368      -0.03361385599773158     0.067769410234097
0.027181824160733153      -0.032366428137503366    0.06720075240068318
0.027211706113389442      0.1022761829372445       0.06719009905124589
0.027817799694712583      0.10183609066757818      0.06694978086874374
0.02801869490348145       -0.03162317433394829     0.06686608091147397
0.029125636091312967      0.10080227903501314      0.06638109281526013
0.029390436679090078      -0.030243144080785482    0.06626515330033571
0.0300934002563873        0.1000279791222009       0.06595884526462754
0.030185022479647168      -0.029565387144806117    0.0659170249532337
0.03096022726991677       0.09927649944486164      0.06554630846866058
0.03164462773296285       -0.028161837325028423    0.0652199623659609
0.032315708351391664      -0.027607556701278672    0.06489944182835772
0.03233320489132007       0.09807220307332946      0.06489071309944715
0.032722823196534086      0.09770339214263457      0.06468871796923177
0.03392568827868214       -0.026114913731708794    0.06406482434691266
0.03400962944679085       0.09647136357975789      0.06401940524700156
0.03441077925398765       -0.025724367222234947    0.06381332795655263
0.03441730639139888       0.0960863359543084       0.0638075118373155
0.03453044394839524       0.09597683982722743      0.0637486516353449
0.03595922460050008       0.09447947415462886      0.06294392713318776
0.036219165493096256      -0.024096506793536986    0.0627994648104164
0.036470253597327536      -0.023898386276243452    0.06265868087243047
0.03657535212988551       0.09381914912648953      0.06259737192593871
0.037436217195741514      0.09282395996735243      0.06207483934456111
0.03833759287168881       -0.022256840931531463    0.061530113237038074
0.038494142058762254      -0.022120143309254416    0.06143550033465738
0.0385130423790706        -0.0221018306776944      0.061423222709845515
0.03858362967584649       0.09146830269758191      0.06137930995731511
0.03885473866470184       0.09112394565157954      0.06120246310754381
0.039443070150630644      0.09036059825454515      0.06081920710402884
0.04021243486580032       0.08938125582450936      0.060317806728756446
0.040482425882099674      -0.020415795840979533    0.0601438044520097
0.04055545877644961       0.08893544516636526      0.0600945578359125
0.04078952755645332       -0.02012490924262751     0.05992989713121817
0.04151548574647653       0.08759952325121023      0.05942383102995909
0.0424351465786436        -0.01873758308865922     0.05878357196381935
0.04249088036822379       0.08621430224813059      0.058743296778082425
0.042762679248252465      0.0857858912882654       0.05853959842176293
0.04292644059671517       -0.018103597115720935    0.05841599088833058
0.043205863476816084      0.08506999060419637      0.05820792611744439
0.04391891946907649       0.08394490210480868      0.05767399789081575
0.04434098689523094       0.0832627824599021       0.05735840616014869
0.04437050470512119       -0.01629922626775816     0.05733544904068251
0.04466363527572229       -0.015899461173185227    0.05710075930595953
0.04503405354774653       0.08207933097347805      0.05680439406402516
0.046080735359913506      0.0802490138599292       0.05596892205493109
0.04611627649293107       0.08018833346812117      0.05594053639771302
0.04614196761367625       0.08014183549221707      0.05591995822201834
0.04625022982800211       -0.013802314270543275    0.05583035295234206
0.046334035305204635      -0.013681630971586364    0.05575859236980445
0.04719785721934078       0.07812851172039113      0.055019469723374424
0.0481028905125047        -0.01260952887010456     0.0542429303714197
0.04812260126225822       0.07627674433929862      0.0542254009399269
0.04823967930136618       0.07602983582699914      0.05411843142952815
0.04835850314924503       0.07576658210125238      0.054009089118694203
0.04890652541409417       -0.011986632160990558    0.05350649792223327
0.04922813780422543       0.0738999513865164       0.053211503957085446
0.049903641734186745      -0.011172688127646269    0.052591512009618244
0.05004818318218378       0.07205223132573303      0.052453958662684506
0.05018172317058028       0.07173559632152929      0.052322777106305236
0.050302450559392815      0.07143496603475759      0.052203286059252146
0.05101903568171884       -0.010055704138828335    0.051497360552008514
0.051095123370077114      0.0695925473357556       0.05142067332244135
0.051651024605554326      -0.00939128041496552     0.0508764418835218
0.051853837099991806      0.06775939392865357      0.05066971739165771
0.051982630818397005      0.06743007279227871      0.050533511050923095
0.052100246305299906      0.06711738243773738      0.05040880356012612
0.052798540655462176      -0.007951525410305495    0.049671556880694245
0.05282264306732402       0.06523918108754456      0.049643863327507726
0.05334494801067951       -0.007233164201086492    0.049096822099395004
0.05359064162186683       0.06316370420339769      0.04882850315929069
0.053640012378058655      0.0630225262359167       0.04877250020509912
0.05368080698718593       0.06290123593082105      0.048726099141678886
0.05433069664992897       -0.00571637854205841     0.04798886531296809
0.05441124172570437       0.06077966196147466      0.047896494067645755
0.05498530913745152       -0.004662072076790232    0.04725163950451779
0.05504658888979025       0.058754362016158884     0.0471747194556008
0.05512052082034837       0.05852434766796853      0.04709062109092489
0.05520627834034563       0.0582408163162173       0.046993304704187853
0.055675383856490776      -0.003379822220957372    0.04642116793555891
0.05577900449353343       0.0562295351835091       0.04629674811620209
0.05619003740435084       0.05469379689404466      0.04579812813088893
0.056408715821403         0.05389809849362583      0.04553244559605867
0.056571991538612865      -0.001636926776887602    0.045339746579840516
0.05670337617578123       0.05275724690203146      0.04517539238439307
0.056875723797644516      -9.631425443187362E-4    0.04494821619544926
0.05700150549337564       0.051531008202551305     0.04478796451849757
0.05718632134682705       0.05072094195261284      0.044548472172832414
0.057559946870605186      0.04912979921374655      0.04406344367406648
0.057583240017013274      6.78596480305486E-4      0.04403391516408964
0.057960083376400844      0.0015165402524986715    0.0435472731612363
0.05806921682666062       0.04681809777031086      0.043404251651757826
0.058096802301733336      0.04669650440009766      0.04336847857899691
0.05810442110012463       0.0018511236032041486    0.04336041725987906
0.058141547455921865      0.04648622318319766      0.043310626230349515
0.05860347795577492       0.04415386343120317      0.04266496853411743
0.058826043810110376      0.04295852693058755      0.04235494077506478
0.05909083389586596       0.04157878109995303      0.04198522604611809
0.05920311817099132       0.0037599012720504555    0.04183461212142472
0.05953006463318218       0.004307863496428917     0.04137965123452101
0.05953138067697171       0.039135971093254396     0.04137226214236978
0.05956045331491234       0.038979657347725453     0.04133171226366452
0.05961819991506661       0.03862190972095762      0.04125163851010498
0.0599614540865379        0.03634156489201889      0.040734962305873076
0.06009536668844341       0.03538235117726011      0.040534925909043396
0.06038187379211847       0.03370585698769743      0.04010585026219557
0.06042814049291519       0.005962557761042965     0.04004135265206687
0.06070199554296782       0.03163926974393921      0.03962554893539668
0.0607853784081372        0.03103139425741911      0.039500626997856815
0.06095776757268868       0.008740965052057143     0.039244888045964016
0.06096486703742188       0.008778608854105913     0.039234310697010305
0.060980344984641395      0.008879888055649533     0.03921086476450497
0.06102841869730434       0.029036080902723423     0.039135697594767
0.06111736811829966       0.028263410206750956     0.0389917128194895
0.061140495621062205      0.02803469777617561      0.03895417940457219
0.061362844298623424      0.025385881803282807     0.038594189125232034
0.061397797542826434      0.011670975371918389     0.03854030722306559
0.061421281290536395      0.024557149590157548     0.03849924924360599
0.061508613680888016      0.012622731444917299     0.038358621587645345
0.06153528415784215       0.022399074445779897     0.0383147226502531
0.06158371331314183       0.021187303526322556     0.03823589516666846
0.06159344059212906       0.014734821808456432     0.03822036565101538
0.061620717749061416      0.016036511138556576     0.0381763006987757
0.06162505242996977       0.01928839048489025      0.03816915975385525
0.06163805786633414       0.017915929230691227     0.03814777590626307
-0.056546277513487245     0.016122013885223024     0.045355028105822835
-0.05647650690739231      0.014582586775286805     0.045442034663681276
-0.05646292880210698      0.017844364956423373     0.04545920896454382
-0.05636716943270263      0.019218667817194276     0.045578422435885835
-0.05627427109682534      0.012698293078711124     0.04569402544970276
-0.05614994647887867      0.021529185116410512     0.0458497170379554
-0.056146998812064836     0.011803583612016248     0.045852665879380916
-0.056067275724397014     0.02223491277266114      0.045953066652374835
-0.055766851449026704     0.024428884321925012     0.04632666389435074
-0.05576061627888921      0.010015576302474162     0.04633411312505453
-0.05565624693964499      0.02519050425193188      0.046455731613101126
-0.055611052220689884     0.02546134053101851      0.04650823545992566
-0.05561016989413081      0.0093051645321791       0.046509143276319484
-0.055498386501823836     0.008927699708966763     0.04663915855145499
-0.05517960914692491      0.028108379819263958     0.04701093921581298
-0.054902942408348004     0.02960125943708801      0.0473319996085518
-0.05487800607723453      0.007048395679413465     0.0473608119803284
-0.05465077432233181      0.030990655604266996     0.04762538570946541
-0.05415158171154216      0.005362095139043488     0.04820565504167044
-0.0541063396349463       0.033652259175805235     0.04825647359927286
-0.05406640063138257      0.03383601597042244      0.04829987574052906
-0.05404002825741806      0.033944689995189466     0.04832844194840859
-0.05399425379577265      0.004986997670591997     0.048376544185648275
-0.05374437692272036      0.004519309811201        0.048647913196906804
-0.05339685468754565      0.03663761982098472      0.049026407619403155
-0.0529445100522876       0.0031050713445016902    0.04951662830178044
-0.05286112863263962      0.03865888693527202      0.04960602887801738
-0.05266747638486429      0.03940002147494556      0.04981588802620826
-0.0524839211851105       0.002450157262574854     0.05001678974399323
-0.052406821839387954     0.04030371707268011      0.05009757009177901
-0.051850171820052866     0.042116583755851894     0.050661206170859174
-0.051752497248930024     0.0013741216822404179    0.05075873058619098
-0.0512541568436104       0.043886267125451205     0.05126331181457233
-0.050952680349032976     0.04479548309214255      0.051568162413195305
-0.050756930616034326     1.845184878909335E-4     0.051768477354419126
-0.05066584716929628      0.0456228376341411       0.051857627448859994
-0.05042696557151213      -2.2477553607285714E-4   0.05208111283112453
-0.049988415095695654     0.04744579560744159      0.052497891401623815
-0.049096860463785655     0.04974252965105174      0.05333895055989294
-0.0490117226557007       -0.0012083756400323757   0.053423128501793635
-0.04897153748709974      0.050069808741031896     0.05345726938829497
-0.04887389591873437      0.05031395610353205      0.05354928514848302
-0.048703585877367964     -0.001385854480328083    0.05369605803658059
-0.04786689313142494      0.05265907863980938      0.054437793845202184
-0.04721795858837553      -0.002347167392222435    0.055014224922587486
-0.04702659914777314      0.054534195847632486     0.05517793213249828
-0.046898115393820654     -0.0025165532660354935   0.05527925209381191
-0.04669734680490207      0.05521768916198873      0.055449357016784856
-0.04604394529807454      0.05651824154861036      0.05598712339618023
-0.04543688248779558      0.05773895484984346      0.05648701906740579
-0.045366683305052155     -0.003435478090770896    0.05655040474100602
-0.04512378424522433      0.05834268140703033      0.056744435309623295
-0.045003065645248905     -0.003611360129318133    0.05683216763661651
-0.04407490383210769      0.060219413500978425     0.05755105795718107
-0.04345773330579198      -0.00446681582764523     0.05803167029664451
-0.0431653822125712       0.06178068313660712      0.05824945870304463
-0.04307054906628929      -0.004734894460060826    0.058311185567680515
-0.04260401561234456      0.06263860446636352      0.05864965206238187
-0.04153837461602383      -0.005772914152424166    0.05941937168374253
-0.041191595637733704     -0.005994485568262297    0.0596531408696854
-0.04107791440951628      0.06488789606667508      0.05973593437286976
-0.0410149684134857       0.06498128528995845      0.0597807575553688
-0.04099173701440671      0.06501625363173723      0.059797283644804786
-0.03958156731149048      -0.007000380910665121    0.06074053853579728
-0.039354824742531505     0.06728739436122558      0.06087672252881614
-0.039231191762928386     -0.007206460593055165    0.06096059185212986
-0.03880622300186461      0.06803815959813904      0.06123834993745088
-0.03760007909137053      0.0695535809158954       0.06197317554480832
-0.03758726455960384      -0.008151198022687926    0.06199502687199341
-0.0371845524096574       -0.008368621761831471    0.062230060850047265
-0.03657837135645172      0.07081949918439993      0.06259539766826651
-0.035735490686565535     0.07177384810816763      0.06306819734768031
-0.03555542108855904      -0.009227281357627438    0.06318269750994429
-0.03504659346637254      -0.009478633934388962    0.06345785283364053
-0.03430819427863799      0.07336714143633816      0.06386851175495041
-0.033742605394298256     0.07394093471896163      0.06415946402644294
-0.03348599312285166      -0.010230483462295957    0.06430341586744814
-0.03281190800454359      -0.010534013700192328    0.06464003815623687
-0.03199570350878227      0.07568769635035794      0.06505777391273616
-0.03159886171754601      0.07604596338918367      0.0652441344338834
-0.031286636991555185     -0.011490377806300665    0.06540128202046673
-0.03070134561015277      -0.011826828945792085    0.06566943214027202
-0.029640910348619612     0.07778752697116621      0.06616326280394864
-0.029276380737778357     0.07807796449342766      0.06631869780510873
-0.029005077827392815     -0.012828679142821335    0.06644400966424718
-0.028522090492437705     -0.013089245031722652    0.06664547312222704
-0.027243825681555693     0.07967276081780118      0.06718505417925678
-0.0267403014823944       0.08002322115059197      0.06737876413199836
-0.02668394631189205      -0.014109280705456355    0.06740955549119165
-0.026269397943208626     -0.014318533221120543    0.0675660531139498
-0.024804459991844673     0.08134930068108218      0.06812322101115577
-0.024323355981195314     -0.015330233581541591    0.06829804797912808
-0.02394644918307718      0.08186435174451716      0.06841877052926351
-0.023694101352128506     -0.01545851353091456     0.06850859005425033
-0.022322823382721686     0.08282283483245784      0.06897783362017247
-0.02168049405056218      -0.016015741635207043    0.06918046993714738
-0.021070594470827382     0.0834690335548216       0.06935833562195297
-0.01989313086848797      0.08409048215379657      0.06971603768711922
-0.019885649781090645     -0.016365486724172713    0.06970618931724418
-0.019022158491387792     -0.016601780475229422    0.06995833260942162
-0.018264492926880246     0.08483683715043462      0.07015034385240276
-0.0174541921068839       0.08521425830979126      0.07036642542146612
-0.017206689928750796     -0.016936717618327986    0.07041544671197167
-0.016347727304394852     -0.017115222480371894    0.07063208281488234
-0.01587996095558966      -0.017173341450080707    0.07073145912961827
-0.015258688420702753     0.0860848849689256       0.0708713010664418
-0.015001624031863569     0.0861886538482369       0.07093041531431682
-0.014149106470186627     0.08647400700892127      0.07109550980878268
-0.0136557129580518       -0.01761489650238589     0.0712022172927701
-0.012535426643426967     0.08702078053093901      0.07140800736567128
-0.011982512079695373     0.08717088267483647      0.0714952299831697
-0.01159426878043621      -0.017835734525932605    0.0715576298847248
-0.010949945490198074     -0.01795657675664184     0.07166821895579738
-0.010055599941574102     0.08770591223345425      0.07179920157552949
-0.009952340748296963     -0.01804288165622002     0.07180080331937344
-0.008377256783210362     0.08805931308446643      0.0720043597561438
-0.008227662154590969     -0.01824810506223315     0.07203086112662575
-0.007562143926304973     0.08823567014009631      0.07210399794389147
-0.006903414174958726     -0.018281329489518862    0.07215677495307565
-0.006138814080110085     0.08844848701798629      0.07222798779700748
-0.005490744962228969     -0.01842117620891508     0.0722901594495748
-0.005055058597619574     0.08861742910714539      0.07232239647075722
-0.004331131522728018     0.08868299933699976      0.07236030590661607
-0.0038460580117688475    -0.01841228433694207     0.07238322613665893
-0.0027399796858511684    -0.01845027181161204     0.07244643599207216
-0.0025343439555179145    0.08885455892821967      0.07245439715612674
-0.0015734195807053728    -0.018377491641430217    0.07246944515582697
-3.552950820119073E-4     0.08892083926520883      0.07249360684009816
4.450865425250475E-18     -0.018473199929460175    0.0725
9.472659407940078E-18     0.0889344035541691       0.07250000000000002
4.2413969118546615E-4     0.08891628839906963      0.07249188633295321
0.0017102381186167592     -0.018373302917722763    0.07246728364379544
0.0026851338449642888     0.0888337098911143       0.07244863418244757
0.0026851342536375173     -0.01843571986219058     0.07244863416632559
0.003434043138626746      -0.018408278775919544    0.0724070893721061
0.00418479183250839       0.08867806447655802      0.07236544251853055
0.005354101150810792      0.08856321602440068      0.0723005765366659
0.005354101841330613      -0.018424618678725607    0.07230057648478665
0.007330341488253825      -0.018226115753090827    0.07211824704533265
0.007660910413149565      0.08818079584647966      0.07208774850951737
0.008006901917539524      0.08812509019326759      0.07205582706265497
0.008006902860161128      -0.018204654001303697    0.07205582695759281
0.008156834971749401      0.08809057610883413      0.07203641089307704
0.008736829998417423      -0.018109744376249806    0.07196130216707534
0.010643536145150479      0.08753450531323398      0.0717143857604148
0.01064353732915366       -0.017932930080183207    0.07171438558465278
0.011684039059158312      0.08722950956804136      0.07154041727342347
0.012098715103991083      -0.017643592918173474    0.07147108486664226
0.013264003833643657      0.08677747218144681      0.07127625262994539
0.01326400523594718       -0.017501249134948844    0.07127625236895065
0.014918875674189532      0.08618844740052829      0.07093640454287459
0.01498575751626259       -0.017125326460203278    0.07092266953214424
0.01586830498301907       0.08585758597736048      0.07074142767124672
0.01586830658677615       -0.016959499910660727    0.07074142731121866
0.016374064995570016      -0.016812101654037768    0.070618019911361
0.01791507854062952       0.08500071424400055      0.07024200547908242
0.018456439593276704      0.08477833908234601      0.07010991088431881
0.0184564413901051        -0.016379067485942738    0.07010991041070642
0.02031711119125923       -0.01581671317935375     0.06958309363602143
0.02071388795192573       0.08369188654730954      0.06947075312746841
0.021025206048995597      0.08353847056692319      0.06938267298704703
0.021028409634440033      -0.01565675249176435     0.06938170167142671
0.022513535596806446      -0.015194048004120619    0.06890236821356409
0.02327013354037644       0.08225548202694713      0.06865862673743547
0.023553463348298026      0.08209279336506263      0.06856737036885435
0.023584211330417146      -0.014883867789505961    0.06855680109166574
0.024036004487287703      -0.01467412942310755     0.06839282094837604
0.02532878810403464       0.08093069894988028      0.06792382821231507
0.025784114906450155      0.08062688434132352      0.06775900687869867
0.025821635735194318      -0.013958372772212206    0.06774471891229748
0.02724166296916886       0.07956271682202677      0.06717681969346949
0.02750638552312173       -0.01315158613959945     0.06707088766744534
0.02797822243233697       0.07901501811169469      0.06688301718746735
0.028023503207358795      -0.012935413511010083    0.06686406167346692
0.0289809295734274        -0.012463314817639386    0.06644453732095877
0.029066554332887157      0.07813430177608402      0.0664067897002811
0.030135807890866985      0.07725368431614836      0.06593953355620508
0.030189813757755236      -0.011912234435548823    0.06591482937144608
0.030800726172947025      -0.011583545921664062    0.06562301188897326
0.030811734802570705      0.0766506409235001       0.06561712131591987
0.0322568939570004        0.07533925911651115      0.06492869252151172
0.03232056738400357       -0.01086625443221643     0.06489702200742303
0.03248455657404481       0.07511634425691432      0.06481082122120761
0.03322716603202461       0.07437717552839485      0.06442683442093718
0.033937222234499236      -0.009975444751193396    0.06405876876868137
0.0340846278713771        0.07353296885223073      0.06398332502026084
0.03434156653143214       0.07327588677867412      0.0638505993094781
0.03441576408045492       -0.00974212237014013     0.0638106395847423
0.035434495835919025      -0.009167562173494804    0.0632393785912737
0.03561773501091322       0.07190424852348126      0.06313674088565785
0.036389858987491606      0.07106122949912999      0.06270538581337462
0.036475403855226816      -0.008615630035429787    0.06265568209971704
0.03693359309836536       -0.00833444463118237     0.06237871248133464
0.03709556612485186       0.07023587529021738      0.0622798472485293
0.038461480430142074      0.06858248843866543      0.06145589363396077
0.03849848465665639       -0.00808898858974085     0.0614327778072913
0.038545032070168836      0.06847465009117044      0.061401706673479085
0.03870583532039958       0.06825864756585477      0.061297201095003966
0.03968060124099547       -0.007905275694433452    0.06066472412497305
0.03991639503456487       0.0666565816051291       0.06051101046035044
0.040485777794597756      -0.007789413825504387    0.060141547119006836
0.04053000957602518       0.06581187173316494      0.060111660226535
0.04122871742142988       0.06479011842184708      0.059624107921517316
0.04155740961132856       -0.0076370932998653905   0.05939497523499165
0.04236252210057482       0.06306627939259983      0.058831253057239755
0.042437510540113334      -0.007427191260544428    0.058781865375757233
0.04248784480180693       0.06287880183114021      0.05874368655942044
0.04256314888738477       0.06276173077920219      0.05869095529848041
0.04365303386783513       0.06088357115233657      0.05787116672605805
0.043965906799977916      -0.0064744828774008      0.057637062558330274
0.044421428348889375      -0.00618393302044335     0.05729585726601321
0.04458828777786619       -0.006075283192993986    0.05716188631033522
0.044589978471898356      0.05920804227556114      0.05716479110284195
0.04477810269121052       0.058852749608658474     0.05701303824484767
0.044996841634680936      0.05842404121403269      0.056836171610288526
0.045846639540502374      0.05678946639821893      0.05614978317100876
0.04634641046524603       -0.004725041318301283    0.05575040064838699
0.04655843837070502       0.055369108830562785     0.05557348075591799
0.046877940636845215      0.054696188608766544     0.055296879981218953
0.04699916292019404       -0.004212489834017098    0.05518897772237091
0.04721155664896217       0.05396717990731312      0.05500734852367998
0.04786207159865415       0.052573464606007314     0.054443459555820015
0.048212498881974264      -0.0030832738986440044   0.05414549017378885
0.048429193365111166      0.051268151159800185     0.053951787957409715
0.0487679482217577        0.050442304227987275     0.05363718757890421
0.0490922432416044        0.049604445522108576     0.05333666396215239
0.04911291855182708       -0.0022252013106612476   0.05331621175436058
0.04962083590049195       0.04826816361799381      0.05284626751871714
0.05001965533739555       -0.0011933461574685019   0.05248119025477024
0.05015706339403765       0.04683167408347195      0.05234988528537424
0.05043148789776094       0.04605339263955052      0.05207776737404725
0.05065704950054935       0.04537492973771041      0.051854624391975246
0.05094667167650455       -1.1149212678149392E-4   0.051567162755756096
0.051193473514047905      0.043799219648509524     0.05132325583397242
0.0517678208979618        0.001045298218972656     0.050757600104443204
0.05182627340367633       0.04182776122334317      0.050697921840877624
0.0519232064850553        0.041508118785315004     0.05059529781462502
0.05199207084684664       0.04126700145751905      0.05052257631912056
0.05251789411253102       0.002130603126948666     0.049965893743458556
0.05262545385952076       0.03921774318393072      0.04985263021295813
0.053208249528079704      0.03721990874915985      0.04923803853380192
0.05330070576629041       0.03689287543905308      0.04914035845518066
0.053431984846266656      0.03639919126495831      0.049002106317718036
0.05345689981749258       0.0037960276900517185    0.04897488090903926
0.0538444217342579        0.004503090812613915     0.04853696912962489
0.053908390775928475      0.03450355919833813      0.04846408469552507
0.05419020831435212       0.0333094824875614       0.048146903315102414
0.05447352627184039       0.03206331274769417      0.04782730148868933
0.05463885398133578       0.0063192563616955005    0.04763935486616409
0.05493301698923424       0.007012085521609105     0.047306969227733545
0.054991475429328966      0.02954218987473135      0.047243646262142815
0.05499774929941681       0.029508969578233547     0.04723658462734314
0.05501281916841158       0.029413333848257266     0.047219590991250185
0.05508662128748393       0.007488847092873094     0.04713343469245283
0.055406880019597426      0.02682163799023122      0.046744646493753136
0.05551344856188712       0.025960863473465802     0.04661592110048189
0.05572381044664673       0.024008973138878585     0.04636233466092696
0.055769134773940965      0.009671983524777323     0.04630756793263956
0.055845996023301106      0.02250928438021461      0.04621458933760644
0.055882531245844934      0.011238902965520839     0.04617062182135848
0.05594062831202647       0.021059296351584413     0.04610053909021328
0.05596268567075999       0.01276109834776611      0.04607345406359151
0.056017739018644506      0.01916836795342238      0.046007103444899215
0.05603228855818473       0.014691283340844644     0.04598958974541813
0.056047276640837425      0.01795868952053908      0.04597160051832458
0.05605059378886851       0.01592310914033853      0.04596727724966507
-0.04876970200510911      0.014723955149555875     0.05363805445118639
-0.04876062947736716      0.01754550690632866      0.05364572482271025
-0.04875643437143404      0.014320392362863026     0.0536497531676622
-0.04874286664866055      0.018002192919190186     0.05366152460225897
-0.048578848454619135     0.011700723773520653     0.05380735405296856
-0.048554036957627486     0.020646498373343314     0.05382856889941939
-0.0484974719307459       0.010945358571888985     0.05387929349740486
-0.04845241880063837      0.021589438090855395     0.05391878678135226
-0.048171093896865934     0.023643565736226505     0.05416802976549614
-0.04783848350370006      0.025556096929698284     0.054463325641181684
-0.0478196185356869       0.009346488389962587     0.05447933217054398
-0.047639149758100616     0.026552750743345073     0.05464007881036298
-0.04721491391106096      0.0283391317567541       0.05501683075999563
-0.04713392978898977      0.008082380313563741     0.055086196931000135
-0.046955425140905525     0.029377252558166186     0.05523182164464574
-0.0467589574904934       0.0300521946189984       0.055394811295978896
-0.04674658739539626      0.007346063579945028     0.05540634972487265
-0.04611017712755685      0.03211738215556663      0.05593268307247086
-0.046051458514895324     0.0062932665627112305    0.055980805834192626
-0.0455069121599313       0.0055087619577614665    0.05643084343935872
-0.045343753020104384     0.03427173726177611      0.05656877848169811
-0.045234572534804195     0.005379485788027954     0.056656084871900755
-0.04514830968629345      0.03479415756220028      0.056720106560443635
-0.04489187256709054      0.03540499133402002      0.056918854879581225
-0.04406100343283206      0.037423295839180866     0.05756304004668845
-0.043382815394239334     0.03887384110625297      0.05808770065567745
-0.04333921409953417      0.0046662994549841       0.05811962396470546
-0.04331716362219754      0.004656777812627008     0.05813667770438667
-0.04280047468603608      0.03995916134983816      0.05850612743940431
-0.0418058294849259       0.041746189149957626     0.05921954691282054
-0.041499507741134506     0.0033700893803756847    0.05944409253970963
-0.04143085459747908      0.042426085927241584     0.05948867329575108
-0.041395570319204454     0.0032978443964637046    0.059518995599446345
-0.041207211677560474     0.04281703305620183      0.05964890887202999
-0.039960222095521206     0.04484917268973605      0.060477697743182415
-0.039592822138697886     0.0021082120273763854    0.06072969343581061
-0.0394367300988516       0.0020071174591521144    0.060834723649490885
-0.03899048189425368      0.04637306255258744      0.061121139851844024
-0.03840225601218716      0.047232254793996044     0.06148209732539912
-0.03761212185912555      8.864612609754225E-4     0.061976223672656365
-0.0374405983815699       7.831207973684026E-4     0.062083739418173314
-0.03677092863706746      0.04953015831457715      0.06248151360895007
-0.036742790945173215     0.04957005219541798      0.062498759180191564
-0.03673246666273322      0.04958416866367402      0.06250507684823214
-0.03555366725237763      -2.936036151195094E-4    0.06318057789791863
-0.035407131865032346     -3.755794977454422E-4    0.06326592397705093
-0.034942205144493206     0.051848733113926085     0.06351461531126908
-0.03443319865431383      0.0524696085667257       0.06380120126041136
-0.0334135223638262       -0.0014303414450303734   0.06433948775072466
-0.03333628847873684      -0.0014703765445242092   0.06438116178084813
-0.03300887938839269      0.05407018948455393      0.06453724167210759
-0.03209254855527303      0.05506292983821771      0.06501005134920508
-0.03193837034084829      -0.002154550632532591    0.06507620175731518
-0.0312280935647632       -0.0025064544038147446   0.06542930787668684
-0.031189487313894523     -0.002524553189489039    0.0654469216057955
-0.030921208244278797     0.056226302660499515     0.06556219480730041
-0.02971048834671075      0.05738512377372637      0.06613204922955226
-0.029082645126252075     -0.003492725223305077    0.06641019836699452
-0.02888172662294455      -0.0035799419657015046   0.06649412165516004
-0.028653296422822556     0.058307342000777376     0.06658414899319534
-0.027302037404319017     0.0594674184959362       0.06716143925177917
-0.026899775980750523     -0.004422670437887796    0.06732380348925457
-0.02648241552524102      -0.004589982373503773    0.06748257494329182
-0.026215139619489392     0.06030765244699378      0.0675806227884933
-0.024862974824110123     0.061338047921491654     0.06810190536912256
-0.024570056003118096     -0.005508086643267211    0.06820968534767535
-0.02368869952948638      -0.005598595199540321    0.06850799598647594
-0.023561975238794566     0.062223087019198514     0.06855125787494795
-0.022381599140815923     0.0630141961210859       0.06895878475578957
-0.02193826691041837      -0.005856966911763579    0.069099061364161
-0.02087400191123571      0.06387709344284093      0.06941825283215605
-0.019947847721182237     0.06440041205933779      0.06970038587270974
-0.01937021896187324      -0.006088878572348549    0.0698610460603063
-0.01929039363164199      -0.006108415782316703    0.06988475348844632
-0.01925389110960979      -0.006115119087349124    0.06989409107684208
-0.01813091581119107      0.06530075820400756      0.0701863754086151
-0.0175008521476821       0.06560868751238132      0.07035482195465587
-0.0165901556553286       -0.006740055466978433    0.07057549235770032
-0.015265968990283485     -0.006965346616818642    0.0708604346217869
-0.015166527224713225     0.06659000787520725      0.07089313081653932
-0.015040616455083313     0.06664214558492929      0.07092215148215977
-0.014604472846243098     0.0667934403223864       0.07100682630269316
-0.013871406831517667     -0.007276939432122091    0.07116052048537219
-0.012567126431140078     0.06750972615182256      0.07140243449796978
-0.011904282823373611     0.06769933619618385      0.07150731637157197
-0.011250051070601192     -0.007683554513326566    0.07161954211364656
-0.011134147160209204     -0.007699567609144297    0.07163983787146196
-0.011054109661135193     -0.0077050329443100075   0.07165068875373234
-0.010080395162720399     0.06821129217843355      0.07179572371106728
-0.008378376641403208     -0.008024534641936486    0.07201344451596962
-0.008293211542262077     0.06859778396194571      0.0720147750209988
-0.007580430360851668     0.06874842684257056      0.07210207237748117
-0.006352424799969746     0.06893013347404148      0.07220927245583704
-0.006237068658995308     -0.008120409564003846    0.07222021793208969
-0.0056040952750996695    -0.008182380975724752    0.07228134041889517
-0.0050672173441396245    0.0691297515457814       0.07232153433601142
-0.0048362378817690494    -0.008195966639210444    0.07232593201959167
-0.004207236000329137     0.0692101461559781       0.07236672293804128
-0.0028113030612985997    -0.00817755390955716     0.07244352558023864
-0.002540755729457414     0.06935912160472912      0.07245415942507297
-5.51298065484525E-4      0.06941594876836285      0.0724900375553572
-3.4686107863900894E-4    -0.007951196530578953    0.07249303213572966
6.059792836296282E-18     -0.007935651665016374    0.07250000000000001
1.0427364058500086E-17    0.06943778857915427      0.07250000000000001
3.329043562633316E-4      -0.007933247028668539    0.07249363163777461
6.573252623916074E-4      0.06940739079014         0.07248757344657521
0.0026649114746830323     0.06934539152094893      0.07244942701076637
0.002685133922151311      -0.008013214291827367    0.07244863417940257
0.004019363513091693      0.06921619218489279      0.07237467546395496
0.004607522412032607      -0.007941198451801216    0.07234199206294595
0.005315544839920553      0.06909064846865016      0.07230346077506894
0.005354101303813318      -0.007898311528246297    0.07230057652517072
0.0060192639310449065     -0.007813443842462032    0.07223920809907704
0.007853648332303275      0.06867858727657447      0.07207100577597154
0.00794877880497601       0.06866370709818523      0.07206228076833242
0.00799065342026431       0.06865433812461226      0.07205688613774504
0.00800690214498603       -0.00765082552610891     0.07205582703730437
0.01041480173607834       -0.007294928080115163    0.07174400661601552
0.010564737990923678      0.06807389868233872      0.07172603725219855
0.010643536445669446      -0.007257658194057069    0.07171438571580359
0.010791211174014272      -0.007223999011875452    0.07168969501147733
0.011491086088385888      0.06780168480574775      0.07157215646654563
0.013163337126298955      0.06730710516442834      0.07129491326216346
0.01326400420586356       -0.006779819868910837    0.07127625256066836
0.014677697809039405      0.06675408335992754      0.07098620067702839
0.01501535834161637       -0.006357453394302548    0.07091659064871336
0.01574460974986236       0.06636227903282188      0.07076908078611331
0.01586830542556838       -0.0061913899375185336   0.07074142757189866
0.01736918480242764       -0.005811380285561893    0.07037520606785645
0.01760745203091671       0.0655468255526183       0.07031816174973511
0.018308589665569544      0.06523836449308316      0.07014871317186373
0.01845644017531444       -0.005689471862678528    0.07010991073090389
0.019289951478394397      -0.005542762640110931    0.06987391630066064
0.020324345110349182      0.06420716937336757      0.06958282497966645
0.020855310945197644      0.06393429738594317      0.06943398514062799
0.02102840847045565       -0.0053171952566915285   0.06938170202459719
0.022862897401434608      0.06275650194441997      0.06879179118246762
0.02338480793100292       0.06244900510429482      0.0686250728006452
0.023449763457588525      -0.004856640830981968    0.06860019498400989
0.02358421020973326       -0.004833733851913609    0.06855680147719198
0.02366263792156119       -0.004801944705818496    0.06852833582516499
0.024921170577483557      0.061368751906823976     0.06807231118577933
0.025616791738901655      0.06087131722846517      0.067822399876816
0.02582163464171035       -0.004017002380473207    0.06774471932882425
0.02679556695414928       0.059958343162895125     0.06735485015368106
0.027340684215321116      -0.0033794718044312523   0.06713716144365962
0.02785194131384832       0.059105971632045284     0.06693563742364939
0.028023014075011017      -0.0032359091871089147   0.06686426709015532
0.02861739520514389       0.058441241305794284     0.06660252266817504
0.028641869791352477      -0.0031058373837553077   0.06659312471530865
0.03009764255936859       0.05710158831895292      0.0659569208096198
0.030187810667988382      -0.0027950634073705062   0.06591574731221883
0.03034897083496358       0.056857772323030506     0.06583734835384432
0.031065909067643647      0.056133759516122275     0.06549551044249247
0.031896032297056266      -0.0024523897145318344   0.06509985087510425
0.03199084413343187       0.055210245771342925     0.06505474399214858
0.03230787572729884       0.05488094055045668      0.0649033316899916
0.03231708319243282       -0.002329402748491554    0.06489875719765877
0.032781194342225276      -0.0021935497823636694   0.06465816011021505
0.03355109624664485       0.05350346742414064      0.06425864476231649
0.034410731268086324      -0.0017325445090462846   0.06381335382275176
0.03448264516755874       0.05243060323231491      0.06377451136530515
0.03504318880279677       0.05174387643726239      0.06345943911657628
0.03589253214290565       -0.001312720700152441    0.06298258819556656
0.036159288536597604      0.05032352624596058      0.0628307094281294
0.03646883246656603       -0.001079378045582499    0.06265950823046346
0.036473103624436634      0.04993825091226771      0.06265403189287967
0.036620242579893506      0.04975252296995703      0.0625710782131544
0.0372954061453489        -7.431432486110062E-4    0.062160002986686634
0.037847542033852         0.04810138483942409      0.06182470424504853
0.03849129708094442       -2.6890946147231333E-4   0.061437283685204416
0.03871518570534572       0.04690181801149758      0.06129632466576673
0.03917435782634239       0.04622673781147042      0.060995588324298584
0.03932718064720776       6.397091124851591E-5     0.060894297960832705
0.039913841896907214      0.045109892381605635     0.06051059254640176
0.04044008904630062       0.04430411604813369      0.060165633358020616
0.040478117167094665      7.174323017290201E-4     0.06014670571309497
0.04075721394977929       0.043783719224818024     0.059957840378893706
0.041588325642722176      0.042350595519934434     0.059372817858485485
0.042199962967964987      0.0017016595736109143    0.05894750447298106
0.04242929406552752       0.0018892606976867886    0.058787796386749955
0.042675203619371445      0.040379180308312626     0.058609529670993074
0.04268901912706897       0.040351430989606446     0.05859908425101642
0.04270414556903819       0.04031928298282944      0.0585876760915385
0.04366393448315854       0.038228343631968115     0.057862907317583555
0.044248577499975246      0.0038115840378582307    0.057425503844017955
0.044412664718575315      0.004029126127660203     0.057302647258978906
0.04456854625675427       0.03613781839323816      0.05718159812458279
0.04459948988853542       0.036062291513284626     0.05715659692382615
0.0446266902833451        0.035991808057200536     0.05713468057994897
0.04544048256124733       0.0338200287573052       0.05647795823927321
0.045938091337488204      0.00609526269828221      0.05607834650408006
0.04612307865938356       0.031879727328013474     0.05592872626674474
0.04624149621545033       0.031531876801827625     0.05583327763892831
0.04633680460580357       0.006789555502310735     0.05575838080841432
0.04639853154865674       0.03103861466663787      0.0557071005214638
0.04696118273504748       0.029172210198511624     0.055222078342543175
0.047310743603852394      0.027930048174534414     0.05492175384060155
0.04731613905980052       0.008534319002197853     0.054916376549457926
0.04762813005027915       0.026756403995376446     0.054648468492402125
0.04816119054037954       0.02463350744925633      0.054191147797624475
0.04820137767627784       0.010639976843632725     0.054155388096836864
0.04824421427289951       0.02428422734640726      0.054114717769917525
0.04827412519863146       0.024108875113084682     0.05408720592330954
0.04840312174685183       0.011131654771540916     0.05396964861958259
0.048562106664897325      0.011682408620457396     0.05382330451989417
0.048661936458125346      0.021535361027345476     0.053731075140970794
0.04877257358001548       0.0205876299733741       0.05362921983232139
0.04896028995547182       0.01864426779061265      0.05345683986309968
0.0490546735592718        0.017195989564291164     0.05336981794318948
0.04912638124160954       0.015595440875976637     0.05330404595194914
0.04915281919734567       0.013914622062517932     0.05327948717934278
-0.03798425204453253      0.014602223260544472     0.0617387518573169
-0.03797446696019513      0.016223079446173662     0.061744967964188956
-0.037943287112511166     0.017801072376236293     0.061763978618740174
-0.03788538798420798      0.013060102562092581     0.06179977213046821
-0.03776571811510385      0.019661378107658813     0.061873556555138
-0.037636804955093264     0.02085075376110464      0.0619528349347482
-0.03713492042531566      0.023489993474377677     0.06226241326396895
-0.03708034176976278      0.023759924756464476     0.062296024820155955
-0.03699362640164526      0.011878188357430436     0.06235090484844239
-0.03693557304690012      0.02425799744387488      0.06238534259953819
-0.03656308374071911      0.01121463982014372      0.06259566138843066
-0.03624593596843037      0.026520283124665332     0.06277743533727309
-0.035584971639683306     0.02814517758217436      0.06315375255464235
-0.03516695060594233      0.02914720662646491      0.06339160294666699
-0.03512904957369756      0.009632482966056557     0.06341834039721375
-0.03503667788635203      0.009540511969492054     0.06347123377543254
-0.03501398973686826      0.009523265792859531     0.06348431997983782
-0.03474532561338162      0.029945474425455774     0.06363176873360861
-0.033809677380376886     0.03163017808382377      0.06412139823593409
-0.03330660755661952      0.00802384949014819      0.06438960190798625
-0.03296669467249256      0.00779194766816566      0.06457113859616849
-0.03243781084435826      0.033624603347456816     0.06483846941545159
-0.03215365515244128      0.03401012865495155      0.06497451854096989
-0.031447892911423095     0.0065987854255243235    0.06531421627758077
-0.03129540259024012      0.03511603557274684      0.0653840647644953
-0.030874101762971486     0.006243541810176438     0.06559700234954866
-0.03035288968814557      0.03632698954852412      0.06583417486202124
-0.03004409452608361      0.03670435206669309      0.06598116961361743
-0.02947440259682758      0.005248754335123489     0.0662263845061462
-0.02873833102007596      0.004831461336966078     0.06655983481722087
-0.028395593622550425     0.03857672351440648      0.06669593478662834
-0.027612846974043946     0.03942239729050406      0.06703424027054952
-0.027396851226891967     0.00396095812021186      0.06711166526927866
-0.026560838851953948     0.003523701938295777     0.06745820953586817
-0.026277175865585076     0.040758044945701816     0.06755673637757022
-0.02522364776783122      0.002725352669141868     0.06795872483079844
-0.025143234327511213     0.041836454373192764     0.06799891008135923
-0.024342658869446546     0.002297550199611624     0.0682911141464545
-0.023972509612139183     0.042861946834364895     0.06840899764717412
-0.0227111802374209       0.0013625478151007904    0.06883666313943518
-0.022634935074936666     0.04397570714602378      0.06887603717600049
-0.02184589455011838      9.305713881538008E-4     0.06912831343826242
-0.02152834838798022      0.04473598265144661      0.06921772912778779
-0.020134933349345706     0.04563570455480552      0.06964650987917817
-0.01990918068548655      -4.9647916368353534E-5   0.0697009791204544
-0.019290393631641988     -1.6281302317906526E-4   0.06988475348844632
-0.01894710719303734      0.04631857269166946      0.06996763378102686
-0.01826603942742863      -2.896592534158573E-4    0.07014679012038048
-0.017625516374975825     0.04702984134069388      0.07032365038530791
-0.0165901556553286       -4.7088425242964205E-4   0.0705754923577003
-0.01610820566640512      0.04774322100771321      0.07067622949227861
-0.015311404692735248     -5.323879439196762E-4    0.07085065763771906
-0.015106333969394788     0.04818167802390114      0.070908165058076
-0.013871406831517667     -6.622356457570475E-4    0.07116052048537218
-0.01296142210554529      0.04898006528709006      0.07132609213400096
-0.01258508701556216      0.04912412510056566      0.07139927078099995
-0.01212206373036959      -7.091174894941686E-4    0.07146684530044375
-0.011431198413177222     0.04948767872287261      0.07158203863962906
-0.011134147160209204     -7.152585506596846E-4    0.07163983787146194
-0.01009565574674172      0.049905715574776605     0.07179357922747065
-0.010041011250004226     -6.513701496018668E-4    0.07178803701816719
-0.009586177097836445     0.05003086348108473      0.07185610884919157
-0.008378376641403206     -6.181190734332737E-4    0.07201344451596962
-0.0075924314107752855    0.05051308132282205      0.07210080637260599
-0.006975524654255404     -4.93642115231947E-4     0.07214890961490752
-0.005790291607306828     0.050829414510473535     0.07225842689091849
-0.00560409527509967      -3.3440595346765137E-4   0.07228134041889518
-0.00507541400766285      0.05095243472859259      0.07232095221640601
-0.003990576114590859     0.05106826059564178      0.07237799064721162
-0.0031595865110204003    1.2159565446645681E-4    0.07242329979788104
-0.0028113030612985997    1.7536798686004282E-4    0.07244352558023864
-0.002627770023640338     2.1756464049728716E-4    0.07244721245482412
-0.0025446035374044195    0.051217929675058144     0.07245401675887068
-0.00138500884650331      0.051262602820368375     0.07247497166265046
4.394444483613057E-18     9.19377532764723E-4      0.07250000000000001
9.415732911389454E-18     0.051312023403361724     0.07250000000000001
0.0012512795787730196     0.05122425069947666      0.07247634490346772
0.0026553763632819064     0.05111719946315611      0.07244980083966161
0.0026635227437698385     4.61359047500976E-4      0.07244904759487601
0.002685133922151312      4.58190015310599E-4      0.07244863417940257
0.002722418597239006      4.5515601532039796E-4    0.07244656585830948
0.00517232740078363       0.05077624947570373      0.0723117193020001
0.00529510933563378       0.0507595077430346       0.07230498340682036
0.005353441953921595      0.05074806537229288      0.07229966083258235
0.005354101303813318      1.6180900919236395E-4    0.0723005765251707
0.006957900078675895      8.180553362625604E-5     0.07215260879133406
0.007919198917055632      0.05022618340530066      0.07206554770147625
0.008006902144986032      5.0317861120293154E-5    0.07205582703730438
0.008947708285321758      0.04995418371746971      0.07193383034154967
0.009254771259953276      8.863518505071151E-5     0.07189422932177592
0.010527645107547464      0.04952385334592113      0.07173149372362932
0.010643536445669443      8.330717007792865E-5     0.07171438571580359
0.011875887509228748      1.4961530399813507E-4    0.07150834087605654
0.012218908104507152      0.04895775771097221      0.07145187449652783
0.013128386664126787      0.048680059561100844     0.0713013587536168
0.013264004205863558      2.462234963103784E-4     0.07127625256066836
0.014484324067029684      4.0068781311189937E-4    0.07102564500763056
0.01536080364104607       0.04786104380411608      0.07084752831279997
0.015729578916126634      0.04771303579017042      0.07077242646693906
0.01586830542556838       5.240772839865033E-4     0.07074142757189868
0.017537721725943776      7.636708724100519E-4     0.07033408227965046
0.01819331837610215       0.04656559199962009      0.07017648573601072
0.018316798913415734      0.046503254054530034     0.07014656827628486
0.0184564401047839        9.071662710439707E-4     0.0701099107494945
0.019077969787724983      0.0010377160737495713    0.06993393528219079
0.020765530404382053      0.04510191429972402      0.06945856809078055
0.020890208868648348      0.045025037494245794     0.06942348297205599
0.02102840820750245       0.0018478297587292663    0.06938170210438116
0.02239166670957673       0.0023786469770070845    0.06894170214328624
0.023116960395727422      0.043494580826270106     0.06870973671446029
0.02344999470714131       0.043248955740023715     0.06860282531306112
0.023584209758463627      0.0029475600578288707    0.06855680163243316
0.02499536225199333       0.041916163351457515     0.06804462980440644
0.02523767755061374       0.003281635956892595     0.067956718469604
0.0257643533620696        0.04123016666473478      0.06776641942399396
0.025818300689672957      0.0034168338249986442    0.06774599639092961
0.026415025806740627      0.003543070924622525     0.06750738147810498
0.026730472736738273      0.040296363362739826     0.067380679884159
0.028016954970347854      0.0040930605870649756    0.06686681151333612
0.028042573891899517      0.03898599483410904      0.06685597714151706
0.028384914841343943      0.038617254689652054     0.06670582076491696
0.02917978061008521       0.037733407492983664     0.06635663958093108
0.02994677874100557       0.03686951774458871      0.06601985865575768
0.03001650264843061       0.0047303969914004665    0.06599094012809775
0.03018026435950131       0.004800115975279154     0.06591920496088835
0.03027838954397493       0.004842122455178991     0.0658723487374619
0.03028490476329508       0.03647611718891696      0.06587115566660083
0.03142131602924313       0.03505602703819309      0.06532589667641192
0.03230893333861381       0.006029628065742936     0.06490281508408076
0.032439779625497184      0.033559625260170145     0.06483750747695005
0.03270762124374464       0.03314409555475202      0.06469777103202184
0.033082273026043336      0.032527233154564315     0.06450282378261685
0.03321348060478024       0.006562508022793366     0.06443400016931572
0.033894812963994124      0.03114971396892329      0.06407953282403232
0.034401876126711334      0.0075264220063790705    0.06381812827714486
0.03449954502200572       0.030058573538309853     0.06376537528981965
0.03500876809279645       0.029090291080683513     0.06347854475400108
0.03555633058549021       0.027981729638441616     0.06317099550880671
0.03562497600080164       0.008527200018928538     0.06313262324697796
0.03604324385060874       0.02695995800407591      0.06289711082348177
0.03645891998677657       0.009490566728237617     0.06266527794520232
0.036516971427707545      0.025897557358619122     0.06263145386211437
0.0369997242181142        0.02475843827703876      0.06233876978947485
0.03739924519616536       0.023749885897785858     0.062097308474535796
0.037529747896905136      0.010739946435675657     0.06201836386793649
0.0378787313866252        0.02248472847942967      0.06180698210784428
0.03847966246658367       0.012388193856575342     0.0614445749028604
0.03848866565047017       0.02075418691055283      0.06143892979531971
0.03869245585349455       0.020146587973299372     0.061306296495448394
0.03882121119859052       0.019732978886775086     0.061222796868862665
0.038945015354446076      0.013204572324905076     0.061142398943537644
0.03930593496069962       0.01758288603249266      0.060908082679563144
0.03936060961256016       0.014411881789112051     0.06087258434003669
0.039525801976821234      0.016117039491129137     0.06076533071304868
-0.022299959399167228     0.0188994652332641       0.0689723645392655
-0.022135743874267824     0.017224358849829195     0.06902298216885194
-0.021798677284499822     0.0205305435417778       0.0691304939955058
-0.02144817030649431      0.015023106582022057     0.06924681764878636
-0.021299316193881788     0.021588321868072285     0.06929040692228708
-0.02124572894825862      0.01465946777258217      0.06931186018753363
-0.02107662451376368      0.014447485579720665     0.06936703366323073
-0.02063530819880456      0.02217827295196945      0.06949970154071546
-0.019596178020456212     0.01254783471875508      0.06978650179740949
-0.01914654902679315      0.023545610409198593     0.06991262784088642
-0.018639606823665753     0.011653180159585197     0.07006131023865614
-0.017996571055385324     0.02467237049706055      0.07022950807075307
-0.017590230487786775     0.010646311364612186     0.07031901988880826
-0.017111430795552794     0.025483825470200748     0.07043976588178233
-0.016145223053198442     0.009610927394005528     0.07067862466590495
-0.015470528725444396     0.026769994088174126     0.07082954871398527
-0.015240137667482594     0.008943774083617347     0.07086701435090967
-0.014802584242715383     0.02725570319135072      0.07096312294260468
-0.013609033216442627     0.00803485018969685      0.07121109914515117
-0.012929520931417804     0.028417030076084135     0.07133769447277087
-0.012557301061523599     0.007429870841979332     0.07139102616569135
-0.012183488114969302     0.028841332398413543     0.07145918901937721
-0.011039597814888294     0.006767670328895702     0.07165439962394488
-0.010373547673305557     0.02971247245180496      0.07175394534710988
-0.00955234478515447      0.006094955436925173     0.07185428674287034
-0.009211549944184265     0.03021749192625551      0.07190054585548748
-0.008378376641403203     0.006261446911955458     0.07201344451596961
-0.007802608951107652     0.030728295349534855     0.0720783013370023
-0.007716175554635332     0.006397459890423673     0.07207738934875142
-0.005836789761095227     0.03135693298722401      0.07225501960229644
-0.005604095275099667     0.006894707430506878     0.07228134041889517
-0.005216704764824089     0.03151808283241665      0.07231076244244812
-0.003893315331007058     0.0074086406332679305    0.07238069013774812
-0.003879057101715285     0.0318130909923179       0.07238305675254743
-0.002811303061298601     0.007771384086443192     0.07244352558023864
-0.002615835114454869     0.03202828475576232      0.07245132866344736
-0.001833377916914175     0.032127741651683965     0.07246588739361698
-5.151777168350589E-4     0.008693882893247311     0.07248965093339357
4.684068994833383E-18     0.008921627222791951     0.0725
6.808662174554119E-18     0.03227019217645532      0.07250000000000002
5.391577518499897E-4      0.008752850585404974     0.07248968607110179
0.0017261448645189263     0.03214404164735517      0.07246697935829643
0.002685133857529619      0.03203501855954606      0.07244863418195187
0.0026851339221513094     0.008138076540160313     0.07244863417940256
0.004034530508976305      0.007829197445894207     0.07237377807788312
0.004670302011681313      0.03168759923403836      0.07233850944415075
0.005354101175718185      0.03153727886946964      0.07230057653479459
0.005354101303813318      0.007558445483190386     0.0723005765251707
0.005592482451568087      0.031471761813901364     0.072278583291698
0.007913854849582557      0.007178711475632186     0.0720644116538138
0.008006901954565706      0.03069149005577677      0.07205582705852813
0.00800690214498603       0.007166873359115775     0.07205582703730437
0.008159593248419302      0.007156019830465173     0.07203605370274517
0.008806055521912458      0.030386272684634286     0.07195233752890663
0.010643536194072177      0.029579820759575742     0.0717143857531525
0.010643536399329464      0.008157937203924773     0.07171438572268263
0.01157222508772105       0.008490012611223662     0.07155911218335985
0.011656587967435126      0.029071458392663993     0.07154500700109581
0.013264003894237604      0.028156621794690712     0.07127625261866773
0.013264004108594837      0.00935681707028533      0.07127625257877185
0.014199732554990073      0.027560820531636596     0.07108408934106802
0.014654821303666455      0.009994869981673166     0.07099063132272929
0.01586830505506199       0.02636515956195035      0.07074142765507378
0.01586830527358041       0.010803450299634598     0.0707414276060185
0.016480805166573267      0.025881638145347483     0.07059197480098298
0.017359586077699357      0.011700800352184796     0.07037754820158751
0.01845643967654532       0.024134034259755462     0.07010991086237066
0.018456439890822896      0.012687664145067029     0.07010991080589085
0.01853707825559768       0.02405634833187862      0.0700870794326479
0.01911889009191807       0.02362426612415874      0.06992234939605184
0.019626751124231546      0.013645579096269646     0.06977855726080281
0.02072778729406376       0.022331930348687176     0.06946681776486055
0.021028407834291257      0.021739024925373926     0.0693817022176191
0.021028407952107392      0.015459728563338746     0.06938170218187192
0.02138057649078734       0.015877076166467326     0.06926803764841657
0.02169602310175709       0.01654030084490853      0.06916622534055926
0.02201490488981551       0.019990811218199813     0.06906330430804652
0.022137617831615806      0.018673879993366144     0.06902369796093949
% Elements (lines)
220        216
216        214
214        208
208        205
205        201
201        197
197        192
192        190
190        184
184        183
183        181
181        176
176        175
175        169
169        168
168        164
164        162
162        158
158        155
155        154
154        149
149        148
148        143
143        141
141        138
138        135
135        132
132        128
128        127
127        125
125        123
123        120
120        117
117        114
114        112
112        109
109        108
108        107
107        103
103        101
101        99
99         96
96         94
94         93
93         91
91         87
87         86
86         85
85         83
83         80
80         78
78         77
77         75
75         73
73         71
71         69
69         68
68         65
65         64
64         63
63         61
61         60
60         58
58         57
57         55
55         54
54         52
52         51
51         48
48         47
47         45
45         44
44         42
42         41
41         39
39         38
38         37
37         35
35         32
32         31
31         30
30         28
28         27
27         26
26         22
22         21
21         20
20         18
18         16
16         14
14         13
13         10
10         9
9          5
5          4
4          3
3          1
1          2
2          6
6          7
7          8
8          11
11         12
12         15
15         17
17         19
19         23
23         24
24         25
25         29
29         33
33         34
34         36
36         40
40         43
43         46
46         49
49         50
50         53
53         56
56         59
59         62
62         66
66         67
67         70
70         72
72         74
74         76
76         79
79         81
81         82
82         84
84         88
88         89
89         90
90         92
92         95
95         97
97         98
98         100
100        102
102        104
104        105
105        106
106        110
110        111
111        113
113        115
115        116
116        118
118        119
119        121
121        122
122        124
124        126
126        129
129        130
130        131
131        133
133        134
134        136
136        137
137        139
139        140
140        142
142        144
144        145
145        146
146        147
147        150
150        151
151        152
152        153
153        156
156        157
157        159
159        160
160        161
161        163
163        165
165        166
166        167
167        170
170        171
171        172
172        173
173        174
174        177
177        178
178        179
179        180
180        182
182        185
185        186
186        187
187        188
188        189
189        191
191        193
193        194
194        195
195        196
196        198
198        199
199        200
200        202
202        203
203        204
204        206
206        207
207        209
209        210
210        211
211        212
212        213
213        215
215        217
217        218
218        219
219        221
221        222
222        223
223        225
225        226
226        227
227        229
229        230
230        232
232        234
234        236
236        237
237        238
238        240
240        241
241        243
243        244
244        246
246        248
248        249
249        251
251        253
253        256
256        257
257        258
258        259
259        261
261        263
263        264
264        266
266        267
267        268
268        269
269        271
271        274
274        275
275        276
276        277
277        279
279        281
281        282
282        283
283        284
284        286
286        287
287        289
289        290
290        291
291        293
293        294
294        296
296        297
297        299
299        300
300        301
301        303
303        304
304        306
306        307
307        309
309        310
310        311
311        313
313        315
315        316
316        317
317        319
319        321
321        322
322        323
323        325
325        327
327        328
328        331
331        333
333        334
334        335
335        338
338        339
339        340
340        342
342        344
344        345
345        346
346        348
348        352
352        353
353        354
354        355
355        357
357        359
359        360
360        362
362        365
365        367
367        368
368        370
370        371
371        374
374        377
377        378
378        379
379        382
382        385
385        387
387        388
388        390
390        392
392        395
395        397
397        399
399        400
400        404
404        406
406        408
408        411
411        413
413        414
414        418
418        422
422        424
424        427
427        429
429        433
433        434
434        435
435        440
440        443
443        447
447        450
450        452
452        458
458        460
460        461
461        467
467        470
470        472
472        474
474        479
479        481
481        483
483        485
485        487
487        490
490        492
492        494
494        493
493        491
491        489
489        488
488        486
486        484
484        482
482        480
480        478
478        477
477        476
476        475
475        473
473        471
471        469
469        468
468        466
466        465
465        464
464        463
463        462
462        459
459        457
457        456
456        455
455        454
454        453
453        451
451        449
449        448
448        446
446        445
445        444
444        442
442        441
441        439
439        438
438        437
437        436
436        432
432        431
431        430
430        428
428        426
426        425
425        423
423        421
421        420
420        419
419        417
417        416
416        415
415        412
412        410
410        409
409        407
407        405
405        403
403        402
402        401
401        398
398        396
396        394
394        393
393        391
391        389
389        386
386        384
384        383
383        381
381        380
380        376
376        375
375        373
373        372
372        369
369        366
366        364
364        363
363        361
361        358
358        356
356        351
351        350
350        349
349        347
347        343
343        341
341        337
337        336
336        332
332        330
330        329
329        326
326        324
324        320
320        318
318        314
314        312
312        308
308        305
305        302
302        298
298        295
295        292
292        288
288        285
285        280
280        278
278        273
273        272
272        270
270        265
265        262
262        260
260        255
255        254
254        252
252        250
250        247
247        245
245        242
242        239
239        235
235        233
233        231
231        228
228        224
224        220
637        635
635        633
633        632
632        629
629        628
628        626
626        624
624        622
622        620
620        618
618        616
616        614
614        611
611        610
610        606
606        604
604        602
602        600
600        597
597        596
596        592
592        590
590        588
588        586
586        585
585        584
584        581
581        579
579        577
577        575
575        574
574        572
572        571
571        570
570        567
567        565
565        562
562        560
560        559
559        558
558        556
556        554
554        552
552        551
551        549
549        548
548        546
546        544
544        543
543        542
542        539
539        538
538        537
537        536
536        533
533        531
531        530
530        528
528        527
527        525
525        524
524        522
522        521
521        519
519        516
516        515
515        513
513        512
512        510
510        508
508        507
507        506
506        502
502        501
501        497
497        496
496        495
495        498
498        499
499        500
500        503
503        504
504        505
505        509
509        511
511        514
514        517
517        518
518        520
520        523
523        526
526        529
529        532
532        534
534        535
535        540
540        541
541        545
545        547
547        550
550        553
553        555
555        557
557        561
561        563
563        564
564        566
566        568
568        569
569        573
573        576
576        578
578        580
580        582
582        583
583        587
587        589
589        591
591        593
593        594
594        595
595        598
598        599
599        601
601        603
603        605
605        607
607        608
608        609
609        612
612        613
613        615
615        617
617        619
619        621
621        623
623        625
625        627
627        630
630        631
631        634
634        636
636        638
638        639
639        642
642        643
643        646
646        648
648        650
650        651
651        654
654        655
655        657
657        660
660        662
662        664
664        666
666        667
667        671
671        672
672        674
674        676
676        678
678        679
679        682
682        683
683        686
686        687
687        690
690        691
691        694
694        695
695        698
698        699
699        702
702        704
704        706
706        708
708        709
709        712
712        714
714        718
718        719
719        722
722        723
723        724
724        729
729        731
731        733
733        736
736        740
740        741
741        746
746        747
747        749
749        753
753        755
755        759
759        761
761        765
765        767
767        771
771        773
773        777
777        781
781        783
783        787
787        788
788        791
791        796
796        797
797        804
804        807
807        808
808        809
809        814
814        816
816        819
819        820
820        822
822        821
821        818
818        817
817        815
815        813
813        812
812        811
811        810
810        806
806        805
805        803
803        802
802        801
801        800
800        799
799        798
798        795
795        794
794        793
793        792
792        790
790        789
789        786
786        785
785        784
784        782
782        780
780        779
779        778
778        776
776        775
775        774
774        772
772        770
770        769
769        768
768        766
766        764
764        763
763        762
762        760
760        758
758        757
757        756
756        754
754        752
752        751
751        750
750        748
748        745
745        744
744        743
743        742
742        739
739        738
738        737
737        735
735        734
734        732
732        730
730        728
728        727
727        726
726        725
725        721
721        720
720        717
717        716
716        715
715        713
713        711
711        710
710        707
707        705
705        703
703        701
701        700
700        697
697        696
696        693
693        692
692        689
689        688
688        685
685        684
684        681
681        680
680        677
677        675
675        673
673        670
670        669
669        668
668        665
665        663
663        661
661        659
659        658
658        656
656        653
653        652
652        649
649        647
647        645
645        644
644        641
641        640
640        637
920        919
919        917
917        915
915        913
913        910
910        909
909        906
906        905
905        902
902        901
901        898
898        897
897        894
894        893
893        890
890        889
889        887
887        885
885        884
884        883
883        880
880        878
878        876
876        874
874        872
872        871
871        870
870        868
868        866
866        864
864        863
863        861
861        860
860        858
858        856
856        855
855        853
853        852
852        850
850        849
849        847
847        844
844        843
843        842
842        840
840        838
838        837
837        834
834        833
833        831
831        830
830        828
828        826
826        825
825        823
823        824
824        827
827        829
829        832
832        835
835        836
836        839
839        841
841        845
845        846
846        848
848        851
851        854
854        857
857        859
859        862
862        865
865        867
867        869
869        873
873        875
875        877
877        879
879        881
881        882
882        886
886        888
888        891
891        892
892        895
895        896
896        899
899        900
900        903
903        904
904        907
907        908
908        911
911        912
912        914
914        916
916        918
918        921
921        922
922        925
925        926
926        927
927        931
931        934
934        935
935        937
937        939
939        941
941        943
943        946
946        947
947        949
949        951
951        954
954        956
956        957
957        960
960        961
961        964
964        966
966        968
968        970
970        972
972        974
974        976
976        977
977        980
980        981
981        984
984        985
985        988
988        989
989        992
992        994
994        996
996        997
997        1000
1000       1001
1001       1004
1004       1007
1007       1010
1010       1011
1011       1014
1014       1015
1015       1018
1018       1021
1021       1023
1023       1026
1026       1028
1028       1032
1032       1033
1033       1034
1034       1039
1039       1042
1042       1045
1045       1049
1049       1051
1051       1055
1055       1057
1057       1061
1061       1066
1066       1067
1067       1071
1071       1072
1072       1076
1076       1080
1080       1082
1082       1084
1084       1086
1086       1088
1088       1087
1087       1085
1085       1083
1083       1081
1081       1079
1079       1078
1078       1077
1077       1075
1075       1074
1074       1073
1073       1070
1070       1069
1069       1068
1068       1065
1065       1064
1064       1063
1063       1062
1062       1060
1060       1059
1059       1058
1058       1056
1056       1054
1054       1053
1053       1052
1052       1050
1050       1048
1048       1047
1047       1046
1046       1044
1044       1043
1043       1041
1041       1040
1040       1038
1038       1037
1037       1036
1036       1035
1035       1031
1031       1030
1030       1029
1029       1027
1027       1025
1025       1024
1024       1022
1022       1020
1020       1019
1019       1017
1017       1016
1016       1013
1013       1012
1012       1009
1009       1008
1008       1006
1006       1005
1005       1003
1003       1002
1002       999
999        998
998        995
995        993
993        991
991        990
990        987
987        986
986        983
983        982
982        979
979        978
978        975
975        973
973        971
971        969
969        967
967        965
965        963
963        962
962        959
959        958
958        955
955        953
953        952
952        950
950        948
948        945
945        944
944        942
942        940
940        938
938        936
936        933
933        932
932        930
930        929
929        928
928        924
924        923
923        920
1189       1192
1192       1194
1194       1195
1195       1197
1197       1199
1199       1202
1202       1203
1203       1204
1204       1207
1207       1210
1210       1211
1211       1213
1213       1215
1215       1218
1218       1219
1219       1222
1222       1223
1223       1225
1225       1226
1226       1230
1230       1231
1231       1233
1233       1235
1235       1237
1237       1239
1239       1241
1241       1242
1242       1244
1244       1245
1245       1248
1248       1250
1250       1251
1251       1253
1253       1255
1255       1256
1256       1258
1258       1260
1260       1261
1261       1263
1263       1264
1264       1266
1266       1267
1267       1270
1270       1271
1271       1272
1272       1273
1273       1276
1276       1277
1277       1278
1278       1279
1279       1281
1281       1282
1282       1284
1284       1285
1285       1286
1286       1288
1288       1289
1289       1291
1291       1292
1292       1295
1295       1296
1296       1297
1297       1298
1298       1299
1299       1300
1300       1294
1294       1293
1293       1290
1290       1287
1287       1283
1283       1280
1280       1275
1275       1274
1274       1269
1269       1268
1268       1265
1265       1262
1262       1259
1259       1257
1257       1254
1254       1252
1252       1249
1249       1247
1247       1246
1246       1243
1243       1240
1240       1238
1238       1236
1236       1234
1234       1232
1232       1229
1229       1228
1228       1227
1227       1224
1224       1221
1221       1220
1220       1217
1217       1216
1216       1214
1214       1212
1212       1209
1209       1208
1208       1206
1206       1205
1205       1201
1201       1200
1200       1198
1198       1196
1196       1193
1193       1191
1191       1190
1190       1187
1187       1185
1185       1183
1183       1182
1182       1178
1178       1176
1176       1175
1175       1174
1174       1171
1171       1167
1167       1166
1166       1163
1163       1162
1162       1161
1161       1158
1158       1155
1155       1154
1154       1151
1151       1150
1150       1147
1147       1146
1146       1143
1143       1142
1142       1141
1141       1138
1138       1137
1137       1134
1134       1133
1133       1129
1129       1128
1128       1125
1125       1124
1124       1121
1121       1119
1119       1116
1116       1115
1115       1110
1110       1108
1108       1107
1107       1105
1105       1102
1102       1099
1099       1095
1095       1093
1093       1091
1091       1089
1089       1090
1090       1092
1092       1094
1094       1096
1096       1097
1097       1098
1098       1100
1100       1101
1101       1103
1103       1104
1104       1106
1106       1109
1109       1111
1111       1112
1112       1113
1113       1114
1114       1117
1117       1118
1118       1120
1120       1122
1122       1123
1123       1126
1126       1127
1127       1130
1130       1131
1131       1132
1132       1135
1135       1136
1136       1139
1139       1140
1140       1144
1144       1145
1145       1148
1148       1149
1149       1152
1152       1153
1153       1156
1156       1157
1157       1159
1159       1160
1160       1164
1164       1165
1165       1168
1168       1169
1169       1170
1170       1172
1172       1173
1173       1177
1177       1179
1179       1180
1180       1181
1181       1184
1184       1186
1186       1188
1188       1189
1356       1355
1355       1353
1353       1351
1351       1349
1349       1347
1347       1344
1344       1343
1343       1341
1341       1339
1339       1337
1337       1335
1335       1332
1332       1331
1331       1328
1328       1327
1327       1325
1325       1323
1323       1322
1322       1319
1319       1318
1318       1314
1314       1313
1313       1312
1312       1310
1310       1308
1308       1307
1307       1306
1306       1305
1305       1303
1303       1302
1302       1301
1301       1304
1304       1309
1309       1311
1311       1315
1315       1316
1316       1317
1317       1320
1320       1321
1321       1324
1324       1326
1326       1329
1329       1330
1330       1333
1333       1334
1334       1336
1336       1338
1338       1340
1340       1342
1342       1345
1345       1346
1346       1348
1348       1350
1350       1352
1352       1354
1354       1357
1357       1359
1359       1361
1361       1363
1363       1365
1365       1367
1367       1370
1370       1371
1371       1372
1372       1375
1375       1379
1379       1380
1380       1381
1381       1385
1385       1386
1386       1388
1388       1390
1390       1392
1392       1393
1393       1396
1396       1397
1397       1400
1400       1401
1401       1404
1404       1405
1405       1408
1408       1409
1409       1412
1412       1414
1414       1416
1416       1417
1417       1419
1419       1424
1424       1425
1425       1426
1426       1429
1429       1433
1433       1435
1435       1439
1439       1441
1441       1445
1445       1447
1447       1451
1451       1453
1453       1454
1454       1452
1452       1450
1450       1449
1449       1448
1448       1446
1446       1444
1444       1443
1443       1442
1442       1440
1440       1438
1438       1437
1437       1436
1436       1434
1434       1432
1432       1431
1431       1430
1430       1428
1428       1427
1427       1423
1423       1422
1422       1421
1421       1420
1420       1418
1418       1415
1415       1413
1413       1411
1411       1410
1410       1407
1407       1406
1406       1403
1403       1402
1402       1399
1399       1398
1398       1395
1395       1394
1394       1391
1391       1389
1389       1387
1387       1384
1384       1383
1383       1382
1382       1378
1378       1377
1377       1376
1376       1374
1374       1373
1373       1369
1369       1368
1368       1366
1366       1364
1364       1362
1362       1360
1360       1358
1358       1356
1466       1464
1464       1462
1462       1459
1459       1457
1457       1455
1455       1456
1456       1458
1458       1460
1460       1461
1461       1463
1463       1465
1465       1467
1467       1469
1469       1471
1471       1473
1473       1475
1475       1477
1477       1479
1479       1481
1481       1483
1483       1485
1485       1487
1487       1489
1489       1492
1492       1493
1493       1495
1495       1498
1498       1499
1499       1502
1502       1504
1504       1506
1506       1507
1507       1510
1510       1511
1511       1514
1514       1516
1516       1518
1518       1520
1520       1522
1522       1525
1525       1528
1528       1529
1529       1530
1530       1532
1532       1531
1531       1527
1527       1526
1526       1524
1524       1523
1523       1521
1521       1519
1519       1517
1517       1515
1515       1513
1513       1512
1512       1509
1509       1508
1508       1505
1505       1503
1503       1501
1501       1500
1500       1497
1497       1496
1496       1494
1494       1491
1491       1490
1490       1488
1488       1486
1486       1484
1484       1482
1482       1480
1480       1478
1478       1476
1476       1474
1474       1472
1472       1470
1470       1468
1468       1466
% Data (IsoLevel)
0.7700000000015
0.7700000000015
0.7700000000015
0.7700000000015
0.7700000000015
0.7700000000015
0.7700000000015
0.7700000000015
0.7700000000015
0.7700000000015
0.7700000000015
0.7700000000015
0.7700000000015
0.7700000000015
0.7700000000015
0.7700000000015
0.7700000000015
0.7700000000015
0.7700000000015
0.7700000000015
0.7700000000015
0.7700000000015
0.7700000000015
0.7700000000015
0.7700000000015
0.7700000000015
0.7700000000015
0.7700000000015
0.7700000000015
0.7700000000015
0.7700000000015
0.7700000000015
0.7700000000015
0.7700000000015
0.7700000000015
0.7700000000015
0.7700000000015
0.7700000000015
0.7700000000015
0.7700000000015
0.7700000000015
0.7700000000015
0.7700000000015
0.7700000000015
0.7700000000015
0.7700000000015
0.7700000000015
0.7700000000015
0.7700000000015
0.7700000000015
0.7700000000015
0.7700000000015
0.7700000000015
0.7700000000015
0.7700000000015
0.7700000000015
0.7700000000015
0.7700000000015
0.7700000000015
0.7700000000015
0.7700000000015
0.7700000000015
0.7700000000015
0.7700000000015
0.7700000000015
0.7700000000015
0.7700000000015
0.7700000000015
0.7700000000015
0.7700000000015
0.7700000000015
0.7700000000015
0.7700000000015
0.7700000000015
0.7700000000015
0.7700000000015
0.7700000000015
0.7700000000015
0.7700000000015
0.7700000000015
0.7700000000015
0.7700000000015
0.7700000000015
0.7700000000015
0.7700000000015
0.7700000000015
0.7700000000015
0.7700000000015
0.7700000000015
0.7700000000015
0.7700000000015
0.7700000000015
0.7700000000015
0.7700000000015
0.7700000000015
0.7700000000015
0.7700000000015
0.7700000000015
0.7700000000015
0.7700000000015
0.7700000000015
0.7700000000015
0.7700000000015
0.7700000000015
0.7700000000015
0.7700000000015
0.7700000000015
0.7700000000015
0.7700000000015
0.7700000000015
0.7700000000015
0.7700000000015
0.7700000000015
0.7700000000015
0.7700000000015
0.7700000000015
0.7700000000015
0.7700000000015
0.7700000000015
0.7700000000015
0.7700000000015
0.7700000000015
0.7700000000015
0.7700000000015
0.7700000000015
0.7700000000015
0.7700000000015
0.7700000000015
0.7700000000015
0.7700000000015
0.7700000000015
0.7700000000015
0.7700000000015
0.7700000000015
0.7700000000015
0.7700000000015
0.7700000000015
0.7700000000015
0.7700000000015
0.7700000000015
0.7700000000015
0.7700000000015
0.7700000000015
0.7700000000015
0.7700000000015
0.7700000000015
0.7700000000015
0.7700000000015
0.7700000000015
0.7700000000015
0.7700000000015
0.7700000000015
0.7700000000015
0.7700000000015
0.7700000000015
0.7700000000015
0.7700000000015
0.7700000000015
0.7700000000015
0.7700000000015
0.7700000000015
0.7700000000015
0.7700000000015
0.7700000000015
0.7700000000015
0.7700000000015
0.7700000000015
0.7700000000015
0.7700000000015
0.7700000000015
0.7700000000015
0.7700000000015
0.7700000000015
0.7700000000015
0.7700000000015
0.7700000000015
0.7700000000015
0.7700000000015
0.7700000000015
0.7700000000015
0.7700000000015
0.7700000000015
0.7700000000015
0.7700000000015
0.7700000000015
0.7700000000015
0.7700000000015
0.7700000000015
0.7700000000015
0.7700000000015
0.7700000000015
0.7700000000015
0.7700000000015
0.7700000000015
0.7700000000015
0.7700000000015
0.7700000000015
0.7700000000015
0.7700000000015
0.7700000000015
0.7700000000015
0.7700000000015
0.7700000000015
0.7700000000015
0.7700000000015
0.7700000000015
0.7700000000015
0.7700000000015
0.7700000000015
0.7700000000015
0.7700000000015
0.7700000000015
0.7700000000015
0.7700000000015
0.7700000000015
0.7700000000015
0.7700000000015
0.7700000000015
0.7700000000015
0.7700000000015
0.7700000000015
0.7700000000015
0.7700000000015
0.7700000000015
0.7700000000015
0.7700000000015
0.7700000000015
0.7700000000015
0.7700000000015
0.7700000000015
0.7700000000015
0.7700000000015
0.7700000000015
0.7700000000015
0.7700000000015
0.7700000000015
0.7700000000015
0.7700000000015
0.7700000000015
0.7700000000015
0.7700000000015
0.7700000000015
0.7700000000015
0.7700000000015
0.7700000000015
0.7700000000015
0.7700000000015
0.7700000000015
0.7700000000015
0.7700000000015
0.7700000000015
0.7700000000015
0.7700000000015
0.7700000000015
0.7700000000015
0.7700000000015
0.7700000000015
0.7700000000015
0.7700000000015
0.7700000000015
0.7700000000015
0.7700000000015
0.7700000000015
0.7700000000015
0.7700000000015
0.7700000000015
0.7700000000015
0.7700000000015
0.7700000000015
0.7700000000015
0.7700000000015
0.7700000000015
0.7700000000015
0.7700000000015
0.7700000000015
0.7700000000015
0.7700000000015
0.7700000000015
0.7700000000015
0.7700000000015
0.7700000000015
0.7700000000015
0.7700000000015
0.7700000000015
0.7700000000015
0.7700000000015
0.7700000000015
0.7700000000015
0.7700000000015
0.7700000000015
0.7700000000015
0.7700000000015
0.7700000000015
0.7700000000015
0.7700000000015
0.7700000000015
0.7700000000015
0.7700000000015
0.7700000000015
0.7700000000015
0.7700000000015
0.7700000000015
0.7700000000015
0.7700000000015
0.7700000000015
0.7700000000015
0.7700000000015
0.7700000000015
0.7700000000015
0.7700000000015
0.7700000000015
0.7700000000015
0.7700000000015
0.7700000000015
0.7700000000015
0.7700000000015
0.7700000000015
0.7700000000015
0.7700000000015
0.7700000000015
0.7700000000015
0.7700000000015
0.7700000000015
0.7700000000015
0.7700000000015
0.7700000000015
0.7700000000015
0.7700000000015
0.7700000000015
0.7700000000015
0.7700000000015
0.7700000000015
0.7700000000015
0.7700000000015
0.7700000000015
0.7700000000015
0.7700000000015
0.7700000000015
0.7700000000015
0.7700000000015
0.7700000000015
0.7700000000015
0.7700000000015
0.7700000000015
0.7700000000015
0.7700000000015
0.7700000000015
0.7700000000015
0.7700000000015
0.7700000000015
0.7700000000015
0.7700000000015
0.7700000000015
0.7700000000015
0.7700000000015
0.7700000000015
0.7700000000015
0.7700000000015
0.7700000000015
0.7700000000015
0.7700000000015
0.7700000000015
0.7700000000015
0.7700000000015
0.7700000000015
0.7700000000015
0.7700000000015
0.7700000000015
0.7700000000015
0.7700000000015
0.7700000000015
0.7700000000015
0.7700000000015
0.7700000000015
0.7700000000015
0.7700000000015
0.7700000000015
0.7700000000015
0.7700000000015
0.7700000000015
0.7700000000015
0.7700000000015
0.7700000000015
0.7700000000015
0.7700000000015
0.7700000000015
0.7700000000015
0.7700000000015
0.7700000000015
0.7700000000015
0.7700000000015
0.7700000000015
0.7700000000015
0.7700000000015
0.7700000000015
0.7700000000015
0.7700000000015
0.7700000000015
0.7700000000015
0.7700000000015
0.7700000000015
0.7700000000015
0.7700000000015
0.7700000000015
0.7700000000015
0.7700000000015
0.7700000000015
0.7700000000015
0.7700000000015
0.7700000000015
0.7700000000015
0.7700000000015
0.7700000000015
0.7700000000015
0.7700000000015
0.7700000000015
0.7700000000015
0.7700000000015
0.7700000000015
0.7700000000015
0.7700000000015
0.7700000000015
0.7700000000015
0.7700000000015
0.7700000000015
0.7700000000015
0.7700000000015
0.7700000000015
0.7700000000015
0.7700000000015
0.7700000000015
0.7700000000015
0.7700000000015
0.7700000000015
0.7700000000015
0.7700000000015
0.7700000000015
0.7700000000015
0.7700000000015
0.7700000000015
0.7700000000015
0.7700000000015
0.7700000000015
0.7700000000015
0.7700000000015
0.7700000000015
0.7700000000015
0.7700000000015
0.7700000000015
0.7700000000015
0.7700000000015
0.7700000000015
0.7700000000015
0.7700000000015
0.7700000000015
0.7700000000015
0.7700000000015
0.7700000000015
0.7700000000015
0.7700000000015
0.7700000000015
0.7700000000015
0.7700000000015
0.7700000000015
0.7700000000015
0.7700000000015
0.7700000000015
0.7700000000015
0.7700000000015
0.7700000000015
0.7700000000015
0.7700000000015
0.7700000000015
0.7700000000015
0.7700000000015
0.7700000000015
0.7700000000015
0.7700000000015
0.7700000000015
0.7700000000015
0.7700000000015
0.7700000000015
0.7700000000015
0.7700000000015
0.7700000000015
0.7700000000015
0.7700000000015
0.7700000000015
0.7700000000015
0.7700000000015
0.7700000000015
0.7700000000015
0.7700000000015
0.7700000000015
0.9700000000015
0.9700000000015
0.9700000000015
0.9700000000015
0.9700000000015
0.9700000000015
0.9700000000015
0.9700000000015
0.9700000000015
0.9700000000015
0.9700000000015
0.9700000000015
0.9700000000015
0.9700000000015
0.9700000000015
0.9700000000015
0.9700000000015
0.9700000000015
0.9700000000015
0.9700000000015
0.9700000000015
0.9700000000015
0.9700000000015
0.9700000000015
0.9700000000015
0.9700000000015
0.9700000000015
0.9700000000015
0.9700000000015
0.9700000000015
0.9700000000015
0.9700000000015
0.9700000000015
0.9700000000015
0.9700000000015
0.9700000000015
0.9700000000015
0.9700000000015
0.9700000000015
0.9700000000015
0.9700000000015
0.9700000000015
0.9700000000015
0.9700000000015
0.9700000000015
0.9700000000015
0.9700000000015
0.9700000000015
0.9700000000015
0.9700000000015
0.9700000000015
0.9700000000015
0.9700000000015
0.9700000000015
0.9700000000015
0.9700000000015
0.9700000000015
0.9700000000015
0.9700000000015
0.9700000000015
0.9700000000015
0.9700000000015
0.9700000000015
0.9700000000015
0.9700000000015
0.9700000000015
0.9700000000015
0.9700000000015
0.9700000000015
0.9700000000015
0.9700000000015
0.9700000000015
0.9700000000015
0.9700000000015
0.9700000000015
0.9700000000015
0.9700000000015
0.9700000000015
0.9700000000015
0.9700000000015
0.9700000000015
0.9700000000015
0.9700000000015
0.9700000000015
0.9700000000015
0.9700000000015
0.9700000000015
0.9700000000015
0.9700000000015
0.9700000000015
0.9700000000015
0.9700000000015
0.9700000000015
0.9700000000015
0.9700000000015
0.9700000000015
0.9700000000015
0.9700000000015
0.9700000000015
0.9700000000015
0.9700000000015
0.9700000000015
0.9700000000015
0.9700000000015
0.9700000000015
0.9700000000015
0.9700000000015
0.9700000000015
0.9700000000015
0.9700000000015
0.9700000000015
0.9700000000015
0.9700000000015
0.9700000000015
0.9700000000015
0.9700000000015
0.9700000000015
0.9700000000015
0.9700000000015
0.9700000000015
0.9700000000015
0.9700000000015
0.9700000000015
0.9700000000015
0.9700000000015
0.9700000000015
0.9700000000015
0.9700000000015
0.9700000000015
0.9700000000015
0.9700000000015
0.9700000000015
0.9700000000015
0.9700000000015
0.9700000000015
0.9700000000015
0.9700000000015
0.9700000000015
0.9700000000015
0.9700000000015
0.9700000000015
0.9700000000015
0.9700000000015
0.9700000000015
0.9700000000015
0.9700000000015
0.9700000000015
0.9700000000015
0.9700000000015
0.9700000000015
0.9700000000015
0.9700000000015
0.9700000000015
0.9700000000015
0.9700000000015
0.9700000000015
0.9700000000015
0.9700000000015
0.9700000000015
0.9700000000015
0.9700000000015
0.9700000000015
0.9700000000015
0.9700000000015
0.9700000000015
0.9700000000015
0.9700000000015
0.9700000000015
0.9700000000015
0.9700000000015
0.9700000000015
0.9700000000015
0.9700000000015
0.9700000000015
0.9700000000015
0.9700000000015
0.9700000000015
0.9700000000015
0.9700000000015
0.9700000000015
0.9700000000015
0.9700000000015
0.9700000000015
0.9700000000015
0.9700000000015
0.9700000000015
0.9700000000015
0.9700000000015
0.9700000000015
0.9700000000015
0.9700000000015
0.9700000000015
0.9700000000015
0.9700000000015
0.9700000000015
0.9700000000015
0.9700000000015
0.9700000000015
0.9700000000015
0.9700000000015
0.9700000000015
0.9700000000015
0.9700000000015
0.9700000000015
0.9700000000015
0.9700000000015
0.9700000000015
0.9700000000015
0.9700000000015
0.9700000000015
0.9700000000015
0.9700000000015
0.9700000000015
0.9700000000015
0.9700000000015
0.9700000000015
0.9700000000015
0.9700000000015
0.9700000000015
0.9700000000015
0.9700000000015
0.9700000000015
0.9700000000015
0.9700000000015
0.9700000000015
0.9700000000015
0.9700000000015
0.9700000000015
0.9700000000015
0.9700000000015
0.9700000000015
0.9700000000015
0.9700000000015
0.9700000000015
0.9700000000015
0.9700000000015
0.9700000000015
0.9700000000015
0.9700000000015
0.9700000000015
0.9700000000015
0.9700000000015
0.9700000000015
0.9700000000015
0.9700000000015
0.9700000000015
0.9700000000015
0.9700000000015
0.9700000000015
0.9700000000015
0.9700000000015
0.9700000000015
0.9700000000015
0.9700000000015
0.9700000000015
0.9700000000015
0.9700000000015
0.9700000000015
0.9700000000015
0.9700000000015
0.9700000000015
0.9700000000015
0.9700000000015
0.9700000000015
0.9700000000015
0.9700000000015
0.9700000000015
0.9700000000015
0.9700000000015
0.9700000000015
0.9700000000015
0.9700000000015
0.9700000000015
0.9700000000015
0.9700000000015
0.9700000000015
0.9700000000015
0.9700000000015
0.9700000000015
0.9700000000015
0.9700000000015
0.9700000000015
0.9700000000015
0.9700000000015
0.9700000000015
0.9700000000015
0.9700000000015
0.9700000000015
0.9700000000015
0.9700000000015
0.9700000000015
0.9700000000015
0.9700000000015
0.9700000000015
0.9700000000015
0.9700000000015
0.9700000000015
0.9700000000015
0.9700000000015
0.9700000000015
0.9700000000015
0.9700000000015
0.9700000000015
0.9700000000015
0.9700000000015
0.9700000000015
0.9700000000015
0.9700000000015
0.9700000000015
0.9700000000015
0.9700000000015
0.9700000000015
0.9700000000015
0.9700000000015
0.9700000000015
0.9700000000015
0.9700000000015
0.9700000000015
0.9700000000015
0.9700000000015
0.9700000000015
0.9700000000015
0.9700000000015
0.9700000000015
0.9700000000015
0.9700000000015
0.9700000000015
0.9700000000015
1.1700000000015
1.1700000000015
1.1700000000015
1.1700000000015
1.1700000000015
1.1700000000015
1.1700000000015
1.1700000000015
1.1700000000015
1.1700000000015
1.1700000000015
1.1700000000015
1.1700000000015
1.1700000000015
1.1700000000015
1.1700000000015
1.1700000000015
1.1700000000015
1.1700000000015
1.1700000000015
1.1700000000015
1.1700000000015
1.1700000000015
1.1700000000015
1.1700000000015
1.1700000000015
1.1700000000015
1.1700000000015
1.1700000000015
1.1700000000015
1.1700000000015
1.1700000000015
1.1700000000015
1.1700000000015
1.1700000000015
1.1700000000015
1.1700000000015
1.1700000000015
1.1700000000015
1.1700000000015
1.1700000000015
1.1700000000015
1.1700000000015
1.1700000000015
1.1700000000015
1.1700000000015
1.1700000000015
1.1700000000015
1.1700000000015
1.1700000000015
1.1700000000015
1.1700000000015
1.1700000000015
1.1700000000015
1.1700000000015
1.1700000000015
1.1700000000015
1.1700000000015
1.1700000000015
1.1700000000015
1.1700000000015
1.1700000000015
1.1700000000015
1.1700000000015
1.1700000000015
1.1700000000015
1.1700000000015
1.1700000000015
1.1700000000015
1.1700000000015
1.1700000000015
1.1700000000015
1.1700000000015
1.1700000000015
1.1700000000015
1.1700000000015
1.1700000000015
1.1700000000015
1.1700000000015
1.1700000000015
1.1700000000015
1.1700000000015
1.1700000000015
1.1700000000015
1.1700000000015
1.1700000000015
1.1700000000015
1.1700000000015
1.1700000000015
1.1700000000015
1.1700000000015
1.1700000000015
1.1700000000015
1.1700000000015
1.1700000000015
1.1700000000015
1.1700000000015
1.1700000000015
1.1700000000015
1.1700000000015
1.1700000000015
1.1700000000015
1.1700000000015
1.1700000000015
1.1700000000015
1.1700000000015
1.1700000000015
1.1700000000015
1.1700000000015
1.1700000000015
1.1700000000015
1.1700000000015
1.1700000000015
1.1700000000015
1.1700000000015
1.1700000000015
1.1700000000015
1.1700000000015
1.1700000000015
1.1700000000015
1.1700000000015
1.1700000000015
1.1700000000015
1.1700000000015
1.1700000000015
1.1700000000015
1.1700000000015
1.1700000000015
1.1700000000015
1.1700000000015
1.1700000000015
1.1700000000015
1.1700000000015
1.1700000000015
1.1700000000015
1.1700000000015
1.1700000000015
1.1700000000015
1.1700000000015
1.1700000000015
1.1700000000015
1.1700000000015
1.1700000000015
1.1700000000015
1.1700000000015
1.1700000000015
1.1700000000015
1.1700000000015
1.1700000000015
1.1700000000015
1.1700000000015
1.1700000000015
1.1700000000015
1.1700000000015
1.1700000000015
1.1700000000015
1.1700000000015
1.1700000000015
1.1700000000015
1.1700000000015
1.1700000000015
1.1700000000015
1.1700000000015
1.1700000000015
1.1700000000015
1.1700000000015
1.1700000000015
1.1700000000015
1.1700000000015
1.1700000000015
1.1700000000015
1.1700000000015
1.1700000000015
1.1700000000015
1.1700000000015
1.1700000000015
1.1700000000015
1.1700000000015
1.1700000000015
1.1700000000015
1.1700000000015
1.1700000000015
1.1700000000015
1.1700000000015
1.1700000000015
1.1700000000015
1.1700000000015
1.1700000000015
1.1700000000015
1.1700000000015
1.1700000000015
1.1700000000015
1.1700000000015
1.1700000000015
1.1700000000015
1.1700000000015
1.1700000000015
1.1700000000015
1.1700000000015
1.1700000000015
1.1700000000015
1.1700000000015
1.1700000000015
1.1700000000015
1.1700000000015
1.1700000000015
1.1700000000015
1.1700000000015
1.1700000000015
1.1700000000015
1.1700000000015
1.1700000000015
1.1700000000015
1.1700000000015
1.1700000000015
1.1700000000015
1.1700000000015
1.1700000000015
1.1700000000015
1.1700000000015
1.1700000000015
1.1700000000015
1.1700000000015
1.1700000000015
1.1700000000015
1.1700000000015
1.1700000000015
1.1700000000015
1.1700000000015
1.1700000000015
1.1700000000015
1.1700000000015
1.1700000000015
1.1700000000015
1.1700000000015
1.1700000000015
1.1700000000015
1.1700000000015
1.1700000000015
1.1700000000015
1.1700000000015
1.1700000000015
1.1700000000015
1.1700000000015
1.1700000000015
1.1700000000015
1.1700000000015
1.1700000000015
1.1700000000015
1.1700000000015
1.1700000000015
1.1700000000015
1.1700000000015
1.1700000000015
1.1700000000015
1.1700000000015
1.1700000000015
1.1700000000015
1.1700000000015
1.1700000000015
1.1700000000015
1.1700000000015
1.1700000000015
1.1700000000015
1.1700000000015
1.1700000000015
1.3699999999995
1.3699999999995
1.3699999999995
1.3699999999995
1.3699999999995
1.3699999999995
1.3699999999995
1.3699999999995
1.3699999999995
1.3699999999995
1.3699999999995
1.3699999999995
1.3699999999995
1.3699999999995
1.3699999999995
1.3699999999995
1.3699999999995
1.3699999999995
1.3699999999995
1.3699999999995
1.3699999999995
1.3699999999995
1.3699999999995
1.3699999999995
1.3699999999995
1.3699999999995
1.3699999999995
1.3699999999995
1.3699999999995
1.3699999999995
1.3699999999995
1.3699999999995
1.3699999999995
1.3699999999995
1.3699999999995
1.3699999999995
1.3699999999995
1.3699999999995
1.3699999999995
1.3699999999995
1.3699999999995
1.3699999999995
1.3699999999995
1.3699999999995
1.3699999999995
1.3699999999995
1.3699999999995
1.3699999999995
1.3699999999995
1.3699999999995
1.3699999999995
1.3699999999995
1.3699999999995
1.3699999999995
1.3699999999995
1.3699999999995
1.3699999999995
1.3699999999995
1.3699999999995
1.3699999999995
1.3699999999995
1.3699999999995
1.3699999999995
1.3699999999995
1.3699999999995
1.3699999999995
1.3699999999995
1.3699999999995
1.3699999999995
1.3699999999995
1.3699999999995
1.3699999999995
1.3699999999995
1.3699999999995
1.3699999999995
1.3699999999995
1.3699999999995
1.3699999999995
1.3699999999995
1.3699999999995
1.3699999999995
1.3699999999995
1.3699999999995
1.3699999999995
1.3699999999995
1.3699999999995
1.3699999999995
1.3699999999995
1.3699999999995
1.3699999999995
1.3699999999995
1.3699999999995
1.3699999999995
1.3699999999995
1.3699999999995
1.3699999999995
1.3699999999995
1.3699999999995
1.3699999999995
1.3699999999995
1.3699999999995
1.3699999999995
1.3699999999995
1.3699999999995
1.3699999999995
1.3699999999995
1.3699999999995
1.3699999999995
1.3699999999995
1.3699999999995
1.3699999999995
1.3699999999995
1.3699999999995
1.3699999999995
1.3699999999995
1.3699999999995
1.3699999999995
1.3699999999995
1.3699999999995
1.3699999999995
1.3699999999995
1.3699999999995
1.3699999999995
1.3699999999995
1.3699999999995
1.3699999999995
1.3699999999995
1.3699999999995
1.3699999999995
1.3699999999995
1.3699999999995
1.3699999999995
1.3699999999995
1.3699999999995
1.3699999999995
1.3699999999995
1.3699999999995
1.3699999999995
1.3699999999995
1.3699999999995
1.3699999999995
1.3699999999995
1.3699999999995
1.3699999999995
1.3699999999995
1.3699999999995
1.3699999999995
1.3699999999995
1.3699999999995
1.3699999999995
1.3699999999995
1.3699999999995
1.3699999999995
1.3699999999995
1.3699999999995
1.3699999999995
1.3699999999995
1.3699999999995
1.3699999999995
1.3699999999995
1.3699999999995
1.3699999999995
1.3699999999995
1.3699999999995
1.3699999999995
1.3699999999995
1.3699999999995
1.3699999999995
1.3699999999995
1.3699999999995
1.3699999999995
1.3699999999995
1.3699999999995
1.3699999999995
1.3699999999995
1.3699999999995
1.3699999999995
1.3699999999995
1.3699999999995
1.3699999999995
1.3699999999995
1.3699999999995
1.3699999999995
1.3699999999995
1.3699999999995
1.3699999999995
1.3699999999995
1.3699999999995
1.3699999999995
1.3699999999995
1.3699999999995
1.3699999999995
1.3699999999995
1.3699999999995
1.3699999999995
1.3699999999995
1.3699999999995
1.3699999999995
1.3699999999995
1.3699999999995
1.3699999999995
1.3699999999995
1.3699999999995
1.3699999999995
1.3699999999995
1.3699999999995
1.3699999999995
1.3699999999995
1.3699999999995
1.3699999999995
1.3699999999995
1.3699999999995
1.5699999999995
1.5699999999995
1.5699999999995
1.5699999999995
1.5699999999995
1.5699999999995
1.5699999999995
1.5699999999995
1.5699999999995
1.5699999999995
1.5699999999995
1.5699999999995
1.5699999999995
1.5699999999995
1.5699999999995
1.5699999999995
1.5699999999995
1.5699999999995
1.5699999999995
1.5699999999995
1.5699999999995
1.5699999999995
1.5699999999995
1.5699999999995
1.5699999999995
1.5699999999995
1.5699999999995
1.5699999999995
1.5699999999995
1.5699999999995
1.5699999999995
1.5699999999995
1.5699999999995
1.5699999999995
1.5699999999995
1.5699999999995
1.5699999999995
1.5699999999995
1.5699999999995
1.5699999999995
1.5699999999995
1.5699999999995
1.5699999999995
1.5699999999995
1.5699999999995
1.5699999999995
1.5699999999995
1.5699999999995
1.5699999999995
1.5699999999995
1.5699999999995
1.5699999999995
1.5699999999995
1.5699999999995
1.5699999999995
1.5699999999995
1.5699999999995
1.5699999999995
1.5699999999995
1.5699999999995
1.5699999999995
1.5699999999995
1.5699999999995
1.5699999999995
1.5699999999995
1.5699999999995
1.5699999999995
1.5699999999995
1.5699999999995
1.5699999999995
1.5699999999995
1.5699999999995
1.5699999999995
1.5699999999995
1.5699999999995
1.5699999999995
1.5699999999995
1.5699999999995
1.5699999999995
1.5699999999995
1.5699999999995
1.5699999999995
1.5699999999995
1.5699999999995
1.5699999999995
1.5699999999995
1.5699999999995
1.5699999999995
1.5699999999995
1.5699999999995
1.5699999999995
1.5699999999995
1.5699999999995
1.5699999999995
1.5699999999995
1.5699999999995
1.5699999999995
1.5699999999995
1.5699999999995
1.5699999999995
1.5699999999995
1.5699999999995
1.5699999999995
1.5699999999995
1.5699999999995
1.5699999999995
1.5699999999995
1.5699999999995
1.5699999999995
1.5699999999995
1.5699999999995
1.5699999999995
1.5699999999995
1.5699999999995
1.5699999999995
1.5699999999995
1.5699999999995
1.5699999999995
1.5699999999995
1.5699999999995
1.5699999999995
1.5699999999995
1.5699999999995
1.5699999999995
1.5699999999995
1.5699999999995
1.5699999999995
1.5699999999995
1.5699999999995
1.5699999999995
1.5699999999995
1.5699999999995
1.5699999999995
1.5699999999995
1.5699999999995
1.5699999999995
1.5699999999995
1.5699999999995
1.5699999999995
1.5699999999995
1.5699999999995
1.5699999999995
1.5699999999995
1.5699999999995
1.5699999999995
1.5699999999995
1.5699999999995
1.5699999999995
1.5699999999995
1.5699999999995
1.5699999999995
1.5699999999995
1.5699999999995
1.5699999999995
1.7699999999995
1.7699999999995
1.7699999999995
1.7699999999995
1.7699999999995
1.7699999999995
1.7699999999995
1.7699999999995
1.7699999999995
1.7699999999995
1.7699999999995
1.7699999999995
1.7699999999995
1.7699999999995
1.7699999999995
1.7699999999995
1.7699999999995
1.7699999999995
1.7699999999995
1.7699999999995
1.7699999999995
1.7699999999995
1.7699999999995
1.7699999999995
1.7699999999995
1.7699999999995
1.7699999999995
1.7699999999995
1.7699999999995
1.7699999999995
1.7699999999995
1.7699999999995
1.7699999999995
1.7699999999995
1.7699999999995
1.7699999999995
1.7699999999995
1.7699999999995
1.7699999999995
1.7699999999995
1.7699999999995
1.7699999999995
1.7699999999995
1.7699999999995
1.7699999999995
1.7699999999995
1.7699999999995
1.7699999999995
1.7699999999995
1.7699999999995
1.7699999999995
1.7699999999995
1.7699999999995
1.7699999999995
1.7699999999995
1.7699999999995
1.7699999999995
1.7699999999995
1.7699999999995
1.7699999999995
1.7699999999995
1.7699999999995
1.7699999999995
1.7699999999995
1.7699999999995
1.7699999999995
1.7699999999995
1.7699999999995
1.7699999999995
1.7699999999995
1.7699999999995
1.7699999999995
1.7699999999995
1.7699999999995
1.7699999999995
1.7699999999995
1.7699999999995
1.7699999999995
